updateddate,addeddate,reportdate,goggles,mechvent_tech,icu_nurse,respthe,shoe_cover,pulmo,medtech,gloves,face_shield,resident,gown,hfhudcode,ic_specialist,n95mask,er_nurse,id_specialist,ward_nurse,id,surgmask,head_cover,cfname
2020-04-10 17:27:15,2020-04-10 17:27:15,2020-04-10,0,0,0,0,0,0,1,4,0,5,0,DOH000000000000143,1899-12-30,0,0,0,7,540,0,0,ELVIN U. MASIGAN INTEGRATED MEMORIAL HOSPITAL
2020-04-10 17:20:58,2020-04-10 17:20:58,2020-04-10,246,0,9,2,440,3,3,11,103,10,148,DOH000000000000268,1899-12-31,300,0,2,25,539,350,100,DAVAO REGIONAL MEDICAL CENTER
2020-04-10 10:26:55,2020-04-10 10:26:55,2020-04-10,0,0,0,0,0,0,0,1,7,0,0,DOH000000000000323,1899-12-30,0,0,0,0,315,0,0,BUNGABONG-SANICO MEDICAL CLINIC & MATERNITY HOSPITAL
2020-04-11 15:12:31,2020-04-11 15:12:31,2020-04-11,7,0,0,0,1,0,0,10,50,0,11,DOH000000000000338,1899-12-30,0,0,0,0,605,0,3,VIACRUCIS MEDICAL HOSPITAL
2020-04-10 15:25:00,2020-04-10 15:25:00,2020-04-10,0,0,0,0,0,0,0,3,0,0,0,DOH000000000000363,1899-12-30,0,0,0,0,403,3,0,DR. ROBOSA HOSPITAL
2020-04-10 21:24:14,2020-04-10 21:24:14,2020-04-10,2,0,0,0,0,0,0,3,8,0,7,DOH000000000000377,1899-12-30,0,0,0,0,567,10,0,"DAVAO MEDIQUEST HOSPITAL, INC."
2020-04-10 16:48:34,2020-04-10 16:48:34,2020-04-10,0,0,0,0,0,0,0,3,23,0,10,DOH000000000000384,1899-12-30,0,0,0,0,520,2,50,LYCEUM OF APARRI HOSPITAL
2020-04-03 4:02:07,2020-04-03 4:02:07,2020-04-03,0,0,0,0,0,0,0,50,23,0,10,DOH000000000000384,1899-12-30,0,0,0,0,176,0,50,LYCEUM OF APARRI HOSPITAL
2020-04-10 11:19:13,2020-04-10 11:19:13,2020-04-10,27,0,0,0,10,0,0,56,57,0,18,DOH000000000000385,1899-12-30,1,0,0,0,327,17,500,OUR LADY MEDIATRIX HOSPITAL
2020-04-03 3:26:03,2020-04-03 3:26:03,2020-04-03,18,0,0,0,100,0,0,50,18,0,18,DOH000000000000389,1899-12-30,5,0,0,0,142,50,100,"LEON D. HERNANDEZ MEMORIAL HOSPITAL, INC."
2020-04-10 16:09:12,2020-04-10 16:09:12,2020-04-10,0,0,0,0,0,0,0,10,20,0,10,DOH000000000000390,1899-12-30,0,0,0,0,475,5,50,"TANCHULING GENERAL HOSPITAL, INC."
2020-04-10 16:27:40,2020-04-10 16:27:40,2020-04-10,0,0,0,0,0,0,0,3,30,0,10,DOH000000000000461,1899-12-30,0,0,0,0,498,10,0,CRISPIN M. PARAGAS MEMORIAL HOSPITAL (Curuan)
2020-04-10 9:56:42,2020-04-10 9:56:42,2020-04-10,0,0,0,0,0,0,0,2,0,0,2,DOH000000000000471,1899-12-30,0,0,0,0,310,2,10,DELBERT JON'S POLYCLINIC INCORPORATED
2020-04-10 15:39:25,2020-04-10 15:39:25,2020-04-10,0,0,0,0,0,0,0,5,10,0,0,DOH000000000000472,1899-12-30,2,0,0,0,418,10,10,"DIGNUM FOUNDATION HOSPITAL, INC."
2020-04-10 16:22:00,2020-04-10 16:22:00,2020-04-10,0,0,0,0,0,0,0,0,0,0,0,DOH000000000000477,1899-12-30,0,0,0,0,491,0,0,DRAZEN COMMUNITY HOSPITAL
2020-04-07 16:20:40,2020-04-07 16:20:40,2020-04-07,0,0,0,0,0,0,0,0,0,0,0,DOH000000000000553,1899-12-30,0,0,0,0,272,0,0,GINGOOG SANITARIUM AND HOSPITAL
2020-04-10 15:55:52,2020-04-10 15:55:52,2020-04-10,0,0,0,0,0,0,0,0,0,0,0,DOH000000000000579,1899-12-30,0,0,0,0,446,0,0,JAMELARIN HOSPITAL
2020-04-12 15:59:09,2020-04-12 15:59:09,2020-04-12,293,0,0,0,225,0,0,92,1137,0,279,DOH000000000000587,1899-12-30,58,0,0,0,622,26,400,J.R. BORJA GENERAL HOSPITAL
2020-04-03 4:10:15,2020-04-03 4:10:15,2020-04-03,23,0,0,0,10,0,0,105,28,0,102,DOH000000000000672,1899-12-30,7,0,0,0,179,52,2074,MINDANAO MEDICAL CENTER
2020-04-10 15:45:19,2020-04-10 15:28:17,2020-04-10,5,0,0,0,0,0,0,80,0,0,32,DOH000000000000672,1899-12-30,10,0,0,0,410,27,827,MINDANAO MEDICAL CENTER
2020-04-10 16:10:23,2020-04-10 16:10:23,2020-04-10,0,0,0,0,0,0,0,2,0,0,2,DOH000000000000757,1899-12-30,0,0,0,0,478,2,18,ST. CLAIRE HOSPITAL
2020-04-03 2:15:36,2020-04-03 2:15:36,2020-04-03,0,0,0,0,0,0,0,2,0,0,2,DOH000000000000757,1899-12-30,0,0,0,0,123,2,20,ST. CLAIRE HOSPITAL
2020-04-07 8:57:33,2020-04-07 8:57:33,2020-04-07,0,0,0,0,0,0,0,2,0,0,2,DOH000000000000757,1899-12-30,0,0,0,0,265,2,18,ST. CLAIRE HOSPITAL
2020-03-31 12:47:54,2020-03-31 12:47:54,2020-03-31,12,0,0,0,20,0,1,7,22,0,12,DOH000000000000770,1899-12-30,8,0,0,0,43,8,108,ST. MARTIN'S MISSION HOSPITAL
2020-04-10 16:32:22,2020-04-10 16:32:22,2020-04-10,12,0,0,0,0,0,0,100,1,0,8,DOH000000000001656,1899-12-30,2,0,0,0,500,36,50,BUKIDNON PROVINCIAL HOSPITAL - KALILANGAN
2020-04-10 16:35:06,2020-04-10 16:35:06,2020-04-10,30,0,0,0,0,0,0,2,20,0,0,DOH000000000001663,1899-12-30,0,0,0,0,507,1,0,CARAMOAN MUNICIPAL HOSPITAL
2020-04-10 16:50:18,2020-04-10 16:50:18,2020-04-10,21,0,0,0,62,0,0,2,30,0,28,DOH000000000001668,1899-12-30,25,0,0,0,523,4,33,VICE GOVERNOR FRANCISCO PONCE DE LEON MEMORIAL HOSPITAL
2020-04-04 11:50:25,2020-04-04 11:50:25,2020-04-04,22,0,0,0,16,0,0,0,0,0,15,DOH000000000001668,1899-12-30,4,0,0,0,232,0,115,VICE GOVERNOR FRANCISCO PONCE DE LEON MEMORIAL HOSPITAL
2020-04-12 9:45:54,2020-04-12 9:45:54,2020-04-12,70,0,0,0,100,0,1,30,2,3,55,DOH000000000001880,1899-12-30,2,0,0,4,614,10,400,PALANAN STATION HOSPITAL
2020-04-10 9:25:17,2020-04-10 9:25:17,2020-04-10,5,0,0,0,20,0,0,3,8,0,10,DOH000000000001933,1899-12-30,10,0,0,0,304,3,30,MIRANDA FAMILY HOSPITAL
2020-04-10 16:19:21,2020-04-10 16:19:21,2020-04-10,0,0,0,0,0,0,0,1,16,0,6,DOH000000000001955,1899-12-30,0,0,0,0,488,1,0,MAGTABOG GENERAL HOSPITAL
2020-04-10 15:59:19,2020-04-10 15:59:19,2020-04-10,0,0,0,0,0,0,0,0,0,0,0,DOH000000000002129,1899-12-30,0,0,0,4,455,0,0,CLAVERIA DISTRICT HOSPITAL
2020-04-10 15:46:26,2020-04-10 15:46:26,2020-04-10,10,0,0,0,10,0,0,4,8,0,6,DOH000000000002154,1899-12-30,14,0,0,0,426,66,90,LORETO MUNICIPAL HOSPITAL
2020-04-10 8:47:10,2020-04-10 8:47:10,2020-04-10,2,0,0,0,0,0,0,2,20,0,5,DOH000000000002452,1899-12-30,0,0,0,0,292,2,100,LILOY INTEGRATED HEALTH DISTRICT HOSPITAL
2020-04-10 16:23:14,2020-04-10 16:23:14,2020-04-10,10,0,0,0,7,0,0,0,10,0,3,DOH000000000002490,1899-12-30,0,0,0,0,495,0,10,AMOROSO MEDICAL CLINIC
2020-04-03 4:28:31,2020-04-03 4:28:31,2020-04-03,10,0,0,0,7,0,0,2,10,0,5,DOH000000000002490,1899-12-30,0,0,0,0,190,0,25,AMOROSO MEDICAL CLINIC
2020-04-03 3:37:25,2020-04-03 3:37:25,2020-04-03,17,0,0,0,70,0,0,50,93,0,50,DOH000000000002495,1899-12-30,4,0,0,0,157,0,150,SAN CARLOS DOCTORS' HOSPITAL
2020-04-10 15:43:35,2020-04-10 15:43:35,2020-04-10,15,0,0,0,70,0,0,20,30,0,46,DOH000000000002495,1899-12-30,4,0,0,0,423,0,350,SAN CARLOS DOCTORS' HOSPITAL
2020-04-03 12:29:20,2020-04-03 12:29:20,2020-04-03,20,0,0,0,0,0,0,10,0,0,3,DOH000000000002597,1899-12-30,1,0,0,0,101,3,200,"ST. JOHN GENERAL HOSPITAL OF BUUG, INC."
2020-04-10 16:45:07,2020-04-10 16:45:07,2020-04-10,18,0,0,0,0,0,0,9,0,0,9,DOH000000000002597,1899-12-30,0,0,0,0,518,1,150,"ST. JOHN GENERAL HOSPITAL OF BUUG, INC."
2020-04-10 13:58:01,2020-04-10 13:58:01,2020-04-10,2,0,0,0,0,0,0,2,10,0,8,DOH000000000002752,1899-12-30,1,0,0,0,365,2,10,CARLOS P. ACOSTA CLINIC & HOSPITAL
2020-04-10 16:27:27,2020-04-10 16:27:27,2020-04-10,0,0,0,0,5,0,1,5,15,1,6,DOH000000000002843,1899-12-30,8,0,0,1,497,2,25,JABONGA MUNICIPAL HOSPITAL
2020-04-03 11:01:50,2020-04-03 11:01:50,2020-04-03,15,0,0,0,0,0,1,300,0,2,0,DOH000000000002851,1899-12-30,0,0,0,5,93,0,100,SOCORRO DISTRICT HOSPITAL
2020-04-10 16:31:44,2020-04-10 16:31:44,2020-04-10,5,0,0,0,0,0,1,350,0,2,0,DOH000000000002851,1899-12-30,1,0,0,6,499,2,50,SOCORRO DISTRICT HOSPITAL
2020-04-03 3:35:35,2020-04-03 3:35:35,2020-04-03,5,0,0,0,0,0,0,40,10,0,5,DOH000000000002993,1899-12-30,0,0,0,0,154,20,200,"ANDA RIVERVIEW MEDICAL CENTER, INC."
2020-04-03 2:54:08,2020-04-03 2:54:08,2020-04-03,2,0,0,0,0,0,0,20,20,0,50,DOH000000000003315,1899-12-30,12,0,0,0,127,40,2700,ABELLA MIDWAY HOSPITAL
2020-04-10 17:30:34,2020-04-10 17:30:34,2020-04-10,4,0,0,0,0,0,0,20,15,0,6,DOH000000000003441,1899-12-30,0,0,0,0,541,0,50,DR. BONIFACIA V. ALBANO MEMORIAL HOSPITAL
2020-04-03 3:19:13,2020-04-03 3:19:13,2020-04-03,3,0,0,0,25,0,2,5,25,0,25,DOH000000000003553,1899-12-30,0,0,0,4,135,5,25,PALAWAN BAPTIST HOSPITAL
2020-04-03 1:29:03,2020-04-03 1:29:03,2020-04-03,3,0,0,0,5,0,0,3,40,0,25,DOH000000000003555,1899-12-30,1,0,0,0,107,5,4,SPECIALIST GROUP HOSPITAL AND TRAUMA CENTER
2020-04-11 8:30:21,2020-04-11 8:30:21,2020-04-11,2,0,0,0,500,0,0,500,0,0,300,DOH000000000003561,1899-12-30,1,0,0,0,580,10,1000,MANUEL J. SANTOS HOSPITAL
2020-04-03 1:53:40,2020-04-03 1:53:40,2020-04-03,2,0,0,0,240,0,0,62,90,0,350,DOH000000000003561,1899-12-30,10,0,0,0,113,2,1200,MANUEL J. SANTOS HOSPITAL
2020-04-10 15:39:16,2020-04-10 15:39:16,2020-04-10,1,0,0,0,0,0,0,3,50,0,10,DOH000000000003562,1899-12-30,1,0,0,0,417,0,8,TRIFON SAILE MEMORIAL HOSPITAL
2020-04-03 18:46:07,2020-04-03 18:46:07,2020-04-03,0,0,0,0,76,0,0,308,77,0,9,DOH000000000003620,1899-12-30,11,0,0,0,220,252,7000,SORSOGON MEDICAL MISSION GROUP HOSPITAL AND HEALTH SERVICES
2020-03-30 12:24:23,2020-03-30 12:24:23,2020-03-30,73,0,0,0,26,0,0,334,21,0,0,DOH000000000003620,1899-12-30,13,0,0,0,33,19,10000,SORSOGON MEDICAL MISSION GROUP HOSPITAL AND HEALTH SERVICES
2020-04-10 18:34:46,2020-04-10 18:34:46,2020-04-10,0,0,0,0,50,0,0,700,106,0,13,DOH000000000003620,1899-12-30,6,0,0,0,550,140,4900,SORSOGON MEDICAL MISSION GROUP HOSPITAL AND HEALTH SERVICES
2020-04-03 17:58:18,2020-04-03 17:58:18,2020-04-03,0,0,0,0,0,0,0,0,40,0,7,DOH000000000003751,1899-12-30,0,0,0,0,217,0,25,MEDICAL MISSION GROUP HOSPITAL AND HEALTH SERVICES COOPERATI
2020-04-10 13:19:08,2020-04-10 13:19:08,2020-04-10,0,0,0,0,0,0,0,20,40,0,45,DOH000000000003751,1899-12-30,0,0,0,0,353,65,0,MEDICAL MISSION GROUP HOSPITAL AND HEALTH SERVICES COOPERATI
2020-04-03 4:22:42,2020-04-03 4:22:42,2020-04-03,3,0,0,0,5,0,0,2,40,0,5,DOH000000000003758,1899-12-30,0,0,0,0,186,19,5,BUGASONG MEDICARE COMMUNITY HOSPITAL
2020-04-10 15:35:58,2020-04-10 15:35:58,2020-04-10,4,0,0,0,6,0,0,2,40,0,11,DOH000000000003758,1899-12-30,0,0,0,0,416,14,6,BUGASONG MEDICARE COMMUNITY HOSPITAL
2020-04-10 16:16:24,2020-04-10 16:16:24,2020-04-10,0,0,0,0,0,0,0,0,0,0,0,DOH000000000003764,1899-12-30,0,0,0,0,485,0,0,BONGCAS HOLY CHILD HOSPITAL
2020-04-10 14:44:31,2020-04-10 14:44:31,2020-04-10,1,0,0,0,1,0,0,6,5,0,0,DOH000000000003928,1899-12-30,3,0,0,0,380,2,0,LIANGA DISTRICT HOSPITAL
2020-04-03 17:13:21,2020-04-03 17:13:21,2020-04-03,1,0,0,0,0,0,0,5,0,0,0,DOH000000000003928,1899-12-30,3,0,0,0,210,3,0,LIANGA DISTRICT HOSPITAL
2020-04-11 9:14:09,2020-04-11 9:14:09,2020-04-11,0,0,0,0,0,0,0,0,0,0,0,DOH000000000003975,1899-12-30,0,0,0,0,583,0,0,NUESTRO ESPIRITU MEDICAL-SURGICAL AND DIAGNOSTIC CLINIC
2020-04-10 8:06:27,2020-04-10 8:06:27,2020-04-10,0,0,0,0,0,0,0,83,0,0,0,DOH000000000004052,1899-12-30,7,0,0,0,284,18,389,ITBAYAT DISTRICT HOSPITAL
2020-04-10 19:02:00,2020-04-10 19:02:00,2020-04-10,49,0,0,0,0,0,0,97,225,0,266,DOH000000000004076,1899-12-30,998,0,0,0,553,480,266,"ADVENTIST HOSPITAL-DAVAO, INC."
2020-04-03 21:10:24,2020-04-03 21:10:24,2020-04-03,5,0,0,0,0,0,0,100,200,0,106,DOH000000000004076,1899-12-30,700,0,0,0,226,160,106,"ADVENTIST HOSPITAL-DAVAO, INC."
2020-04-10 20:00:18,2020-04-10 20:00:18,2020-04-10,0,0,0,0,0,0,0,0,0,0,0,DOH000000000004256,1899-12-30,0,0,0,0,561,0,0,DR. SOFRONIO B. GARCIA MEMORIAL HOSPITAL
2020-04-10 17:02:22,2020-04-10 17:02:22,2020-04-10,5,0,0,0,200,0,0,150,50,0,300,DOH000000000004517,1899-12-30,15,0,0,0,529,50,150,"DR. MARCELO M. CHAN MEMORIAL HOSPITAL, INC."
2020-04-03 12:13:25,2020-04-03 12:13:25,2020-04-03,0,0,0,0,0,0,0,1,0,1,0,DOH000000000004522,1899-12-30,0,0,0,1,99,1,0,SEÑOR TESORO HOSPITAL
2020-04-03 3:24:28,2020-04-03 3:24:28,2020-04-03,630,0,0,0,0,0,0,3992,0,0,710,DOH000000000004534,1899-12-30,86,0,0,0,139,963,600,DAVAO DOCTORS HOSPITAL
2020-04-10 14:58:59,2020-04-10 14:58:59,2020-04-10,0,0,0,0,640,0,0,3418,0,0,295,DOH000000000004534,1899-12-30,696,0,0,0,390,802,7200,DAVAO DOCTORS HOSPITAL
2020-04-10 16:09:10,2020-04-10 16:09:10,2020-04-10,1,0,0,0,1,0,0,2,0,0,1,DOH000000000004568,1899-12-30,0,0,0,0,474,2,20,SARANGANI MUNICIPAL HOSP.
2020-04-11 6:59:57,2020-04-11 6:59:57,2020-04-11,30,0,0,0,100,0,0,10,70,0,50,DOH000000000004637,1899-12-30,5,0,0,0,573,5,100,"NAZARETH GENERAL HOSPITAL, INC."
2020-03-29 11:09:14,2020-03-29 11:09:14,2020-03-29,6,0,0,0,20,0,0,3,10,0,6,DOH000000000004637,1899-12-30,1,0,0,0,23,3,20,"NAZARETH GENERAL HOSPITAL, INC."
2020-04-05 7:05:41,2020-04-05 7:05:41,2020-04-05,30,0,0,0,50,0,0,10,30,0,50,DOH000000000004637,1899-12-30,2,0,0,0,245,5,50,"NAZARETH GENERAL HOSPITAL, INC."
2020-04-10 12:15:06,2020-04-10 12:15:06,2020-04-10,0,0,0,0,0,0,0,0,0,0,0,DOH000000000004692,1899-12-30,0,0,0,0,339,0,0,NEW BULAN ST. JUDE MEDICAL CLINIC
2020-04-12 3:41:34,2020-04-12 3:41:34,2020-04-12,14,0,0,0,82,0,0,11,44,0,16,DOH000000000004797,1899-12-30,5,0,0,0,612,22,382,OZAMIS CITY SAINT JOSEPH GENERAL HOSPITAL
2020-04-04 16:30:59,2020-04-04 16:30:59,2020-04-04,10,0,0,0,100,0,0,10,40,0,20,DOH000000000004797,1899-12-30,5,0,0,0,240,200,400,OZAMIS CITY SAINT JOSEPH GENERAL HOSPITAL
2020-04-10 13:15:53,2020-04-10 13:15:53,2020-04-10,7,0,0,0,0,0,0,15,100,0,7,DOH000000000004926,1899-12-30,4,0,0,0,352,20,1000,GIG OCA ROBLES SEAMEN?S HOSPITAL DAVAO
2020-04-03 3:28:18,2020-04-03 3:28:18,2020-04-03,7,0,0,0,0,0,0,15,100,0,7,DOH000000000004926,1899-12-30,4,0,0,0,147,20,1000,GIG OCA ROBLES SEAMEN?S HOSPITAL DAVAO
2020-04-10 12:07:03,2020-04-10 12:07:03,2020-04-10,8,0,0,0,8,0,0,100,10,0,8,DOH000000000004957,1899-12-30,0,0,0,0,337,20,8,OLUTANGA MUNICIPAL HOSPITAL
2020-04-10 15:14:04,2020-04-10 15:14:04,2020-04-10,15,0,0,0,10,0,0,3,40,0,35,DOH000000000004959,1899-12-30,0,0,0,0,398,1,75,MAYOR JOAQUIN MACIAS MEMORIAL INFIRMARY
2020-04-10 14:37:17,2020-04-10 14:37:17,2020-04-10,80,0,0,0,175,0,0,7,18,0,217,DOH000000000004969,1899-12-30,2,0,0,0,376,16,337,CAMP NAVARRO GENERAL HOSPITAL
2020-04-10 15:41:17,2020-04-10 15:41:17,2020-04-10,0,0,0,0,8,0,0,61,191,0,40,DOH000000000005127,1899-12-30,4,0,0,0,421,71,327,"ADVENTIST MEDICAL CENTER-VALENCIA CITY, INC."
2020-04-10 15:59:19,2020-04-10 15:59:19,2020-04-10,4,0,0,0,3,0,0,6,10,0,5,DOH000000000005446,1899-12-30,6,0,0,0,456,0,5,PATHFINDER ESTATE HOSPITAL
2020-04-03 3:12:53,2020-04-03 3:12:53,2020-04-03,4,0,0,0,1,0,0,6,5,0,4,DOH000000000005446,1899-12-30,6,0,0,0,134,1,6,PATHFINDER ESTATE HOSPITAL
2020-04-03 16:41:44,2020-04-03 16:41:44,2020-04-03,0,0,0,0,2,0,0,3,50,0,3,DOH000000000005566,1899-12-30,0,0,0,0,199,3,10,"PLTC, INC. LUIS A. TIAM MEDICAL CENTER"
2020-04-04 13:03:38,2020-04-04 13:03:38,2020-04-04,45,0,0,0,157,0,0,22,40,0,76,DOH000000000005811,1899-12-30,6,0,0,0,235,20,300,"RICARDO LIMSO MEDICAL CENTER, INC."
2020-04-10 8:33:03,2020-04-10 8:33:03,2020-04-10,41,0,0,0,135,0,0,20,49,0,61,DOH000000000005811,1899-12-30,5,0,0,0,290,22,400,"RICARDO LIMSO MEDICAL CENTER, INC."
2020-04-10 16:53:10,2020-04-10 16:53:10,2020-04-10,5,0,0,0,0,0,0,4,8,0,3,DOH000000000005962,1899-12-30,1,0,0,0,527,1,0,RETUERMA GENERAL HOSPITAL
2020-04-02 5:13:26,2020-04-02 5:13:26,2020-04-02,10,0,0,0,200,0,0,5000,1000,0,50,DOH000000000006003,1899-12-30,500,0,0,0,74,500,1000,"CAPITOL UNIVERSITY MEDICAL CENTER FOUNDATION OF CAGAYAN, INC"
2020-04-10 11:48:57,2020-04-10 11:48:57,2020-04-10,0,0,0,0,0,0,0,2,12,0,7,DOH000000000006020,1899-12-30,10,0,0,0,331,0,0,JASAAN MUNICIPAL HOSPITAL
2020-04-10 10:29:01,2020-04-10 10:29:01,2020-04-10,123,0,0,0,1475,0,0,444,245,0,39,DOH000000000006592,1899-12-30,28,0,0,0,316,64,2600,SOUTH COTABATO PROVINCIAL HOSPITAL
2020-04-10 16:00:13,2020-04-10 16:00:13,2020-04-10,0,0,0,0,0,0,0,0,0,0,0,DOH000000000006900,1899-12-30,0,0,0,0,458,0,0,R AND L MEDICAL CLINIC
2020-04-10 15:27:34,2020-04-10 15:27:34,2020-04-10,0,0,0,0,164,0,0,107,97,0,11,DOH000000000007036,1899-12-30,5,0,1,0,408,42,50,"ZAMBOANGA DOCTORS? HOSPITAL, INC."
2020-04-11 8:59:07,2020-04-11 8:59:07,2020-04-11,50,0,0,0,10,0,0,50,200,0,50,DOH000000000007482,1899-12-30,2,0,0,0,582,50,200,DAVAO DEL NORTE HOSPITAL (ISALND GARDEN CITY OF SAMAL ZONE)
2020-04-10 19:47:57,2020-04-10 19:47:57,2020-04-10,103,0,0,0,108,0,1,293,130,3,172,DOH000000000007488,1899-12-30,530,0,0,5,559,766,10887,DAVAO ORIENTAL PROVINCIAL MEDICAL CENTER
2020-04-11 12:05:54,2020-04-11 12:05:54,2020-04-11,10,0,0,0,0,0,0,1,60,0,0,DOH000000000007512,1899-12-30,0,0,0,0,595,1,50,"CAGAYAN DE ORO POLYMEDIC GENERAL HOSPITAL, INC."
2020-04-10 15:49:52,2020-04-10 15:49:52,2020-04-10,4,0,0,0,0,0,0,0,15,0,30,DOH000000000007513,1899-12-30,0,0,0,0,434,0,0,BAYUGAN CITY DOCTORS HOSPITAL
2020-04-03 4:00:38,2020-04-03 4:00:38,2020-04-03,6,0,0,0,0,0,0,5,30,0,40,DOH000000000007513,1899-12-30,1,0,0,0,174,2,0,BAYUGAN CITY DOCTORS HOSPITAL
2020-04-10 16:41:27,2020-04-10 16:41:27,2020-04-10,8,0,0,0,8,0,0,1,20,0,8,DOH000000000007527,1899-12-30,0,0,0,0,512,0,8,UNIVERSIDAD DE ZAMBOANGA MEDICAL CENTER
2020-04-10 15:40:49,2020-04-10 15:40:49,2020-04-10,10,0,0,0,5,0,0,2,10,0,10,DOH000000000007971,1899-12-30,1,0,0,0,420,2,10,WILFREDO C. PALMA MEMORIAL HOSPITAL
2020-04-03 16:57:10,2020-04-03 16:57:10,2020-04-03,7,0,0,0,3,0,0,10,5,0,0,DOH000000000007971,1899-12-30,0,0,0,0,207,0,0,WILFREDO C. PALMA MEMORIAL HOSPITAL
2020-04-11 18:49:21,2020-04-11 18:49:21,2020-04-11,2,0,0,0,5,0,0,1,10,0,5,DOH000000000011589,1899-12-30,2,0,0,0,609,2,10,"MOTHER OF MERCY HOSPITAL-TACLOBAN, INC."
2020-04-03 3:26:40,2020-04-03 3:26:40,2020-04-03,0,0,0,0,0,0,0,0,0,0,0,DOH000000000023762,1899-12-30,0,0,0,0,145,0,0,ASENTISTA DOCTORS HOSPITAL AND LABORATORY
2020-04-10 9:11:03,2020-04-10 9:11:03,2020-04-10,2,0,0,0,0,0,0,2,0,0,2,DOH000000000023762,1899-12-30,0,0,0,0,301,3,0,ASENTISTA DOCTORS HOSPITAL AND LABORATORY
2020-04-10 9:52:11,2020-04-10 9:52:11,2020-04-10,0,0,0,0,0,0,0,0,0,0,0,DOH000000000024002,1899-12-30,0,0,0,0,309,0,0,TIGAON PRIMARY HOSPITAL
2020-04-10 16:49:55,2020-04-10 16:49:55,2020-04-10,11,0,0,0,11,0,0,5,50,0,11,DOH000000000024471,1899-12-30,1,0,0,0,522,5,25,CAMP ELIAS ANGELES STATION HOSPITAL
2020-04-10 15:56:01,2020-04-10 15:56:01,2020-04-10,2,0,0,0,0,0,0,2,15,0,2,DOH000000000027113,1899-12-30,0,0,0,0,447,0,100,HIBO-FRANCISCO HOSPITAL
2020-04-11 14:17:43,2020-04-11 14:17:43,2020-04-11,50,0,0,0,0,0,0,100,200,0,100,DOH000000000027955,1899-12-30,20,0,0,0,600,300,200,"METRO DAVAO MEDICAL AND RESEARCH CENTER, INC."
2020-04-10 14:22:31,2020-04-10 14:22:31,2020-04-10,32,0,0,0,1100,0,0,240,30,0,758,DOH000000000030198,1899-12-30,5,0,0,0,373,240,1200,INDIGINEOUS PEOPLES HOSPITAL FOUNDATION OF THE DIOCESE OF BA
2020-04-03 3:05:32,2020-04-03 3:05:32,2020-04-03,20,0,0,0,0,0,0,200,200,0,0,DOH000000000032023,1899-12-30,15,0,0,0,131,100,4000,"DIVINE MERCY WELLNESS CENTER, INC."
2020-04-06 14:50:04,2020-04-06 14:50:04,2020-04-06,0,0,0,0,0,0,0,10,20,0,0,DOH000000000032075,1899-12-30,0,0,0,0,259,2,5,JUVELO FAMILY CLINIC
2020-04-11 8:28:32,2020-04-11 8:28:32,2020-04-11,10,0,0,0,50,0,0,3,10,0,15,DOH000000000032432,1899-12-30,0,0,0,0,579,1,100,"BRIGINO GENERAL HOSPITAL, INC. (New)"
2020-04-03 12:12:55,2020-04-03 12:12:55,2020-04-03,10,0,0,0,20,0,0,2,2,0,10,DOH000000000032432,1899-12-30,1,0,0,0,98,1,20,"BRIGINO GENERAL HOSPITAL, INC. (New)"
2020-04-11 8:28:19,2020-04-11 8:28:19,2020-04-11,2,0,0,0,2,0,0,2,2,0,2,DOH000000000032445,1899-12-30,2,0,0,0,578,2,2,BARRIOS-BUSINOS MEDICAL CLINIC AND HOSPITAL
2020-04-10 15:23:49,2020-04-10 15:23:49,2020-04-10,0,0,0,0,0,0,0,0,0,0,0,DOH000000000033251,1899-12-30,0,0,0,0,402,0,0,AURORA COMMUNITY & EMERGENCY HOSPITAL
2020-04-10 16:05:38,2020-04-10 16:05:38,2020-04-10,50,0,0,0,6,0,0,30,40,0,6,DOH000000000033471,1899-12-30,0,0,0,0,468,0,0,"SAN MATEO MULTICARE HOSPITAL, INC."
2020-04-03 3:59:01,2020-04-03 3:59:01,2020-04-03,0,0,0,0,0,0,0,5,15,0,9,DOH000000000033472,1899-12-30,2,0,0,0,173,2,30,ROVILLOS HOSPITAL
2020-04-03 9:42:07,2020-04-03 9:42:07,2020-04-03,0,0,0,0,0,0,0,15,3,0,0,DOH000000000034333,1899-12-30,2,0,0,0,86,3,100,CARRASCAL PRIMARY HEALTH CARE INFIRMARY
2020-04-10 14:00:37,2020-04-10 14:00:37,2020-04-10,0,0,0,0,0,0,0,84,90,0,0,DOH000000000034333,1899-12-30,1,0,0,0,366,2,600,CARRASCAL PRIMARY HEALTH CARE INFIRMARY
2020-04-10 16:16:33,2020-04-10 16:16:33,2020-04-10,0,0,0,0,0,0,0,10,20,0,40,DOH000000000035565,1899-12-30,0,0,0,0,486,10,0,"APAYAO CAGAYAN MEDICAL CENTER, INC."
2020-04-10 18:33:17,2020-04-10 18:33:17,2020-04-10,35,0,0,0,100,0,0,6,40,0,112,DOH000000000035681,1899-12-30,0,0,0,0,549,2,120,LEGAZPI CITY HOSPITAL
2020-04-10 16:05:12,2020-04-10 16:05:12,2020-04-10,4,0,0,0,0,0,0,4,10,0,4,DOH000000000037303,1899-12-30,1,0,0,0,467,1,10,VIACRUCIS INFIRMARY
2020-04-10 15:51:36,2020-04-10 15:51:36,2020-04-10,12,0,0,0,0,0,0,8,4,0,0,DOH000000000037412,1899-12-30,0,0,0,0,440,11,175,HOSPITAL DE ZAMBOANGA INC.
2020-04-10 16:39:06,2020-04-10 16:39:06,2020-04-10,3,0,0,0,0,0,0,10,30,0,6,DOH000000000037752,1899-12-30,0,0,0,0,509,1,70,MANUPAC DOCTORS HEALTHCARE
2020-04-10 16:22:54,2020-04-10 16:22:54,2020-04-10,0,0,0,0,0,0,0,0,10,1,0,DOH000000000037754,1899-12-30,0,0,0,1,494,0,0,JABONGA COMMUNITY INFIRMARY
2020-04-10 16:35:50,2020-04-10 16:35:50,2020-04-10,0,0,0,0,0,0,0,3,13,0,0,DOH000000000037893,1899-12-30,1,0,0,0,508,2,0,GONZALES MEDICAL-SURGICAL AND BIRTHING CLINIC
2020-04-10 16:22:48,2020-04-10 16:22:48,2020-04-10,0,0,0,0,0,0,0,1,3,0,0,DOH000000000037946,1899-12-30,0,0,0,0,493,1,0,LB CRUEL MEDICAL CLINIC
2020-04-10 8:12:23,2020-04-10 8:12:23,2020-04-10,0,0,0,0,0,0,0,100,10,0,3,DOH000000000038151,1899-12-30,25,0,0,0,287,10,600,DARAGA DOCTORS HOSPITAL
2020-04-06 9:03:40,2020-04-06 9:03:40,2020-04-06,0,0,0,0,0,0,0,270,15,0,10,DOH000000000038151,1899-12-30,1,0,0,0,252,15,700,DARAGA DOCTORS HOSPITAL
2020-04-04 8:44:06,2020-04-04 8:44:06,2020-04-04,0,0,0,0,25,0,0,30,10,0,30,DOH000000000038151,1899-12-30,1,0,0,0,227,2,10,DARAGA DOCTORS HOSPITAL
2020-04-10 17:15:32,2020-04-10 17:15:32,2020-04-10,0,0,0,0,0,0,1,0,0,2,0,DOH000000000000004,1899-12-30,0,1,0,2,536,0,0,LABASON DISTRICT HOSPITAL
2020-04-11 7:44:59,2020-04-11 7:44:59,2020-04-11,0,0,0,0,15,0,1,2,20,1,5,DOH000000000000019,1899-12-30,2,1,0,6,574,0,15,LA PAZ MUNICIPAL HOSPITAL
2020-04-03 17:24:13,2020-04-03 17:24:13,2020-04-03,0,0,0,0,15,0,1,5,20,1,5,DOH000000000000019,1899-12-30,2,1,0,6,213,5,15,LA PAZ MUNICIPAL HOSPITAL
2020-04-10 21:13:31,2020-04-10 21:13:31,2020-04-10,30,0,0,0,10,0,0,8,54,1,28,DOH000000000000060,1899-12-30,8,1,0,1,565,4,20,SIRUMA MUNICIPAL HOSPITAL
2020-04-03 16:46:51,2020-04-03 16:46:51,2020-04-03,25,0,0,0,25,0,0,10,106,0,32,DOH000000000000228,1899-12-30,4,1,0,0,203,5,92,QUEZON MEDICARE HOSPITAL
2020-04-10 16:41:41,2020-04-10 16:41:41,2020-04-10,50,0,0,0,50,0,3,10,20,2,27,DOH000000000000231,1899-12-30,1,1,0,6,513,1,0,LUBANG DISTRICT HOSPITAL
2020-04-02 4:06:45,2020-04-02 4:06:45,2020-04-02,9,0,0,0,0,0,3,50,9,2,5,DOH000000000000231,1899-12-30,18,1,0,6,68,50,0,LUBANG DISTRICT HOSPITAL
2020-04-03 4:03:18,2020-04-03 4:03:18,2020-04-03,6,0,0,0,0,0,3,1,0,2,9,DOH000000000000231,1899-12-30,1,1,0,6,177,1,0,LUBANG DISTRICT HOSPITAL
2020-04-12 14:12:35,2020-04-12 14:12:35,2020-04-12,7,0,0,0,15,0,2,1,14,4,7,DOH000000000000247,1899-12-30,1,1,0,9,619,8,47,JUAN M. ALBERTO MEMORIAL DISTRICT HOSPITAL
2020-04-11 15:53:43,2020-04-11 15:53:43,2020-04-11,2,0,0,0,0,0,1,5,0,3,21,DOH000000000000261,1899-12-30,0,1,0,4,606,10,0,VIGA DISTRICT HOSPITAL
2020-04-10 16:05:41,2020-04-10 16:05:41,2020-04-10,2,0,0,0,10,0,1,3,20,1,30,DOH000000000000308,1899-12-30,24,1,0,0,469,2,5,GARCHITORENA MEDICARE COMMUNITY HOSPITAL
2020-04-10 14:20:51,2020-04-10 14:20:51,2020-04-10,1,0,0,0,0,0,0,1,10,2,2,DOH000000000000310,1899-12-30,0,1,0,3,372,0,0,SINAWILAN CLINIC & HOSPITAL AND HOSPITAL
2020-04-10 16:06:53,2020-04-10 16:06:53,2020-04-10,1,0,0,0,0,0,2,3,12,4,0,DOH000000000000353,1899-12-30,0,1,0,3,471,40,0,JA ALEGRE MED.  CLINIC & HOSP.
2020-03-30 12:44:06,2020-03-30 12:44:06,2020-03-30,200,0,1,0,60,0,1,9,70,1,17,DOH000000000000357,1899-12-30,1,1,0,1,35,19,400,"IMMACULATE HEART OF MARY HOSPITAL, INC."
2020-04-06 10:08:38,2020-04-06 10:08:38,2020-04-06,1,0,0,0,3,0,0,3,4,1,1,DOH000000000000488,1899-12-30,0,1,0,1,254,1,20,DR. ALBERTO M. PASTOR HOSPITAL
2020-04-03 17:13:39,2020-04-03 17:13:39,2020-04-03,1,0,0,0,0,0,1,2,6,1,0,DOH000000000000577,1899-12-30,1,1,0,1,211,2,2,ISIDRO M. OLAN SR. MEMORIAL CLINIC AND HOSPITAL INC.
2020-04-10 16:15:44,2020-04-10 16:15:44,2020-04-10,1,0,0,0,0,0,1,2,6,1,0,DOH000000000000577,1899-12-30,1,1,0,1,484,2,2,ISIDRO M. OLAN SR. MEMORIAL CLINIC AND HOSPITAL INC.
2020-04-07 12:06:54,2020-04-07 12:06:54,2020-04-07,1,0,0,0,0,0,2,3,8,1,1,DOH000000000000621,1899-12-30,0,1,0,2,268,4,0,LINGIG COMMUNITY HOSPITAL
2020-04-03 20:37:13,2020-04-03 20:37:13,2020-04-03,2,0,0,0,2,0,1,3,5,0,0,DOH000000000000643,1899-12-30,2,1,0,1,224,5,10,MALIMONO DISTRICT HOSPITAL
2020-04-10 10:43:10,2020-04-10 10:43:10,2020-04-10,3,0,0,0,2,0,1,2,10,1,0,DOH000000000000643,1899-12-30,2,1,0,1,320,4,10,MALIMONO DISTRICT HOSPITAL
2020-04-12 8:33:22,2020-04-12 8:33:22,2020-04-12,50,0,0,0,50,0,1,10,31,1,25,DOH000000000000732,1899-12-30,1,1,0,2,613,10,50,ROMEO B. SIBUD COUNTRY HOPSITAL
2020-04-10 15:48:54,2020-04-10 15:48:54,2020-04-10,0,0,0,0,0,0,1,10,10,1,2,DOH000000000000747,1899-12-30,0,1,0,2,432,1,2,SIBUTAD MUNICIPAL HOSPITAL
2020-04-10 11:03:11,2020-04-10 11:03:11,2020-04-10,19,0,0,0,45,0,1,13,23,1,4,DOH000000000000770,1899-12-30,6,1,0,0,323,10,85,ST. MARTIN'S MISSION HOSPITAL
2020-04-02 4:25:13,2020-04-02 4:25:13,2020-04-02,0,0,0,0,1,0,0,1,8,1,10,DOH000000000001825,1899-12-30,0,1,0,1,69,0,0,MINA DE ORO GENERAL HOSPITAL
2020-04-10 15:58:03,2020-04-10 15:58:03,2020-04-10,30,0,0,0,0,0,1,5,50,1,15,DOH000000000002462,1899-12-30,3,1,0,1,451,2,200,SIPOCOT DISTRICT HOSPITAL
2020-04-03 3:28:06,2020-04-03 3:28:06,2020-04-03,0,0,0,0,0,0,1,4,10,1,9,DOH000000000002532,1899-12-30,0,1,0,2,146,0,20,ST. PAUL GENERAL HOSPITAL
2020-04-10 12:03:55,2020-04-10 12:03:55,2020-04-10,0,0,0,0,0,0,1,4,10,1,9,DOH000000000002532,1899-12-30,0,1,0,2,335,0,20,ST. PAUL GENERAL HOSPITAL
2020-04-03 4:16:35,2020-04-03 4:16:35,2020-04-03,15,0,0,0,0,0,2,20,0,3,10,DOH000000000002713,1899-12-30,2,1,0,3,182,70,20,PALUAN COMMUNITY HOSPITAL
2020-04-10 16:02:41,2020-04-10 16:02:41,2020-04-10,12,0,0,0,4,0,2,25,40,3,10,DOH000000000002713,1899-12-30,2,1,0,3,463,60,20,PALUAN COMMUNITY HOSPITAL
2020-04-11 8:40:25,2020-04-11 8:40:25,2020-04-11,0,0,0,0,0,0,1,4,12,1,2,DOH000000000002750,1899-12-30,0,1,0,1,581,4,20,WESTMIN UNITED DOCTORS HOSPITAL CO.
2020-04-03 3:51:33,2020-04-03 3:51:33,2020-04-03,0,0,0,0,0,0,1,5,12,1,2,DOH000000000002750,1899-12-30,1,1,0,1,165,4,20,WESTMIN UNITED DOCTORS HOSPITAL CO.
2020-04-10 14:07:26,2020-04-10 14:07:26,2020-04-10,0,0,0,0,0,0,3,1,0,3,5,DOH000000000002761,1899-12-30,3,1,0,1,367,0,0,SAINT LAWRENCE HOSPITAL
2020-04-03 1:49:41,2020-04-03 1:49:41,2020-04-03,0,0,0,0,0,0,3,1,0,3,0,DOH000000000002761,1899-12-30,0,1,0,1,111,0,0,SAINT LAWRENCE HOSPITAL
2020-04-10 13:55:17,2020-04-10 13:55:17,2020-04-10,2,1,1,0,0,0,0,2,25,1,2,DOH000000000003385,1899-12-31,0,1,0,1,364,2,200,"BUTUAN PUERICULTURE CENTER NO. 394, INC."
2020-04-02 1:18:03,2020-04-02 1:18:03,2020-04-02,30,0,0,0,50,0,1,3,30,2,30,DOH000000000003490,1899-12-30,0,1,0,1,58,0,50,SAN ANDRES MUNICIPAL HOSPITAL
2020-04-11 9:34:51,2020-04-11 9:34:51,2020-04-11,3,0,0,0,0,0,1,0,3,1,1,DOH000000000003554,1899-12-30,0,1,0,1,584,0,30,PUYAOAN GENERAL HOSPITAL
2020-04-10 9:21:25,2020-04-10 9:21:25,2020-04-10,0,0,0,0,0,1,0,3,10,1,0,DOH000000000003877,1899-12-30,0,1,0,3,302,0,0,TABLAS DOCTORS HOSPITAL
2020-04-02 3:43:46,2020-04-02 3:43:46,2020-04-02,0,0,0,0,0,1,0,0,63,1,0,DOH000000000003877,1899-12-30,0,1,0,3,63,0,0,TABLAS DOCTORS HOSPITAL
2020-04-10 10:03:14,2020-04-10 10:03:14,2020-04-10,0,0,0,0,0,0,1,0,0,1,0,DOH000000000003986,1899-12-30,0,1,0,1,312,0,0,ROSARY OF VIRGIN MARY HOSPITAL
2020-04-06 16:30:34,2020-04-06 16:30:34,2020-04-06,5,0,0,0,20,1,1,5,40,1,50,DOH000000000004078,1899-12-30,0,1,0,1,261,0,20,SAN FERNANDINO HOSPITAL
2020-04-11 0:24:34,2020-04-11 0:24:34,2020-04-11,5,0,0,0,20,1,1,3,40,1,50,DOH000000000004078,1899-12-30,0,1,0,1,572,2,20,SAN FERNANDINO HOSPITAL
2020-03-31 4:14:49,2020-03-31 4:14:49,2020-03-31,0,0,0,0,0,0,0,1,0,1,0,DOH000000000004522,1899-12-30,0,1,0,1,45,1,2,SEÑOR TESORO HOSPITAL
2020-04-10 15:28:47,2020-04-10 15:28:47,2020-04-10,0,0,0,0,0,0,0,1,0,1,0,DOH000000000004522,1899-12-30,0,1,0,1,411,1,0,SEÑOR TESORO HOSPITAL
2020-04-10 11:25:57,2020-04-10 11:25:57,2020-04-10,3,0,0,0,0,0,1,1,13,3,0,DOH000000000004924,1899-12-30,0,1,0,1,329,1,0,ST. MAGDALENE HOSPITAL
2020-04-02 5:56:08,2020-04-02 5:56:08,2020-04-02,0,0,0,0,0,0,1,1,13,3,0,DOH000000000004924,1899-12-30,0,1,0,1,76,1,0,ST. MAGDALENE HOSPITAL
2020-04-03 3:22:36,2020-04-03 3:22:36,2020-04-03,3,0,0,0,0,0,1,1,13,3,0,DOH000000000004924,1899-12-30,0,1,0,1,138,1,0,ST. MAGDALENE HOSPITAL
2020-04-10 18:24:46,2020-04-10 18:24:46,2020-04-10,3,0,1,0,3,0,0,1,5,1,3,DOH000000000005014,1899-12-31,1,1,1,1,548,1,3,ZAPANTA MATERNITY & GENERAL HOSPITAL
2020-04-03 4:18:41,2020-04-03 4:18:41,2020-04-03,3,0,1,0,0,0,0,1,10,1,2,DOH000000000005014,1899-12-31,0,1,1,1,184,1,10,ZAPANTA MATERNITY & GENERAL HOSPITAL
2020-04-02 4:52:37,2020-04-02 4:52:37,2020-04-02,3,0,1,0,0,0,0,1,10,1,2,DOH000000000005014,1899-12-31,0,1,1,1,72,1,10,ZAPANTA MATERNITY & GENERAL HOSPITAL
2020-04-03 9:32:10,2020-04-03 9:32:10,2020-04-03,3,0,0,0,4,0,1,0,7,2,25,DOH000000000005204,1899-12-30,0,1,0,1,83,3,15,MARIHATAG DISTRICT HOSPITAL
2020-04-10 14:53:47,2020-04-10 14:53:47,2020-04-10,3,0,0,0,0,0,1,0,15,2,25,DOH000000000005204,1899-12-30,0,1,0,1,385,0,0,MARIHATAG DISTRICT HOSPITAL
2020-04-03 1:32:49,2020-04-03 1:32:49,2020-04-03,12,0,0,0,0,0,1,24,0,2,0,DOH000000000005252,1899-12-30,1,1,0,2,108,1,26,ABRA DE ILOG MUNICIPAL HOSPITAL
2020-04-10 10:33:35,2020-04-10 10:33:35,2020-04-10,0,0,0,0,0,0,1,23,0,2,8,DOH000000000005252,1899-12-30,0,1,0,2,317,0,26,ABRA DE ILOG MUNICIPAL HOSPITAL
2020-04-03 16:48:14,2020-04-03 16:48:14,2020-04-03,10,0,0,0,50,0,1,30,20,1,85,DOH000000000005417,1899-12-30,0,1,0,0,204,3,89,"OUR LADY OF MERCY GENERAL HOSPITAL, INC."
2020-04-10 8:34:03,2020-04-10 8:34:03,2020-04-10,20,0,0,0,20,1,1,8,30,1,20,DOH000000000005417,1899-12-30,80,1,1,0,291,1,96,"OUR LADY OF MERCY GENERAL HOSPITAL, INC."
2020-03-28 9:07:36,2020-03-28 9:07:36,2020-03-28,11,0,0,0,86,0,1,76,20,1,26,DOH000000000005417,1899-12-30,0,1,1,0,17,6,66,"OUR LADY OF MERCY GENERAL HOSPITAL, INC."
2020-04-10 15:39:30,2020-04-10 15:39:30,2020-04-10,5,0,0,0,20,0,1,20,20,1,10,DOH000000000005454,1899-12-30,1,1,0,2,419,5,150,KABASALAN GENRAL HOSPITAL
2020-04-03 3:19:28,2020-04-03 3:19:28,2020-04-03,5,0,0,0,20,0,1,20,20,1,10,DOH000000000005454,1899-12-30,1,1,0,2,136,5,150,KABASALAN GENRAL HOSPITAL
2020-04-10 16:34:19,2020-04-10 16:34:19,2020-04-10,0,0,0,0,0,0,1,10,15,1,0,DOH000000000005786,1899-12-30,0,1,0,5,505,0,0,SIBUYAN DISTRICT HOSPITAL
2020-04-02 1:56:30,2020-04-02 1:56:30,2020-04-02,16,0,0,0,16,0,1,5,31,3,16,DOH000000000005932,1899-12-30,1,1,0,2,60,5,16,TABLAS ISLAND DISTRICT HOSPITAL
2020-03-28 11:51:19,2020-03-28 11:51:19,2020-03-28,5,0,0,0,10,0,1,448,10,1,10,DOH000000000005964,1899-12-30,0,1,0,2,19,3,50,DIVINE WORD HOSPITAL
2020-03-26 8:47:12,2020-03-26 8:47:12,2020-03-26,0,0,0,0,0,0,1,6,0,1,0,DOH000000000006490,1899-12-30,0,1,0,1,2,0,0,NABILOG COMMUNITY PRIMARY HOSPITAL
2020-03-30 10:07:10,2020-03-30 10:07:10,2020-03-30,0,0,0,0,0,0,1,5,0,1,0,DOH000000000006490,1899-12-30,0,1,0,1,30,0,0,NABILOG COMMUNITY PRIMARY HOSPITAL
2020-04-03 3:32:14,2020-04-03 3:32:14,2020-04-03,0,0,0,0,0,0,0,0,0,1,0,DOH000000000006900,1899-12-30,0,1,0,1,150,0,0,R AND L MEDICAL CLINIC
2020-04-10 14:12:58,2020-04-10 14:12:58,2020-04-10,0,0,0,0,0,0,1,1,10,1,0,DOH000000000007055,1899-12-30,0,1,0,1,370,0,0,STO. NINO HOSPITAL
2020-04-10 14:57:57,2020-04-10 14:57:57,2020-04-10,50,0,0,0,80,0,1,2,102,2,40,DOH000000000007247,1899-12-30,0,1,0,1,389,31,257,COMPOSTELA VALLEY PROVINCIAL HOSPITAL - LAAK
2020-04-03 3:25:38,2020-04-03 3:25:38,2020-04-03,10,0,0,0,20,0,2,10,20,1,7,DOH000000000007705,1899-12-30,2,1,0,2,141,2,50,HAPPY VALLEY COMMUNITY HOSPITAL
2020-04-10 9:04:13,2020-04-10 9:04:13,2020-04-10,8,0,0,0,0,0,1,1,12,4,11,DOH000000000023750,1899-12-30,1,1,0,1,298,4,0,BALO-I PROVINCIAL HOSPITAL
2020-04-03 10:03:19,2020-04-03 10:03:19,2020-04-03,0,0,0,0,0,0,0,0,0,0,0,DOH000000000025678,1899-12-30,0,1,0,1,89,0,10,MATEO-MABBORANG GENERAL HOSPITAL
2020-04-02 10:27:25,2020-04-02 10:27:25,2020-04-02,0,0,0,0,0,0,0,0,0,0,0,DOH000000000025678,1899-12-30,0,1,0,1,56,0,10,MATEO-MABBORANG GENERAL HOSPITAL
2020-03-30 11:21:20,2020-03-30 11:21:20,2020-03-30,0,0,0,0,0,0,0,1,0,0,0,DOH000000000025678,1899-12-30,0,1,0,1,31,0,30,MATEO-MABBORANG GENERAL HOSPITAL
2020-04-01 8:41:55,2020-04-01 8:41:55,2020-04-01,0,0,0,0,0,0,0,0,0,0,0,DOH000000000025678,1899-12-30,0,1,0,1,48,0,15,MATEO-MABBORANG GENERAL HOSPITAL
2020-03-29 10:10:14,2020-03-29 10:10:14,2020-03-29,0,0,0,0,0,0,0,2,0,0,0,DOH000000000025678,1899-12-30,0,1,0,1,22,0,50,MATEO-MABBORANG GENERAL HOSPITAL
2020-03-31 7:31:17,2020-03-31 7:31:17,2020-03-31,0,0,0,0,0,0,0,1,0,0,0,DOH000000000025678,1899-12-30,0,1,0,1,38,0,20,MATEO-MABBORANG GENERAL HOSPITAL
2020-04-02 3:25:43,2020-04-02 3:25:43,2020-04-02,1,0,0,0,100,0,1,20,5,1,20,DOH000000000026813,1899-12-30,3,1,0,1,62,0,0,RENATO UMALI REYES HOSPITAL OF BONGABONG
2020-04-10 15:58:47,2020-04-10 15:58:47,2020-04-10,1,0,0,0,1,0,0,1,1,1,1,DOH000000000027779,1899-12-30,0,1,0,1,453,1,1,SIBUCO MUNICIPAL HOSPITAL
2020-04-10 19:12:44,2020-04-10 19:12:44,2020-04-10,0,3,0,3,98,0,17,378,264,1,198,DOH000000000031929,1899-12-30,10,1,1,1,555,34,7093,"ALLIED CARE EXPERTS (ACE) MEDICAL CENTER ?BALIWAG, INC."
2020-03-26 14:28:06,2020-03-26 14:28:06,2020-03-26,0,0,0,0,0,0,0,1,0,1,0,DOH000000000032921,1899-12-30,0,1,0,1,3,0,6,EROS MEDICAL LYING IN CLINIC
2020-04-10 20:02:34,2020-04-10 20:02:34,2020-04-10,3,0,0,0,0,0,1,1,5,1,0,DOH000000000033684,1899-12-30,1,1,0,1,562,1,30,PUERTO GALERA URGENT CARE CLINIC & DIAGNOSTIC CENTER
2020-04-03 3:35:36,2020-04-03 3:35:36,2020-04-03,3,0,0,0,0,0,1,2,10,1,3,DOH000000000033684,1899-12-31,1,1,0,1,155,1,50,PUERTO GALERA URGENT CARE CLINIC & DIAGNOSTIC CENTER
2020-04-10 14:44:15,2020-04-10 14:44:15,2020-04-10,0,0,0,0,0,1,1,1,4,1,0,DOH000000000037388,1899-12-30,0,1,1,2,378,0,0,"UNITED DOCTORS HOSPITAL OF COTABATO CITY, INC."
2020-04-03 3:46:42,2020-04-03 3:46:42,2020-04-03,0,0,0,0,10,0,5,5,10,5,10,DOH000000000000230,1899-12-30,10,2,0,3,162,5,20,LASAM DISTRICT HOSPITAL
2020-04-10 16:33:50,2020-04-10 16:33:50,2020-04-10,0,0,0,0,0,0,5,10,20,4,20,DOH000000000000230,1899-12-30,0,2,0,14,502,10,0,LASAM DISTRICT HOSPITAL
2020-04-10 16:09:25,2020-04-10 16:09:25,2020-04-10,65,0,0,0,300,0,2,4,28,1,50,DOH000000000000260,1899-12-30,1,2,0,2,476,3,35,SANTA CRUZ DISTRICT HOSPITAL
2020-04-03 4:22:59,2020-04-03 4:22:59,2020-04-03,20,0,0,0,100,0,2,5,20,1,30,DOH000000000000260,1899-12-30,1,2,0,2,187,2,50,SANTA CRUZ DISTRICT HOSPITAL
2020-04-02 4:29:55,2020-04-02 4:29:55,2020-04-02,20,0,0,0,100,0,2,5,20,1,30,DOH000000000000260,1899-12-30,1,2,0,2,70,2,50,SANTA CRUZ DISTRICT HOSPITAL
2020-04-10 8:06:45,2020-04-10 8:06:45,2020-04-10,0,0,0,0,0,0,1,1,0,2,0,DOH000000000000283,1899-12-30,0,2,0,2,285,0,0,UMALI MEDICAL CLINIC
2020-04-03 6:55:38,2020-04-03 6:55:38,2020-04-03,0,0,0,0,0,0,1,1,0,1,0,DOH000000000000283,1899-12-30,0,2,0,2,79,0,0,UMALI MEDICAL CLINIC
2020-04-10 16:51:34,2020-04-10 16:51:34,2020-04-10,8,0,0,0,20,0,2,10,30,2,12,DOH000000000000425,1899-12-30,5,2,0,1,525,20,15,BASILAN COMMUNITY HOSPITAL
2020-04-03 3:38:15,2020-04-03 3:38:15,2020-04-03,8,0,0,0,20,0,2,10,30,2,12,DOH000000000000425,1899-12-30,7,2,0,1,158,20,15,BASILAN COMMUNITY HOSPITAL
2020-04-10 18:06:24,2020-04-10 18:06:24,2020-04-10,111,1,0,3,0,1,2,396,259,1,0,DOH000000000000449,1899-12-30,45,2,2,9,546,349,4600,CIUDAD MEDICAL ZAMBOANGA
2020-04-10 16:33:14,2020-04-10 16:33:14,2020-04-10,30,0,0,0,10,0,1,120,70,1,1100,DOH000000000000481,1899-12-30,22,2,0,1,501,170,2900,DON JOSE S. MONFORT MEDICAL CENTER EXTENSION HOSPITAL
2020-04-10 15:50:32,2020-04-10 15:50:32,2020-04-10,6,0,0,0,6,0,2,6,6,1,6,DOH000000000000588,1899-12-30,3,2,0,5,437,3,50,JUAN S. ALANO MEMORIAL HOSPITAL
2020-04-10 13:01:37,2020-04-10 13:01:37,2020-04-10,8,0,0,0,12,0,0,2,10,1,156,DOH000000000000632,1899-12-30,1,2,0,8,348,1,90,MAGUINDANAO PROVINCIAL HOSPITAL
2020-04-10 18:07:15,2020-04-10 18:07:15,2020-04-10,9,0,0,0,10,0,1,2,12,1,12,DOH000000000000748,1899-12-30,0,2,0,3,547,5,15,SINDANGAN DISTRICT HOSPITAL
2020-04-02 1:25:30,2020-04-02 1:25:30,2020-04-02,82,0,0,0,58,0,2,37,60,1,58,DOH000000000001670,1899-12-30,85,2,0,2,59,1,358,DON MODESTO FORMILLEZA SR. MEMORIAL HOSPITAL
2020-04-10 15:48:00,2020-04-10 15:48:00,2020-04-10,80,0,0,0,58,0,2,75,60,1,57,DOH000000000001670,1899-12-30,135,2,0,2,431,32,256,DON MODESTO FORMILLEZA SR. MEMORIAL HOSPITAL
2020-04-10 19:31:56,2020-04-10 19:31:56,2020-04-10,30,0,0,0,70,0,4,22,405,3,50,DOH000000000001977,1899-12-30,66,2,3,5,558,46,180,MARIVELES MENTAL WELLNESS  AND GENERAL HOSPITAL
2020-03-30 17:38:28,2020-03-30 17:38:28,2020-03-30,34,0,0,0,38,0,4,20,61,3,4,DOH000000000001977,1899-12-30,14,2,3,5,37,27,100,MARIVELES MENTAL WELLNESS  AND GENERAL HOSPITAL
2020-04-03 1:11:43,2020-04-03 1:11:43,2020-04-03,50,0,0,0,70,0,4,33,250,3,7,DOH000000000001977,1899-12-30,17,2,3,5,105,80,100,MARIVELES MENTAL WELLNESS  AND GENERAL HOSPITAL
2020-04-03 2:55:57,2020-04-03 2:55:57,2020-04-03,0,0,0,0,0,0,3,0,0,3,0,DOH000000000001980,1899-12-30,0,2,0,12,128,0,0,ALICIA DISTRICT HOSPITAL
2020-04-11 9:42:51,2020-04-11 9:42:51,2020-04-11,300,0,3,2,300,1,2,40,300,7,200,DOH000000000002162,1899-12-31,5,2,1,12,586,10,500,CAGAYAN VALLEY MEDICAL CENTER
2020-04-05 12:58:51,2020-04-05 12:58:51,2020-04-05,3,0,0,0,5,0,0,57,30,2,12,DOH000000000002332,1899-12-30,10,2,0,2,248,45,95,DE LOS REYES MEDICAL CLINIC
2020-04-01 12:59:52,2020-04-01 12:59:52,2020-04-01,3,0,0,0,5,0,2,60,35,2,14,DOH000000000002332,1899-12-30,10,2,0,2,51,50,100,DE LOS REYES MEDICAL CLINIC
2020-04-02 4:01:13,2020-04-02 4:01:13,2020-04-02,10,0,0,0,7,0,1,2,10,2,5,DOH000000000002490,1899-12-30,0,2,0,4,66,0,25,AMOROSO MEDICAL CLINIC
2020-04-03 3:55:04,2020-04-03 3:55:04,2020-04-03,2,0,0,0,0,0,0,65,200,0,2,DOH000000000002804,1899-12-30,2,2,1,0,170,0,300,MEDICAL MISSION GROUP HOSPITAL AND HEALTH SERVICES COOPERATI
2020-04-10 15:30:38,2020-04-10 15:30:38,2020-04-10,2,0,0,0,0,0,0,45,200,0,2,DOH000000000002804,1899-12-30,1,2,0,0,414,0,150,MEDICAL MISSION GROUP HOSPITAL AND HEALTH SERVICES COOPERATI
2020-04-02 7:35:12,2020-04-02 7:35:12,2020-04-02,50,0,0,0,50,0,1,3,25,2,50,DOH000000000003351,1899-12-31,0,2,1,4,77,1,50,LUNA GOCO MEDICAL CENTER
2020-04-10 17:17:46,2020-04-10 17:17:46,2020-04-10,69,0,0,0,69,0,1,2,40,2,69,DOH000000000003351,1899-12-31,1,2,1,4,537,4,69,LUNA GOCO MEDICAL CENTER
2020-04-10 15:54:29,2020-04-10 15:54:29,2020-04-10,5,9,0,0,5,0,1,2,25,2,15,DOH000000000003408,1899-12-30,0,2,0,2,443,1,5,MOISES R. ESPINOSA SR. MEMORIAL MUNICIPAL HOSPITAL
2020-04-10 15:25:09,2020-04-10 15:25:09,2020-04-10,8,0,0,0,0,0,2,15,180,1,7,DOH000000000003564,1899-12-30,4,2,0,4,404,13,180,NASIPIT DISTRICT HOSPITAL
2020-04-03 6:32:58,2020-04-03 6:32:58,2020-04-03,5,0,0,0,5,1,1,12,0,2,5,DOH000000000003771,1899-12-30,4,2,0,0,78,12,5,SOUTHERN PALAWAN PROVINCIAL HOSPITAL
2020-04-10 15:59:34,2020-04-10 15:59:34,2020-04-10,71,0,2,0,25,0,4,3,65,1,72,DOH000000000003916,1899-12-30,8,2,0,4,457,8,74,CUYO DISTRICT HOSPITAL
2020-04-10 15:00:05,2020-04-10 15:00:05,2020-04-10,0,0,0,0,4,0,2,275,80,2,30,DOH000000000004186,1899-12-30,15,2,0,2,391,35,4050,TEODORO B. GALAGAR DISTRICT HOSPITAL
2020-04-03 12:49:07,2020-04-03 12:49:07,2020-04-03,0,0,0,0,10,0,2,100,80,2,30,DOH000000000004186,1899-12-30,100,2,0,1,104,100,30,TEODORO B. GALAGAR DISTRICT HOSPITAL
2020-04-10 13:54:13,2020-04-10 13:54:13,2020-04-10,6,0,0,0,0,0,1,10,4,2,3,DOH000000000004291,1899-12-30,0,2,0,3,363,0,4,BAYUGAN JM YAP STO. NINO HOSPITAL
2020-04-10 19:51:04,2020-04-10 19:51:04,2020-04-10,2,0,0,0,0,0,2,2,6,2,0,DOH000000000004332,1899-12-30,0,2,0,2,560,1,5,FRANCO CLINIC AND HOSPITAL
2020-04-10 15:22:37,2020-04-10 15:22:37,2020-04-10,11,0,0,0,0,0,0,1,20,2,23,DOH000000000004472,1899-12-30,1,2,0,2,401,1,21,CHILDREN'S MEDICAL CLINIC
2020-04-03 3:46:52,2020-04-03 3:46:52,2020-04-03,11,0,0,0,0,0,0,1,20,2,23,DOH000000000004472,1899-12-30,1,2,0,2,163,1,21,CHILDREN'S MEDICAL CLINIC
2020-04-12 10:33:55,2020-04-12 10:33:55,2020-04-12,10,0,0,0,10,0,1,10,50,1,10,DOH000000000005179,1899-12-30,0,2,0,1,615,1,10,TUAO DISTRICT HOSPITAL
2020-04-10 14:57:06,2020-04-10 14:57:06,2020-04-10,6,0,0,0,19,0,5,9,50,6,17,DOH000000000005198,1899-12-30,2,2,0,14,388,0,286,PIO DURAN MEMORIAL DISTRICT HOSPITAL
2020-04-10 15:51:08,2020-04-10 15:51:08,2020-04-10,15,0,0,0,25,0,2,10,50,2,40,DOH000000000005452,1899-12-30,5,2,0,4,438,10,200,INFANTE HOSPITAL MANAGEMENT CORPORATION
2020-04-02 12:36:37,2020-04-02 12:36:37,2020-04-02,5,0,0,0,100,0,6,50,25,4,70,DOH000000000005501,1899-12-30,2,2,0,4,57,5,100,PINAMALAYAN DOCTORS HOSPITAL
2020-04-10 16:17:04,2020-04-10 16:17:04,2020-04-10,2,0,0,0,2,1,2,1,6,2,2,DOH000000000005526,1900-01-02,0,2,0,3,487,1,5,TOMAS-CACAL MEDICAL CLINIC & HOSPITAL
2020-04-03 9:10:52,2020-04-03 9:10:52,2020-04-03,3,0,0,0,30,0,4,30,0,3,10,DOH000000000005597,1899-12-30,50,2,0,10,81,30,600,FR. GERRY FILIPPETTO MEMORIAL FOUNDATION HOSPITAL
2020-04-10 11:06:09,2020-04-10 11:06:09,2020-04-10,3,0,0,0,30,0,4,28,0,3,10,DOH000000000005597,1899-12-30,50,2,0,10,325,28,558,FR. GERRY FILIPPETTO MEMORIAL FOUNDATION HOSPITAL
2020-04-10 12:48:21,2020-04-10 12:48:21,2020-04-10,0,0,0,1,0,0,1,6,0,5,28,DOH000000000005614,1899-12-30,18,2,1,5,347,3,100,"ILOILO MISSION HOSPITAL, INC."
2020-04-03 9:51:23,2020-04-03 9:51:23,2020-04-03,0,0,2,1,404,1,1,23,0,3,1,DOH000000000005789,1899-12-30,14,2,1,2,87,7,53,THE MEDICAL CITY PANGASINAN
2020-04-03 16:44:41,2020-04-03 16:44:41,2020-04-03,10,0,0,0,0,0,3,5,100,1,10,DOH000000000006029,1899-12-30,0,2,1,6,202,2,30,M. SIMON HOSPITAL & PHARMACY
2020-04-10 11:55:37,2020-04-10 11:55:37,2020-04-10,10,0,0,0,40,0,0,25,30,1,71,DOH000000000006060,1899-12-30,20,2,0,0,333,6,330,SURIGAO DEL NORTE PROVINCIAL HOSPITAL
2020-03-31 8:51:02,2020-03-31 8:51:02,2020-03-31,0,1,1,0,50,1,1,70,30,2,50,DOH000000000007511,1899-12-30,5,2,1,0,39,45,200,"ADVENTIST MEDICAL CENTER-ILIGAN CITY, INC."
2020-04-03 16:36:35,2020-04-03 16:36:35,2020-04-03,0,1,3,0,0,1,2,80,30,2,60,DOH000000000007511,1899-12-31,50,2,1,2,195,75,50,"ADVENTIST MEDICAL CENTER-ILIGAN CITY, INC."
2020-04-04 16:45:40,2020-04-04 16:45:40,2020-04-04,10,0,0,0,6,0,1,1,10,1,6,DOH000000000007711,1899-12-30,6,2,0,2,241,1,10,LANCETA MEDICAL HOSPITAL
2020-04-10 16:20:24,2020-04-10 16:20:24,2020-04-10,6,0,0,0,6,0,1,1,10,1,4,DOH000000000007711,1899-12-30,6,2,0,2,490,1,6,LANCETA MEDICAL HOSPITAL
2020-04-03 12:10:48,2020-04-03 12:10:48,2020-04-03,20,0,0,0,8,2,1,405,20,1,700,DOH000000000008483,1899-12-30,0,2,2,1,97,64,40,"DR. RONALD P. GUZMAN MEDICAL CENTER, INC."
2020-03-27 10:02:11,2020-03-27 10:02:11,2020-03-27,51,0,0,0,16,2,1,435,58,1,1000,DOH000000000008483,1899-12-30,2,2,2,1,5,89,80,"DR. RONALD P. GUZMAN MEDICAL CENTER, INC."
2020-04-10 16:08:52,2020-04-10 16:08:52,2020-04-10,10,0,0,0,3,2,1,380,15,1,600,DOH000000000008483,1899-12-30,0,2,2,1,473,39,20,"DR. RONALD P. GUZMAN MEDICAL CENTER, INC."
2020-04-10 16:42:01,2020-04-10 16:42:01,2020-04-10,8,0,0,0,4,1,1,1,4,0,7,DOH000000000032095,1900-01-05,0,2,1,4,514,1,0,CORAZON C. AQUINO MEMORIAL HOSPITAL
2020-04-10 16:03:41,2020-04-10 16:03:41,2020-04-10,0,0,0,0,0,0,0,3,5,1,5,DOH000000000037030,1899-12-30,0,2,0,0,465,0,0,POLYMEDIC BIRTHING AND NATAL CARE
2020-04-03 2:04:26,2020-04-03 2:04:26,2020-04-03,10,1,4,1,0,1,1,19,50,1,40,DOH000000000038008,1899-12-31,0,2,1,4,119,36,1000,SALUBRIS INC.
2020-04-03 4:29:10,2020-04-03 4:29:10,2020-04-03,0,1,0,0,0,0,2,236,61,2,92,DOH000000000038110,1899-12-30,1,2,1,1,191,11,0,BATANGAS HEALTHCARE SPECIALISTS MEDICAL CENTER (new)
2020-04-12 11:57:50,2020-04-12 11:57:50,2020-04-12,0,0,3,2,0,0,2,125,129,2,127,DOH000000000038110,1899-12-30,5,2,1,0,618,8,1028,BATANGAS HEALTHCARE SPECIALISTS MEDICAL CENTER (new)
2020-04-03 1:56:47,2020-04-03 1:56:47,2020-04-03,10,0,0,0,75,0,1,18,0,1,18,DOH000000000000232,1899-12-30,6,3,0,2,114,4,9300,SAN SEBASTIAN DISTRICT HOSPITAL
2020-04-10 10:55:06,2020-04-10 10:55:06,2020-04-10,52,0,0,0,85,0,1,14,45,1,27,DOH000000000000232,1899-12-30,5,3,0,2,322,7,900,SAN SEBASTIAN DISTRICT HOSPITAL
2020-04-11 13:31:30,2020-04-11 13:31:30,2020-04-11,9,0,0,0,0,0,0,10,10,1,9,DOH000000000000298,1899-12-30,0,3,0,0,598,0,0,DR. MIGUEL V. ALEGRE HOSPITAL
2020-04-03 16:49:26,2020-04-03 16:49:26,2020-04-03,2,0,0,0,20,0,0,2,20,2,2,DOH000000000000445,1899-12-30,1,3,0,4,205,2,20,CHAVEZ MEDICAL CLINIC
2020-04-11 8:14:53,2020-04-11 8:14:53,2020-04-11,2,0,0,0,20,0,0,2,20,2,7,DOH000000000000445,1899-12-30,1,3,0,4,576,2,20,CHAVEZ MEDICAL CLINIC
2020-04-11 20:07:20,2020-04-11 20:07:20,2020-04-11,0,0,0,0,0,0,1,1,10,2,5,DOH000000000000454,1899-12-30,0,3,0,8,611,0,0,CLINICA JESUS NAZARENO
2020-04-10 12:19:46,2020-04-10 12:19:46,2020-04-10,51,0,0,0,32,0,1,41,62,1,23,DOH000000000000542,1899-12-30,3,3,0,2,341,42,21,EDWIN ANDREWS AIRBASE HOSPITAL
2020-04-10 15:47:07,2020-04-10 15:47:07,2020-04-10,0,0,0,0,0,0,2,1,12,3,0,DOH000000000000548,1899-12-30,0,3,0,3,428,0,1,FAMILY MEDICAL CLINIC
2020-04-03 3:32:49,2020-04-03 3:32:49,2020-04-03,0,0,0,0,0,0,2,1,12,3,0,DOH000000000000548,1899-12-30,0,3,0,3,151,0,1,FAMILY MEDICAL CLINIC
2020-04-03 3:58:06,2020-04-03 3:58:06,2020-04-03,0,0,0,0,0,0,1,0,22,1,0,DOH000000000000754,1899-12-30,0,3,0,3,171,0,0,S.S LUMAPAS MEDICAL CLINIC
2020-04-10 14:44:19,2020-04-10 14:44:19,2020-04-10,0,0,0,0,0,0,1,3,40,1,9,DOH000000000001506,1899-12-30,1,3,0,2,379,2,20,CABADBARAN DISTRICT HOSPITAL
2020-04-03 19:04:37,2020-04-03 19:04:37,2020-04-03,30,0,0,0,30,0,2,15,30,3,30,DOH000000000001562,1899-12-30,30,3,0,3,222,10,30,MALIPAYON DISTRICT HOSPITAL
2020-04-10 15:25:49,2020-04-10 15:25:49,2020-04-10,0,0,0,0,0,0,3,0,0,3,0,DOH000000000001980,1899-12-30,0,3,0,12,405,0,0,ALICIA DISTRICT HOSPITAL
2020-04-10 10:17:48,2020-04-10 10:17:48,2020-04-10,1,0,0,0,0,0,0,1,10,3,2,DOH000000000002164,1899-12-30,5,3,1,6,314,1,10,GAMBALAN HOSPITAL
2020-04-10 15:56:04,2020-04-10 15:56:04,2020-04-10,5,0,0,0,5,0,2,17,50,3,25,DOH000000000002549,1899-12-30,15,3,0,7,448,2,25,QUEZON COMMUNITY INFIRMARY
2020-04-01 7:36:10,2020-04-01 7:36:10,2020-04-01,15,0,0,0,15,0,3,20,15,3,15,DOH000000000002748,1899-12-30,10,3,1,4,47,30,30,DR. DAMIAN REYES PROVINCIAL HOSPITAL
2020-04-10 9:01:04,2020-04-10 9:01:04,2020-04-10,0,0,0,0,0,0,2,1,5,2,0,DOH000000000002767,1899-12-30,0,3,0,3,297,1,0,RILLERA MEDICAL HOSPITAL
2020-04-03 20:09:05,2020-04-03 20:09:05,2020-04-03,3,0,0,0,2,0,1,2,0,2,1,DOH000000000003317,1899-12-30,0,3,0,4,223,0,6,DANAO-SALE HOSPITAL
2020-04-10 15:41:27,2020-04-10 15:41:27,2020-04-10,3,0,0,0,2,0,1,2,3,2,2,DOH000000000003317,1899-12-30,0,3,0,4,422,0,6,DANAO-SALE HOSPITAL
2020-04-11 15:06:17,2020-04-11 15:06:17,2020-04-11,2,0,0,0,2,0,1,2,2,5,2,DOH000000000003547,1899-12-30,0,3,0,6,603,8,2,PRIETO DIAZ MUNICIPAL HOSPITAL
2020-04-11 11:18:39,2020-04-11 11:18:39,2020-04-11,10,0,0,0,300,1,1,84,10,4,50,DOH000000000003566,1899-12-30,5,3,0,2,591,23,300,"SOLLER GENERAL HOSPITAL, INC."
2020-04-10 15:07:42,2020-04-10 15:07:42,2020-04-10,12,0,0,0,300,0,0,6,1,1,50,DOH000000000003623,1899-12-30,2,3,0,3,393,0,300,LANAO DEL NORTE PROVINCIAL HOSPITAL
2020-04-10 16:07:31,2020-04-10 16:07:31,2020-04-10,8,0,1,0,40,0,3,100,120,1,21,DOH000000000003625,1899-12-30,1,3,0,5,472,60,1500,MISAMIS UNIVERSITY MEDICAL CENTER
2020-04-10 9:06:05,2020-04-10 9:06:05,2020-04-10,0,0,0,0,0,0,1,2,10,2,0,DOH000000000003669,1899-12-30,3,3,0,3,299,1,0,"DE CASTRO HOSPITAL FOUNDATION, INC."
2020-04-10 14:33:18,2020-04-10 14:33:18,2020-04-10,0,0,2,2,50,1,2,2,10,2,50,DOH000000000003808,1899-12-30,0,3,1,3,375,0,50,"BRENT HOSPITAL AND COLLEGES, INC."
2020-04-03 2:50:09,2020-04-03 2:50:09,2020-04-03,20,0,2,0,20,0,4,8,10,1,20,DOH000000000003916,1899-12-30,3,3,0,8,126,5,20,CUYO DISTRICT HOSPITAL
2020-04-10 20:12:41,2020-04-10 20:12:41,2020-04-10,0,0,0,0,0,0,1,50,0,1,7,DOH000000000004054,1899-12-30,2,3,0,3,563,0,250,RAPU-RAPU DISTRICT HOSPITAL
2020-04-02 4:35:18,2020-04-02 4:35:18,2020-04-02,20,0,0,0,30,0,3,12,20,3,30,DOH000000000004095,1899-12-30,2,3,0,9,71,8,30,HOSPITAL OF THE HOLY CROSS
2020-04-10 15:26:54,2020-04-10 15:26:54,2020-04-10,20,0,0,0,30,0,3,10,30,3,20,DOH000000000004095,1899-12-30,1,3,0,3,407,10,300,HOSPITAL OF THE HOLY CROSS
2020-04-01 5:17:12,2020-04-01 5:17:12,2020-04-01,15,0,0,0,10,1,0,58,40,6,55,DOH000000000004148,1899-12-30,0,3,0,12,54,24,700,LEONCIO GENERAL HOSPITAL
2020-04-03 2:57:43,2020-04-03 2:57:43,2020-04-03,15,0,0,0,10,1,4,57,40,6,52,DOH000000000004148,1899-12-30,0,3,0,12,129,23,697,LEONCIO GENERAL HOSPITAL
2020-04-10 16:09:41,2020-04-10 16:09:41,2020-04-10,15,0,0,0,10,1,4,56,40,6,50,DOH000000000004148,1899-12-30,0,3,0,12,477,22,690,LEONCIO GENERAL HOSPITAL
2020-04-01 4:35:59,2020-04-01 4:35:59,2020-04-01,15,0,0,0,10,1,4,58,40,6,55,DOH000000000004329,1899-12-30,0,3,0,12,53,24,700,CAMP GENERAL ARTEMIO RICARTE STATION HOSPITAL
2020-04-04 9:20:08,2020-04-04 9:20:08,2020-04-04,2,0,0,0,0,0,2,2,0,5,10,DOH000000000004449,1899-12-30,0,3,0,5,228,0,0,KITCHARAO DISTRICT HOSPITAL
2020-04-10 15:21:13,2020-04-10 15:21:13,2020-04-10,25,0,0,0,28,0,0,164,52,1,127,DOH000000000004794,1899-12-30,17,3,0,0,400,106,893,"RIVERA MEDICAL CENTER, INC."
2020-04-03 4:33:27,2020-04-03 4:33:27,2020-04-03,35,0,0,0,145,0,0,180,82,1,112,DOH000000000004794,1899-12-30,19,3,0,0,193,112,618,"RIVERA MEDICAL CENTER, INC."
2020-04-11 12:05:12,2020-04-11 12:05:12,2020-04-11,80,0,0,0,175,0,5,7,18,4,217,DOH000000000004969,1899-12-30,2,3,0,17,594,16,337,CAMP NAVARRO GENERAL HOSPITAL
2020-04-03 9:40:02,2020-04-03 9:40:02,2020-04-03,75,0,0,1,50,1,1,776,0,1,40,DOH000000000005687,1899-12-30,1037,3,1,3,85,470,3000,SEAMEN?S HOSPITAL
2020-04-10 16:03:38,2020-04-10 16:03:38,2020-04-10,84,0,0,1,200,1,1,727,0,3,20,DOH000000000005687,1899-12-30,2065,3,1,2,464,2000,3000,SEAMEN?S HOSPITAL
2020-04-07 12:16:30,2020-04-07 12:16:30,2020-04-07,14,0,0,0,50,0,1,3,6,4,50,DOH000000000005938,1899-12-30,1,3,0,3,269,0,0,TORRIJOS MUNICIPAL HOSPITAL
2020-04-03 3:41:53,2020-04-03 3:41:53,2020-04-03,2,0,0,0,1,0,5,4,2,12,10,DOH000000000006576,1899-12-30,0,3,0,13,161,1,20,SALUG VALLEY MEDICAL CENTER
2020-04-11 9:41:02,2020-04-11 9:41:02,2020-04-11,3,0,0,0,30,0,2,1,30,4,10,DOH000000000006878,1899-12-30,1,3,0,9,585,1,30,ESPERANZA MEDICARE COMMUNITY HOSPITAL
2020-03-28 8:29:26,2020-03-28 8:29:26,2020-03-28,5,1,0,0,50,1,2,20,30,1,10,DOH000000000017445,1899-12-30,6,3,1,4,14,10,100,"HOLY NAME UNIVERSITY MEDICAL CENTER, INC."
2020-04-07 17:10:29,2020-04-07 17:10:29,2020-04-07,20,1,0,0,100,1,2,30,50,1,50,DOH000000000017445,1899-12-30,2,3,1,4,275,1,100,"HOLY NAME UNIVERSITY MEDICAL CENTER, INC."
2020-04-04 12:04:34,2020-04-04 12:04:34,2020-04-04,3,0,0,0,0,1,3,1,10,3,5,DOH000000000034464,1899-12-30,0,3,0,3,234,1,5,"ZONE MEDICAL AND INTERVENTION HOSPITAL, INC."
2020-04-10 8:49:32,2020-04-10 8:49:32,2020-04-10,4,0,0,0,3,0,0,2,5,3,6,DOH000000000034464,1899-12-30,0,3,0,0,293,1,12,"ZONE MEDICAL AND INTERVENTION HOSPITAL, INC."
2020-04-10 15:26:22,2020-04-10 15:26:22,2020-04-10,0,0,0,0,6,0,1,20,10,1,10,DOH000000000037698,1899-12-30,0,3,0,1,406,0,0,SULTAN KUDARAT DISTRICT HOSPITAL
2020-03-30 15:25:15,2020-03-30 15:25:15,2020-03-30,5,0,0,0,35,1,1,3,64,3,48,DOH000000000038000,1899-12-30,3,3,0,4,36,50,0,"METRO HEALTH SPECIALISTS HOSPITAL, INC."
2020-04-07 16:32:22,2020-04-07 16:32:22,2020-04-07,44,0,0,0,101,0,2,2,30,0,43,DOH000000000038482,1899-12-30,9,3,0,3,274,1,148,DR. JOSE RIZAL DISTRICT HOSPITAL
2020-04-10 15:55:30,2020-04-10 15:55:30,2020-04-10,69,0,0,0,101,0,2,3,55,0,58,DOH000000000038482,1899-12-30,24,3,0,3,445,6,173,DR. JOSE RIZAL DISTRICT HOSPITAL
2020-04-11 16:55:21,2020-04-11 16:55:21,2020-04-11,0,0,0,0,0,0,0,1,20,1,5,DOH000000000000240,1899-12-30,2,4,0,4,607,1,0,ZAPANTA GENERAL HOSPITAL
2020-04-03 4:27:57,2020-04-03 4:27:57,2020-04-03,200,0,3,0,200,0,3,300,50,4,50,DOH000000000000277,1899-12-30,1750,4,1,4,189,320,350,Bicol Sanitarium
2020-04-10 15:54:04,2020-04-10 15:54:04,2020-04-10,150,0,3,0,200,0,3,300,50,4,50,DOH000000000000277,1899-12-30,87,4,1,4,442,320,281,Bicol Sanitarium
2020-04-10 16:14:56,2020-04-10 16:14:56,2020-04-10,2,0,0,0,0,0,2,6,20,1,2,DOH000000000000309,1899-12-30,0,4,0,7,482,40,20,JOSE PANGANIBAN PRIMARY HOSPITAL SERVICE COOPERATIVE
2020-04-10 16:00:41,2020-04-10 16:00:41,2020-04-10,0,0,0,0,0,0,0,3,12,1,9,DOH000000000000319,1899-12-30,6,4,0,13,460,3,0,RICO'S HOSPITAL
2020-04-10 11:05:23,2020-04-10 11:05:23,2020-04-10,20,0,0,0,0,0,1,3,15,3,10,DOH000000000000355,1899-12-30,0,4,0,8,324,3,50,SULOP MEDICAL CLINIC
2020-04-10 12:15:16,2020-04-10 12:15:16,2020-04-10,15,0,0,0,25,0,5,3,10,5,3,DOH000000000000495,1899-12-30,1,4,1,5,340,3,10,DR. HENRY M. DE VILLA MEMORIAL HOSPITAL
2020-04-08 12:12:15,2020-04-08 12:12:15,2020-04-08,10,0,0,0,0,0,1,50,10,4,10,DOH000000000000658,1899-12-30,0,4,0,14,279,500,30,BUKIDNON PROVINCIAL HOSPITAL - TALAKAG
2020-04-03 16:36:56,2020-04-03 16:36:56,2020-04-03,5,0,0,0,6,2,5,5,8,6,8,DOH000000000000767,1899-12-30,1,4,0,11,196,2,4,ST. JOSEPH SOUTHERN BUKIDNON HOSPITAL
2020-04-10 14:54:28,2020-04-10 14:54:28,2020-04-10,10,0,0,0,10,2,5,5,8,6,13,DOH000000000000767,1899-12-30,1,4,0,11,387,5,9,ST. JOSEPH SOUTHERN BUKIDNON HOSPITAL
2020-03-27 11:22:26,2020-03-27 11:22:26,2020-03-27,3,0,0,0,0,0,2,1,24,1,4,DOH000000000001666,1899-12-30,0,4,0,5,6,0,50,INAPOY COMMUNITY PRIMARY HOSPITAL
2020-04-03 16:43:38,2020-04-03 16:43:38,2020-04-03,3,0,0,0,0,0,2,1,24,3,4,DOH000000000001666,1899-12-30,0,4,0,5,201,0,50,INAPOY COMMUNITY PRIMARY HOSPITAL
2020-04-04 11:53:00,2020-04-04 11:53:00,2020-04-04,10,1,0,0,50,1,5,20,15,10,50,DOH000000000001679,1899-12-31,0,4,1,12,233,20,100,SAGRADO MEDICAL AND CHILDREN'S CLINIC
2020-04-12 11:09:22,2020-04-12 11:09:22,2020-04-12,2,0,0,0,50,1,2,10,15,2,20,DOH000000000001679,1899-12-31,0,4,1,12,617,10,50,SAGRADO MEDICAL AND CHILDREN'S CLINIC
2020-03-27 13:19:56,2020-03-27 13:19:56,2020-03-27,54,0,0,0,54,0,6,19,0,0,54,DOH000000000001819,1899-12-30,5,4,0,12,8,8,54,NORTHERN PALAWAN PROVINCIAL HOSPITAL
2020-04-10 12:39:47,2020-04-10 12:39:47,2020-04-10,89,0,0,0,48,0,0,214,0,0,63,DOH000000000001819,1899-12-30,119,4,0,12,343,0,376,NORTHERN PALAWAN PROVINCIAL HOSPITAL
2020-04-03 2:05:11,2020-04-03 2:05:11,2020-04-03,144,3,7,3,698,1,1,123,629,6,1476,DOH000000000001918,1899-12-31,1074,4,1,5,120,3535,3900,CARAGA REGIONAL HOSPITAL
2020-04-10 18:56:24,2020-04-10 18:56:24,2020-04-10,0,0,0,0,0,0,1,1,13,4,0,DOH000000000002025,1899-12-30,0,4,0,4,552,1,0,MAGALLANES MEDICARE COMMUNITY HOSPITAL
2020-04-03 3:36:52,2020-04-03 3:36:52,2020-04-03,89,1,6,1,212,1,12,262,55,6,55,DOH000000000002117,1899-12-30,20,4,0,24,156,10,282,OCCIDENTAL MINDORO PROVINCIAL HOSPITAL
2020-04-02 4:55:43,2020-04-02 4:55:43,2020-04-02,7,0,0,0,10,0,2,30,17,0,10,DOH000000000002657,1899-12-30,1,4,0,5,73,30,40,NAUJAN MUNICIPAL HOSPITAL
2020-04-02 8:53:46,2020-04-02 8:53:46,2020-04-02,8,0,0,0,10,0,3,4,10,4,3,DOH000000000002748,1899-12-30,5,4,0,5,55,10,20,DR. DAMIAN REYES PROVINCIAL HOSPITAL
2020-04-10 16:34:14,2020-04-10 16:34:14,2020-04-10,10,0,0,0,10,0,6,60,50,3,10,DOH000000000002831,1899-12-30,0,4,0,8,504,3,200,HERAMIL HOSPITAL
2020-04-11 14:46:06,2020-04-11 14:46:06,2020-04-11,20,0,4,2,200,4,4,10,20,8,40,DOH000000000002882,1899-12-31,1,4,2,4,602,100,200,JECSONS MEDICAL CENTER
2020-04-03 17:43:39,2020-04-03 17:43:39,2020-04-03,20,0,4,3,200,5,4,10,20,8,30,DOH000000000002882,1899-12-31,1,4,2,4,216,10,200,JECSONS MEDICAL CENTER
2020-04-03 3:33:50,2020-04-03 3:33:50,2020-04-03,0,0,0,0,0,0,1,0,0,2,0,DOH000000000002983,1899-12-30,0,4,0,4,152,0,0,CASIGURAN DISTRICT HOSPITAL
2020-04-10 14:46:01,2020-04-10 14:46:01,2020-04-10,0,0,0,0,0,0,1,2,24,2,3,DOH000000000002983,1899-12-30,0,4,0,4,382,4,0,CASIGURAN DISTRICT HOSPITAL
2020-04-10 19:28:41,2020-04-10 19:28:41,2020-04-10,1,0,0,0,0,2,8,3,15,3,5,DOH000000000003014,1899-12-30,0,4,1,12,557,0,15,"OSPITAL NG KABATAAN NG DIPOLOG, INC"
2020-04-03 17:27:18,2020-04-03 17:27:18,2020-04-03,5,0,0,0,5,0,2,5,30,4,10,DOH000000000003027,1899-12-30,0,4,0,4,214,5,30,ALCALA MUNICIPAL HOSPITAL
2020-03-28 10:43:42,2020-03-28 10:43:42,2020-03-28,10,0,0,0,10,0,2,12,10,4,35,DOH000000000003027,1899-12-30,2,4,0,4,18,8,10,ALCALA MUNICIPAL HOSPITAL
2020-04-10 21:22:17,2020-04-10 21:22:17,2020-04-10,2,0,0,0,0,0,3,0,3,4,3,DOH000000000003100,1899-12-30,0,4,0,4,566,3,0,MATNOG MEDICARE COMMUNITY HOSPITAL
2020-04-03 11:35:43,2020-04-03 11:35:43,2020-04-03,16,0,0,0,0,1,1,0,0,1,16,DOH000000000003409,1899-12-30,0,4,0,3,94,0,0,ABORLAN MEDICAL HOSPITAL
2020-04-10 16:01:48,2020-04-10 16:01:48,2020-04-10,16,0,0,0,8,1,1,1,5,2,16,DOH000000000003409,1899-12-30,0,4,0,3,462,0,3,ABORLAN MEDICAL HOSPITAL
2020-04-10 16:42:25,2020-04-10 16:42:25,2020-04-10,44,0,0,0,29,0,3,12,0,4,37,DOH000000000003413,1899-12-30,0,4,0,5,516,9,27,KUTA CESAR L. SANG-AN STATION HOSPITAL
2020-03-29 8:59:57,2020-03-29 8:59:57,2020-03-29,10,0,0,0,7,1,1,12,0,2,10,DOH000000000003771,1899-12-30,4,4,0,2,21,13,7,SOUTHERN PALAWAN PROVINCIAL HOSPITAL
2020-04-03 18:08:21,2020-04-03 18:08:21,2020-04-03,1,0,0,0,0,0,2,30,49,2,5,DOH000000000003787,1899-12-30,5,4,0,4,218,40,48,SAN MIGUEL COMMUNITY HOSPITAL
2020-04-10 16:15:15,2020-04-10 16:15:15,2020-04-10,1,0,0,0,0,0,2,14,49,2,44,DOH000000000003787,1899-12-30,2,4,0,4,483,23,24,SAN MIGUEL COMMUNITY HOSPITAL
2020-04-10 15:50:29,2020-04-10 15:50:29,2020-04-10,5,0,0,0,5,0,4,40,5,2,5,DOH000000000003831,1899-12-30,1,4,0,5,436,5,5,CATAINGAN DISTRICT HOSPITAL
2020-04-10 17:07:26,2020-04-10 17:07:26,2020-04-10,0,0,0,0,0,0,0,0,0,3,0,DOH000000000003985,1899-12-30,1,4,0,4,532,1,0,PAZZU MEDICAL CLINIC
2020-04-04 10:13:42,2020-04-04 10:13:42,2020-04-04,0,1,7,1,893,2,2,1089,70,3,893,DOH000000000004358,1899-12-31,2,4,1,12,230,40,893,"SUMC FOUNDATION, INC."
2020-04-10 17:38:34,2020-04-10 17:38:34,2020-04-10,45,1,7,1,710,2,2,951,45,3,710,DOH000000000004358,1899-12-31,2,4,1,12,542,62,710,"SUMC FOUNDATION, INC."
2020-04-10 8:57:03,2020-04-10 8:57:03,2020-04-10,25,0,4,0,25,0,6,10,25,3,65,DOH000000000004384,1899-12-30,1,4,0,8,295,10,25,OUR LADY OF LOURDES HOSPITAL
2020-04-10 15:16:38,2020-04-10 15:16:38,2020-04-10,6,0,0,0,25,0,2,2,100,6,20,DOH000000000004449,1899-12-30,4,4,0,6,399,8,50,KITCHARAO DISTRICT HOSPITAL
2020-04-10 17:04:08,2020-04-10 17:04:08,2020-04-10,5,0,0,0,5,0,1,1,15,2,5,DOH000000000004575,1899-12-30,0,4,0,4,530,3,5,GIGMOTO DISTRICT HOSPITAL
2020-04-10 15:55:02,2020-04-10 15:55:02,2020-04-10,0,0,0,0,10,0,2,2,20,4,0,DOH000000000004790,1899-12-30,0,4,0,8,444,0,50,NORTHERN CAGAYAN DISTRICT HOSPITAL
2020-04-03 3:34:13,2020-04-03 3:34:13,2020-04-03,0,0,0,0,10,0,2,3,0,4,0,DOH000000000004790,1899-12-30,0,4,0,8,153,0,50,NORTHERN CAGAYAN DISTRICT HOSPITAL
2020-04-03 2:37:11,2020-04-03 2:37:11,2020-04-03,0,0,0,0,0,1,0,0,0,2,0,DOH000000000004818,1899-12-30,0,4,0,6,124,0,0,ESTHER HOSPITAL
2020-04-11 8:21:27,2020-04-11 8:21:27,2020-04-11,0,0,0,0,0,1,6,0,0,2,0,DOH000000000004818,1899-12-30,0,4,0,6,577,0,0,ESTHER HOSPITAL
2020-04-11 13:04:08,2020-04-11 13:04:08,2020-04-11,0,0,0,0,0,0,4,2,4,4,14,DOH000000000005058,1899-12-30,1,4,0,4,597,1,14,SALVADOR R. ENCINAS DISTRICT HOSPITAL
2020-04-03 2:00:24,2020-04-03 2:00:24,2020-04-03,50,0,0,0,0,1,14,55,150,10,50,DOH000000000005197,1899-12-30,20,4,0,49,117,12,200,ROMBLON PROVINCIAL HOSPITAL
2020-04-10 8:13:03,2020-04-10 8:13:03,2020-04-10,60,0,0,0,80,1,14,75,72,10,46,DOH000000000005197,1899-12-30,50,4,0,49,288,200,2000,ROMBLON PROVINCIAL HOSPITAL
2020-04-10 13:28:27,2020-04-10 13:28:27,2020-04-10,0,0,0,0,3,0,3,1,17,2,0,DOH000000000005233,1899-12-30,0,4,0,8,358,1,3,LIZASO HOSPITAL
2020-04-07 9:20:09,2020-04-07 9:20:09,2020-04-07,8,0,0,1,0,2,3,200,20,5,7,DOH000000000005333,1899-12-30,0,4,1,4,266,25,5000,MEDICAL CENTER OF DIGOS COOPERATIVE HOSPITAL (MCDC)
2020-04-03 3:51:59,2020-04-03 3:51:59,2020-04-03,30,0,0,0,38,0,2,197,150,6,45,DOH000000000005359,1899-12-30,0,4,0,4,166,50,1400,HOWARD HUBBARD MEMORIAL HOSPITAL
2020-04-10 10:42:19,2020-04-10 10:42:19,2020-04-10,11,0,0,0,100,1,7,24,85,5,25,DOH000000000005377,1899-12-30,0,4,0,0,319,0,70,MEDICAL MISSION GROUP HOSPITAL & HEALTH SERVICES COOPERATIVE
2020-04-04 10:19:38,2020-04-04 10:19:38,2020-04-04,0,0,0,0,3,0,2,3,30,1,3,DOH000000000005566,1899-12-30,0,4,0,4,231,0,6,"PLTC, INC. LUIS A. TIAM MEDICAL CENTER"
2020-03-31 10:06:04,2020-03-31 10:06:04,2020-03-31,0,0,0,0,0,0,5,0,10,4,0,DOH000000000005735,1899-12-30,1,4,0,9,40,38,50,KASIBU MUNICIPAL HOSPITAL
2020-04-07 16:29:56,2020-04-07 16:29:56,2020-04-07,0,0,0,0,50,0,5,0,12,4,10,DOH000000000005735,1899-12-30,1,4,0,9,273,30,50,KASIBU MUNICIPAL HOSPITAL
2020-04-10 8:58:43,2020-04-10 8:58:43,2020-04-10,8,0,0,0,2,0,4,23,10,2,5,DOH000000000005970,1899-12-30,1,4,0,4,296,4,50,GRACE MISSION HOSPITAL
2020-04-03 10:50:48,2020-04-03 10:50:48,2020-04-03,8,0,0,0,2,0,3,30,10,2,0,DOH000000000005970,1899-12-30,1,4,0,4,92,5,50,GRACE MISSION HOSPITAL
2020-04-10 16:13:26,2020-04-10 16:13:26,2020-04-10,1,0,0,0,2,1,5,1,5,4,1,DOH000000000007054,1899-12-30,0,4,0,6,481,1,5,FCC INFIRMARY
2020-04-10 13:27:04,2020-04-10 13:27:04,2020-04-10,11,0,0,0,5,0,1,70,42,2,13,DOH000000000007510,1899-12-30,15,4,0,5,357,100,1200,Mindanao Central Sanitarium
2020-04-03 3:08:29,2020-04-03 3:08:29,2020-04-03,8,0,0,0,5,0,1,70,43,2,13,DOH000000000007510,1899-12-30,15,4,1,5,133,94,1200,Mindanao Central Sanitarium
2020-04-11 14:23:23,2020-04-11 14:23:23,2020-04-11,5,0,0,0,10,0,4,10,20,3,5,DOH000000000024002,1899-12-30,1,4,0,8,601,0,20,TIGAON PRIMARY HOSPITAL
2020-04-05 10:52:38,2020-04-05 10:52:38,2020-04-05,10,0,0,0,100,0,6,10,50,4,10,DOH000000000024449,1899-12-30,5,4,0,8,247,10,100,ISIAH MEDICAL CENTER
2020-03-29 11:41:09,2020-03-29 11:41:09,2020-03-29,30,7,4,0,100,1,4,100,25,1,30,DOH000000000026270,1899-12-30,1,4,1,8,24,100,100,"ANTIQUE MEDICAL CENTER, INC."
2020-04-05 9:41:38,2020-04-05 9:41:38,2020-04-05,50,0,4,0,100,1,2,50,50,1,20,DOH000000000026270,1899-12-30,2,4,1,4,246,20,100,"ANTIQUE MEDICAL CENTER, INC."
2020-04-10 22:08:43,2020-04-10 22:08:43,2020-04-10,3,0,0,0,4,0,0,10,20,3,10,DOH000000000030126,1899-12-30,0,4,0,9,569,1,20,SAGNAY INFIRMARY
2020-04-04 17:50:24,2020-04-04 17:50:24,2020-04-04,1,0,0,0,0,0,2,2,5,1,2,DOH000000000032090,1899-12-30,0,4,0,2,243,0,0,LORENZO TAN MULTI-PURPOSE COOPERATIVE HOSPITAL
2020-04-03 4:01:37,2020-04-03 4:01:37,2020-04-03,1,0,0,0,1,0,5,0,0,6,1,DOH000000000032090,1899-12-30,0,4,0,11,175,0,1,LORENZO TAN MULTI-PURPOSE COOPERATIVE HOSPITAL
2020-04-10 16:53:09,2020-04-10 16:53:09,2020-04-10,1,0,0,0,0,0,1,2,2,1,2,DOH000000000032090,1899-12-30,0,4,0,2,526,1,1,LORENZO TAN MULTI-PURPOSE COOPERATIVE HOSPITAL
2020-04-10 9:24:37,2020-04-10 9:24:37,2020-04-10,15,0,0,0,0,0,2,5,15,3,0,DOH000000000032268,1899-12-30,0,4,0,4,303,0,15,SAINT CAMILLUS MATERNITY AND POLYCLINIC
2020-03-28 8:36:37,2020-03-28 8:36:37,2020-03-28,0,0,0,0,50,0,4,2,0,2,10,DOH000000000032432,1899-12-30,0,4,0,11,16,0,200,"BRIGINO GENERAL HOSPITAL, INC. (New)"
2020-04-10 16:01:24,2020-04-10 16:01:24,2020-04-10,19,0,0,0,2,1,5,9,9,4,10,DOH000000000032541,1899-12-30,19,4,0,4,461,2,125,VILLANUEVA-TANCHULING MATERNITY & GENERAL HOSPITAL
2020-04-11 11:17:07,2020-04-11 11:17:07,2020-04-11,14,0,0,0,100,0,2,21,10,4,25,DOH000000000032773,1899-12-30,0,4,0,6,590,4,100,MEDINA HOSPITAL
2020-04-04 13:47:36,2020-04-04 13:47:36,2020-04-04,0,0,0,0,0,1,2,10,40,2,2,DOH000000000037388,1899-12-30,0,4,1,10,237,40,0,"UNITED DOCTORS HOSPITAL OF COTABATO CITY, INC."
2020-04-10 14:54:17,2020-04-10 14:54:17,2020-04-10,3,0,4,0,100,1,1,45,50,3,50,DOH000000000038000,1899-12-30,2,4,0,4,386,10,100,"METRO HEALTH SPECIALISTS HOSPITAL, INC."
2020-04-03 3:29:58,2020-04-03 3:29:58,2020-04-03,2,0,4,1,50,0,7,190,0,7,2,DOH000000000038007,1899-12-30,1,4,0,9,148,3,0,GRUPO MEDICO DE DIOS INC.
2020-04-10 8:10:37,2020-04-10 8:10:37,2020-04-10,30,1,4,1,0,1,2,10,50,1,50,DOH000000000038008,1899-12-31,9,4,1,4,286,10,50,SALUBRIS INC.
2020-03-30 10:05:09,2020-03-30 10:05:09,2020-03-30,120,0,0,0,100,0,1,30,10,1,69,DOH000000000000232,1899-12-30,14,5,0,4,28,7,9600,SAN SEBASTIAN DISTRICT HOSPITAL
2020-04-10 9:09:05,2020-04-10 9:09:05,2020-04-10,60,0,0,0,10,0,3,6,55,5,10,DOH000000000000246,1899-12-30,2,5,0,7,300,5,50,SAN JOSE MEDICARE COMMUNITY HOSPITAL
2020-04-10 13:29:59,2020-04-10 13:29:59,2020-04-10,50,0,0,0,100,0,1,30,50,2,100,DOH000000000000267,1899-12-30,5,5,0,5,360,1,100,Masbate Provincial Hospital
2020-04-03 20:38:08,2020-04-03 20:38:08,2020-04-03,200,2,8,2,100,3,3,20,200,8,200,DOH000000000000268,1899-12-31,10,5,2,21,225,3,100,DAVAO REGIONAL MEDICAL CENTER
2020-04-08 14:00:11,2020-04-08 14:00:11,2020-04-08,10,0,0,0,5,0,1,18,5,7,5,DOH000000000000450,1899-12-30,4,5,0,9,281,3,5,MISAMIS ORIENTAL PROVINCIAL HOSPITAL - CLAVERIA
2020-04-07 19:19:49,2020-04-07 19:19:49,2020-04-07,0,0,0,0,0,1,5,20,15,3,0,DOH000000000000589,1899-12-30,0,5,0,9,276,12,50,"KABACAN MEDICAL SPECIALIST, INC."
2020-04-10 16:41:04,2020-04-10 16:41:04,2020-04-10,1,0,0,0,0,1,1,2235,0,3,138,DOH000000000000646,1899-12-30,56,5,0,4,510,482,1223,Margosatubig Regional Hospital
2020-04-01 11:47:19,2020-04-01 11:47:19,2020-04-01,14,0,0,1,191,1,1,2340,0,3,40,DOH000000000000646,1899-12-30,1041,5,0,4,50,610,1261,Margosatubig Regional Hospital
2020-04-03 2:00:25,2020-04-03 2:00:25,2020-04-03,15,1,0,1,20,0,3,1000,0,7,7,DOH000000000001788,1899-12-30,20,5,0,18,118,40,50,Conner District Hospital
2020-04-10 15:50:04,2020-04-10 15:50:04,2020-04-10,13,1,0,1,10,0,3,10,0,7,5,DOH000000000001788,1899-12-30,10,5,0,18,435,30,50,Conner District Hospital
2020-04-10 15:03:46,2020-04-10 15:03:46,2020-04-10,15,0,0,0,10,1,4,10,85,1,30,DOH000000000002634,1899-12-30,0,5,1,12,392,0,200,MMGHHSP COOPERATI VE HOSPITAL
2020-04-10 15:47:45,2020-04-10 15:47:45,2020-04-10,30,0,0,0,0,0,6,10,20,5,56,DOH000000000002748,1899-12-30,5,5,0,8,430,0,20,DR. DAMIAN REYES PROVINCIAL HOSPITAL
2020-04-03 17:06:50,2020-04-03 17:06:50,2020-04-03,28,0,0,0,150,0,4,6,36,5,40,DOH000000000004329,1899-12-30,0,5,0,6,208,10,10,CAMP GENERAL ARTEMIO RICARTE STATION HOSPITAL
2020-04-10 14:42:59,2020-04-10 14:42:59,2020-04-10,0,0,0,0,5,0,5,2,20,4,5,DOH000000000005060,1899-12-30,0,5,0,15,377,2,20,IMMACULATE CONCEPCION POLYCLINIC AND HOSPITAL INC
2020-04-10 17:58:05,2020-04-10 17:58:05,2020-04-10,77,1,5,0,140,0,2,77,121,1,130,DOH000000000005353,1899-12-31,29,5,0,5,544,466,900,Don Emilio del Valle Memorial Hospital
2020-04-10 17:09:35,2020-04-10 17:09:35,2020-04-10,140,0,2,0,200,1,4,9,115,5,40,DOH000000000005420,1899-12-30,2,5,0,8,535,9,15,SULTAN KUDARAT PROVINCIAL HOSPITAL
2020-04-10 14:45:24,2020-04-10 14:45:24,2020-04-10,20,0,0,2,0,0,3,10,25,3,20,DOH000000000006493,1899-12-30,0,5,0,15,381,7,170,Eversley Childs Sanitarium
2020-04-10 16:20:15,2020-04-10 16:20:15,2020-04-10,24,0,0,0,7,0,4,8,37,3,20,DOH000000000006720,1899-12-30,50,5,0,11,489,0,50,A.M. YUMENA GENERAL HOSPITAL INC.
2020-04-03 3:07:03,2020-04-03 3:07:03,2020-04-03,17,0,0,0,5,0,3,5,30,2,17,DOH000000000007014,1899-12-30,0,5,0,10,132,2,17,"STA. MARIA VILLAGE HOSPITAL, INC."
2020-04-10 13:15:01,2020-04-10 13:15:01,2020-04-10,17,0,0,0,5,0,3,4,30,2,17,DOH000000000007014,1899-12-30,0,5,0,10,351,2,17,"STA. MARIA VILLAGE HOSPITAL, INC."
2020-04-03 16:38:06,2020-04-03 16:38:06,2020-04-03,16,0,0,0,5,0,7,15,30,3,12,DOH000000000007505,1899-12-30,1,5,0,6,197,5,200,CLINICA OZARAGA DOCTORS HOSPITAL
2020-04-11 11:42:27,2020-04-11 11:42:27,2020-04-11,15,0,0,0,5,0,7,15,30,3,12,DOH000000000007505,1899-12-30,1,5,0,6,592,5,200,CLINICA OZARAGA DOCTORS HOSPITAL
2020-03-30 9:09:16,2020-03-30 9:09:16,2020-03-30,9,0,2,0,9,1,9,9,100,4,9,DOH000000000033978,1899-12-30,83,5,0,10,27,27,9,"MINDANAO DOCTORS HOSPITAL AND CANCER CENTER, INC."
2020-04-03 3:58:32,2020-04-03 3:58:32,2020-04-03,2,1,0,0,40,1,3,1,2,1,40,DOH000000000034296,1899-12-30,0,5,0,11,172,4,0,"ST. PAUL SURIGAO UNIVERSITY HOSPITAL, INC."
2020-04-10 13:49:24,2020-04-10 13:49:24,2020-04-10,424,0,2,1,1657,2,0,616,68,4,1095,DOH000000000034411,1899-12-30,340,5,1,10,362,15646,4583,PAMPANGA PREMIER MEDICAL CENTER INC.
2020-03-30 7:16:07,2020-03-30 7:16:07,2020-03-30,6,0,3,0,39,1,4,10,10,3,39,DOH000000000036844,1900-01-02,1,5,1,8,26,1,100,"ST. BENEDICT HOSPITAL OF DAVAO DEL SUR, INC (new)"
2020-04-11 8:03:59,2020-04-11 8:03:59,2020-04-11,10,0,3,0,38,1,4,20,20,3,38,DOH000000000036844,1900-01-02,1,5,1,8,575,0,100,"ST. BENEDICT HOSPITAL OF DAVAO DEL SUR, INC (new)"
2020-04-03 4:32:57,2020-04-03 4:32:57,2020-04-03,10,0,0,0,10,0,3,10,10,2,10,DOH000000000037004,1899-12-30,1,5,0,5,192,2,10,MALANGAS EMERGENCY INFIRMARY
2020-04-10 15:35:30,2020-04-10 15:35:30,2020-04-10,8,0,0,0,8,0,3,9,10,2,8,DOH000000000037004,1899-12-30,2,5,0,5,415,1,10,MALANGAS EMERGENCY INFIRMARY
2020-04-10 16:48:20,2020-04-10 16:48:20,2020-04-10,10,0,0,0,20,1,2,5,15,3,200,DOH000000000038480,1899-12-30,200,5,1,10,519,2,50,"SURIGAO DOCTORS' HOSPITAL, INC."
2020-04-03 4:16:11,2020-04-03 4:16:11,2020-04-03,2,0,0,3,0,1,4,20,40,11,13,,1899-12-30,0,6,0,6,181,20,500,MARAWI MIDTOWN INFIRMARY
2020-04-10 17:38:53,2020-04-10 17:38:53,2020-04-10,2,0,0,0,0,1,4,16,60,11,13,,1899-12-30,0,6,0,6,543,16,1000,MARAWI MIDTOWN INFIRMARY
2020-04-02 3:22:16,2020-04-02 3:22:16,2020-04-02,4,0,0,0,2,0,1,20,10,3,2,DOH000000000000222,1899-12-30,1,6,0,6,61,1,80,BULALACAO COMMUNITY HOSPITAL
2020-04-10 13:02:01,2020-04-10 13:02:01,2020-04-10,10,0,0,1,16,0,1,30,135,1,60,DOH000000000000226,1899-12-30,40,6,0,4,349,20,0,ORIENTAL MINDORO CENTRAL DISTRICT HOSPITAL
2020-04-03 3:38:25,2020-04-03 3:38:25,2020-04-03,10,0,0,1,30,0,1,50,30,1,40,DOH000000000000226,1899-12-30,5,6,0,4,159,20,0,ORIENTAL MINDORO CENTRAL DISTRICT HOSPITAL
2020-04-10 12:10:37,2020-04-10 12:10:37,2020-04-10,8,0,0,0,50,0,10,68,45,8,85,DOH000000000000253,1899-12-30,0,6,0,18,338,60,200,COMPOSTELA VALLEY PROVINCIAL HOSPITAL - PANTUKAN
2020-04-10 15:09:40,2020-04-10 15:09:40,2020-04-10,5,0,5,7,50,1,8,10,20,5,7,DOH000000000000392,1900-01-02,0,6,1,7,395,0,50,"NUEVA ECIJA GOOD SAMARITAN HEALTH SYSTEM, INC. (EXT.)"
2020-04-05 13:08:30,2020-04-05 13:08:30,2020-04-05,5,0,5,7,50,1,8,500,20,5,10,DOH000000000000392,1900-01-02,0,6,1,7,249,0,100,"NUEVA ECIJA GOOD SAMARITAN HEALTH SYSTEM, INC. (EXT.)"
2020-03-30 10:04:55,2020-03-30 10:04:55,2020-03-30,34,0,0,0,1000,0,0,811,0,4,120,DOH000000000000497,1899-12-30,0,6,0,5,29,808,0,Dr. Jose Rizal Memorial Hospital  (DOH retained)
2020-04-10 15:29:12,2020-04-10 15:29:12,2020-04-10,61,0,0,0,1019,0,11,690,129,6,80,DOH000000000000497,1899-12-30,35,6,0,4,412,887,0,Dr. Jose Rizal Memorial Hospital  (DOH retained)
2020-04-03 3:26:10,2020-04-03 3:26:10,2020-04-03,14,0,0,0,1038,0,11,750,80,7,100,DOH000000000000497,1899-12-30,2,6,0,4,144,856,41,Dr. Jose Rizal Memorial Hospital  (DOH retained)
2020-04-03 3:48:31,2020-04-03 3:48:31,2020-04-03,76,0,0,1,0,2,22,6400,413,2,2320,DOH000000000000615,1899-12-30,426,6,2,8,164,1332,39,LAS PI?AS GENERAL HOSPITAL & SATELLITE TRAUMA CENTER
2020-03-31 10:49:00,2020-03-31 10:49:00,2020-03-31,14,0,0,1,100,2,22,30,9,2,57,DOH000000000000615,1899-12-30,6,6,2,8,41,4,100,LAS PI?AS GENERAL HOSPITAL & SATELLITE TRAUMA CENTER
2020-04-05 18:08:44,2020-04-05 18:08:44,2020-04-05,50,1,8,2,300,2,1,40,300,0,300,DOH000000000000807,1899-12-31,9,6,1,8,251,30,300,ZAMBOANGA DEL NORTE MEDICAL CENTER
2020-04-10 11:54:22,2020-04-10 11:54:22,2020-04-10,10,1,6,2,100,2,1,60,70,0,650,DOH000000000000807,1899-12-31,4,6,1,8,332,50,3000,ZAMBOANGA DEL NORTE MEDICAL CENTER
2020-04-10 15:30:37,2020-04-10 15:30:37,2020-04-10,50,0,4,2,0,2,2,100,50,4,400,DOH000000000001989,1900-01-01,2,6,2,0,413,487,400,"SAN PEDRO HOSPITAL OF DAVAO CITY, INC."
2020-04-10 16:34:08,2020-04-10 16:34:08,2020-04-10,30,0,0,0,0,0,0,5,20,1,5,DOH000000000002014,1899-12-30,0,6,0,6,503,0,0,TINAMBAC MEDICARE COMMUNITY HOSPITAL
2020-04-02 5:18:41,2020-04-02 5:18:41,2020-04-02,95,0,8,0,274,1,7,500,20,5,400,DOH000000000002165,1899-12-30,260,6,1,14,75,500,17000,AMAI PAKPAK MEDICAL CENTER
2020-04-03 17:17:06,2020-04-03 17:17:06,2020-04-03,95,0,8,0,274,1,7,500,20,5,400,DOH000000000002165,1899-12-30,260,6,1,14,212,500,17000,AMAI PAKPAK MEDICAL CENTER
2020-04-10 14:49:37,2020-04-10 14:49:37,2020-04-10,150,0,8,0,200,1,5,350,200,5,300,DOH000000000002165,1899-12-30,220,6,1,14,384,400,16000,AMAI PAKPAK MEDICAL CENTER
2020-04-03 10:22:18,2020-04-03 10:22:18,2020-04-03,2,1,1,0,0,0,0,1,10,4,0,DOH000000000003385,1899-12-31,1,6,0,8,90,2,300,"BUTUAN PUERICULTURE CENTER NO. 394, INC."
2020-04-10 11:40:16,2020-04-10 11:40:16,2020-04-10,15,1,3,2,20,1,2,400,40,7,190,DOH000000000003412,1900-01-01,400,6,2,6,330,100,150,"SE?OR STO. NI?O HOSPITAL, INC."
2020-04-03 3:40:29,2020-04-03 3:40:29,2020-04-03,30,0,0,0,50,0,1,2,30,2,29,DOH000000000003490,1899-12-30,0,6,0,6,160,5,50,SAN ANDRES MUNICIPAL HOSPITAL
2020-04-10 13:29:39,2020-04-10 13:29:39,2020-04-10,30,0,0,0,25,0,1,1,20,2,25,DOH000000000003490,1899-12-30,0,6,0,6,359,3,25,SAN ANDRES MUNICIPAL HOSPITAL
2020-04-03 12:30:23,2020-04-03 12:30:23,2020-04-03,0,0,0,0,0,0,2,10,0,5,0,DOH000000000003810,1899-12-30,0,6,0,12,102,5,100,BUKIDNON PROVINCIAL HOSPITAL - SAN FERNANDO
2020-04-10 23:56:45,2020-04-10 23:56:45,2020-04-10,0,0,0,0,0,0,2,6,0,5,0,DOH000000000003810,1899-12-30,0,6,0,12,571,8,200,BUKIDNON PROVINCIAL HOSPITAL - SAN FERNANDO
2020-04-03 2:08:06,2020-04-03 2:08:06,2020-04-03,6,0,4,1,0,0,7,13,75,3,20,DOH000000000004415,1899-12-30,0,6,1,4,121,10,400,"GONZALES MARANAN MEDICAL CENTER, INC."
2020-04-11 10:33:37,2020-04-11 10:33:37,2020-04-11,85,0,4,1,0,0,7,13,100,3,40,DOH000000000004415,1899-12-30,0,6,1,4,589,15,400,"GONZALES MARANAN MEDICAL CENTER, INC."
2020-04-11 13:57:52,2020-04-11 13:57:52,2020-04-11,20,2,0,3,900,2,3,140,840,6,3000,DOH000000000005034,1900-01-01,50,6,4,6,599,1540,26000,WESTERN VISAYAS MEDICAL CENTER
2020-04-03 3:25:26,2020-04-03 3:25:26,2020-04-03,0,0,0,3,10,7,3,0,0,5,0,DOH000000000005071,1899-12-30,0,6,2,3,140,6,400,"ST. PAUL HOSPITAL OF TUGUEGARAO, INC."
2020-04-10 14:11:50,2020-04-10 14:11:50,2020-04-10,25,0,2,0,16,3,20,90,75,6,31,DOH000000000005199,1899-12-30,1,6,1,10,369,9,200,"ST. JOHN HOSPITAL, INC."
2020-04-10 15:10:19,2020-04-10 15:10:19,2020-04-10,10,0,0,0,0,0,6,5,30,4,10,DOH000000000005641,1899-12-30,0,6,0,6,396,10,10,DAVAO ORIENTAL PROV'L HOSP- GOV. GENEROSO
2020-03-27 16:45:19,2020-03-27 16:45:19,2020-03-27,1,0,0,4,0,2,6,10,10,2,10,DOH000000000006875,1899-12-30,1,6,0,6,12,0,300,"DIVINE MERCY HOSPITAL, INC."
2020-04-06 20:10:52,2020-04-06 20:10:52,2020-04-06,19,0,0,0,0,1,5,2,10,3,19,DOH000000000007028,1899-12-30,0,6,0,16,263,0,20,JESUS THE GOOD SHEPHERD HOSPITAL
2020-04-10 12:01:34,2020-04-10 12:01:34,2020-04-10,5,0,0,0,0,1,5,1,10,5,11,DOH000000000007028,1899-12-30,0,6,1,15,334,0,0,JESUS THE GOOD SHEPHERD HOSPITAL
2020-04-10 16:22:21,2020-04-10 16:22:21,2020-04-10,32,0,0,0,32,0,1,31,27,2,35,DOH000000000016768,1899-12-30,30,6,0,6,492,480,32,SAN JOSE DISTRICT HOSPITAL
2020-04-03 1:27:12,2020-04-03 1:27:12,2020-04-03,2,0,0,0,47,4,3,89,32,4,142,DOH000000000031927,1899-12-30,0,6,1,5,106,0,399,NICC DOCTORS HOSPITAL
2020-04-10 9:41:26,2020-04-10 9:41:26,2020-04-10,2,0,0,0,7,4,3,84,50,4,110,DOH000000000031927,1899-12-30,1,6,1,5,307,5,400,NICC DOCTORS HOSPITAL
2020-04-10 15:49:25,2020-04-10 15:49:25,2020-04-10,8,0,0,0,0,0,0,1,10,3,8,DOH000000000033979,1899-12-30,0,6,0,6,433,0,8,PNP HOSPITAL REGION 13
2020-04-03 17:11:40,2020-04-03 17:11:40,2020-04-03,92,1,12,3,174,2,13,40,96,10,585,DOH000000000034465,1900-01-01,8,6,2,7,209,30,1096,SANTIAGO MEDICAL CITY (NEW)
2020-03-28 12:36:48,2020-03-28 12:36:48,2020-03-28,25,0,6,8,1179,2,10,4390,4450,26,455,DOH000000000000459,1899-12-31,123,7,1,28,20,947,79200,COTABATO REGIONAL AND MEDICAL CENTER
2020-04-12 15:31:23,2020-04-12 15:31:23,2020-04-12,0,0,6,8,0,2,10,4310,0,26,25,DOH000000000000459,1899-12-31,142,7,1,28,621,1383,78700,COTABATO REGIONAL AND MEDICAL CENTER
2020-04-05 16:16:08,2020-04-05 16:16:08,2020-04-05,25,0,6,8,1000,2,10,4000,4000,26,150,DOH000000000000459,1899-12-31,70,7,1,28,250,850,70000,COTABATO REGIONAL AND MEDICAL CENTER
2020-04-03 4:11:22,2020-04-03 4:11:22,2020-04-03,0,0,0,0,0,0,4,2,60,5,30,DOH000000000002421,1899-12-30,0,7,0,18,180,2,30,BISLIG DISTRICT HOSPITAL
2020-04-10 16:50:25,2020-04-10 16:50:25,2020-04-10,0,0,0,0,0,0,4,1,40,2,20,DOH000000000002421,1899-12-30,0,7,0,18,524,2,50,BISLIG DISTRICT HOSPITAL
2020-04-10 15:45:03,2020-04-10 15:45:03,2020-04-10,14,0,0,3,0,1,6,10,20,3,15,DOH000000000004592,1899-12-30,1,7,1,4,425,2,15,ZAMBOANGA PUERICULTURE CENTER MATERNITY LYING-IN HOSPITAL
2020-04-10 10:41:12,2020-04-10 10:41:12,2020-04-10,0,0,0,0,0,0,6,0,25,5,0,DOH000000000005024,1899-12-30,0,7,0,8,318,0,0,MALITA DISTRICT HOSPITAL
2020-04-08 13:39:09,2020-04-08 13:39:09,2020-04-08,10,0,0,0,50,0,6,4,10,7,3,DOH000000000005166,1899-12-30,0,7,0,12,280,3,100,COMPOSTELA VALLEY PROVINCIAL HOSPITAL -MARAGUSAN
2020-04-10 13:03:49,2020-04-10 13:03:49,2020-04-10,10,0,0,0,50,0,6,10,10,7,3,DOH000000000005166,1899-12-30,0,7,0,12,350,3,100,COMPOSTELA VALLEY PROVINCIAL HOSPITAL -MARAGUSAN
2020-04-10 16:34:48,2020-04-10 16:34:48,2020-04-10,134,1,4,1,20,0,9,20,423,5,8,DOH000000000007489,1899-12-30,18,7,2,3,506,32,200,EASTERN BICOL MEDICAL CENTER
2020-04-03 12:25:13,2020-04-03 12:25:13,2020-04-03,100,2,7,2,100,4,8,25,75,1,0,DOH000000000025676,1899-12-31,1,7,2,17,100,50,100,"GRACE GENERAL HOSPITAL, INC."
2020-04-10 12:39:54,2020-04-10 12:39:54,2020-04-10,75,2,5,2,100,4,8,100,75,1,5,DOH000000000025676,1899-12-31,5,7,2,15,344,50,250,"GRACE GENERAL HOSPITAL, INC."
2020-04-08 15:52:57,2020-04-08 15:52:57,2020-04-08,40,0,3,3,30,0,11,4,50,1,80,DOH000000000031935,1899-12-30,1,7,0,12,282,4,200,"SAN FRANCISCO DOCTORS HOSPITAL, INC."
2020-04-10 18:36:05,2020-04-10 18:36:05,2020-04-10,12,0,6,1,30,2,8,20,12,2,20,DOH000000000032016,1899-12-30,2,7,0,22,551,20,60,"VALENCIA POLYMEDIC GENERAL HOSPITAL, INC."
2020-04-10 15:27:59,2020-04-10 15:27:59,2020-04-10,0,0,0,0,1080,0,12,15,50,8,0,DOH000000000000266,1899-12-30,0,8,0,6,409,0,52,CAMARINES NORTE PROVINCIAL HOSPITAL
2020-04-03 1:42:10,2020-04-03 1:42:10,2020-04-03,0,0,0,0,1180,0,6,15,73,8,0,DOH000000000000266,1899-12-30,7,8,0,10,109,18,62,CAMARINES NORTE PROVINCIAL HOSPITAL
2020-04-03 17:39:23,2020-04-03 17:39:23,2020-04-03,396,0,12,4,0,3,8,124,267,28,431,DOH000000000000271,1900-01-02,17,8,5,8,215,54,988,JOSE B. LINGAD MEMORIAL REGIONAL HOSPITAL
2020-04-10 15:51:13,2020-04-10 15:51:13,2020-04-10,570,0,12,4,316,3,8,4926,131,28,2364,DOH000000000000271,1900-01-02,27,8,5,8,439,478,6059,JOSE B. LINGAD MEMORIAL REGIONAL HOSPITAL
2020-03-31 3:51:53,2020-03-31 3:51:53,2020-03-31,0,0,5,2,0,1,2,100,100,3,400,DOH000000000000279,1899-12-30,10,8,2,10,44,14,3300,Culion Sanitarium and General Hospital
2020-04-03 1:50:43,2020-04-03 1:50:43,2020-04-03,0,0,5,2,0,1,2,100,50,3,200,DOH000000000000279,1899-12-30,5,8,2,10,112,8,2800,Culion Sanitarium and General Hospital
2020-04-10 8:04:49,2020-04-10 8:04:49,2020-04-10,4,0,0,0,20,0,6,4,18,1,3,DOH000000000000318,1899-12-30,0,8,0,8,283,0,100,DR. VICTOR S. VILLAROMAN MEMORIAL HOSPITAL
2020-04-10 22:24:43,2020-04-10 22:24:43,2020-04-10,196,0,0,1,220,2,5,478900,862,12,2189,DOH000000000000615,1899-12-30,0,8,2,6,570,1368,17600,LAS PI?AS GENERAL HOSPITAL & SATELLITE TRAUMA CENTER
2020-04-10 15:08:17,2020-04-10 15:08:17,2020-04-10,5,0,0,0,200,0,14,50,30,5,41,DOH000000000000652,1899-12-30,1,8,1,24,394,30,300,MASBATE MEDICAL MISSION GROUP HOSPITAL SERVICE COOPERATIVE
2020-04-10 16:42:23,2020-04-10 16:42:23,2020-04-10,30,0,5,7,43,3,13,14,5,8,14,DOH000000000000684,1899-12-30,1,8,2,29,515,240,800,"NOTRE DAME HOSPITAL AND SCHOOL OF MIDWIFERY, INC."
2020-04-06 10:01:54,2020-04-06 10:01:54,2020-04-06,30,0,5,7,48,3,8,47,5,8,14,DOH000000000000684,1899-12-30,1,8,2,26,253,245,900,"NOTRE DAME HOSPITAL AND SCHOOL OF MIDWIFERY, INC."
2020-03-27 15:00:23,2020-03-27 15:00:23,2020-03-27,30,0,5,7,50,3,13,50,5,8,14,DOH000000000000684,1899-12-30,1,8,2,29,10,250,1000,"NOTRE DAME HOSPITAL AND SCHOOL OF MIDWIFERY, INC."
2020-04-10 15:51:37,2020-04-10 15:51:37,2020-04-10,0,0,0,0,0,0,5,88,0,7,0,DOH000000000002141,1899-12-30,900,8,0,4,441,15,0,DR. LORENZO T. ZIGA MEMORIAL DISTRICT HOSPITAL
2020-04-10 16:00:34,2020-04-10 16:00:34,2020-04-10,8,0,0,0,25,0,14,3,30,2,50,DOH000000000002595,1899-12-30,3,8,0,12,459,5,50,"PANABO POLYMEDIC HOSPITAL, INC."
2020-03-27 8:47:03,2020-03-27 8:47:03,2020-03-27,0,0,0,0,0,0,5,20,30,10,20,DOH000000000004201,1899-12-30,0,8,0,17,4,2,30,MANDAUE CITY HOSPITAL
2020-04-03 1:45:17,2020-04-03 1:45:17,2020-04-03,0,0,0,0,0,0,5,22,100,10,25,DOH000000000004201,1899-12-30,0,8,0,17,110,1,400,MANDAUE CITY HOSPITAL
2020-04-12 11:02:01,2020-04-12 11:02:01,2020-04-12,2,0,0,0,100,0,5,1,50,7,17,DOH000000000004507,1899-12-30,1,8,0,8,616,79,100,NAGA CITY HOSPITAL
2020-04-03 12:02:28,2020-04-03 12:02:28,2020-04-03,140,0,5,1,140,2,13,3,140,2,140,DOH000000000005272,1900-01-04,3,8,5,17,96,3,140,MEDICAL MISSION GROUP HOSPITAL MULTIPURPOSE COOPERATIVE OF O
2020-04-02 4:02:30,2020-04-02 4:02:30,2020-04-02,0,0,0,0,0,0,3,2,4,6,0,DOH000000000005285,1899-12-31,0,8,0,8,67,0,20,ORIENTAL MINDORO SOUTHERN DISTRICT HOSPITAL
2020-04-06 10:46:03,2020-04-06 10:46:03,2020-04-06,10,0,3,0,7,0,2,1,50,3,9,DOH000000000007121,1899-12-30,7,8,0,8,255,0,11,ANGEL SALAZAR MEMORIAL GENERAL HOSPITAL
2020-04-10 16:43:57,2020-04-10 16:43:57,2020-04-10,6,0,3,0,19,0,2,44,19,4,19,DOH000000000007121,1899-12-30,6,8,0,8,517,13,19,ANGEL SALAZAR MEMORIAL GENERAL HOSPITAL
2020-04-10 15:59:12,2020-04-10 15:56:06,2020-04-10,0,0,0,0,5,2,4,0,10,10,0,DOH000000000037944,1899-12-30,0,8,0,9,449,0,30,F.P. URBIZTONDO MEDICAL HOSPITAL INC.
2020-04-03 3:54:54,2020-04-03 3:54:54,2020-04-03,0,0,0,0,5,2,4,0,10,10,0,DOH000000000037944,1899-12-30,0,8,0,9,169,0,30,F.P. URBIZTONDO MEDICAL HOSPITAL INC.
2020-04-10 16:04:10,2020-04-10 16:04:10,2020-04-10,20,0,0,0,70,1,9,8,70,7,30,DOH000000000002151,1899-12-30,5,9,0,25,466,5,70,"BETHEL BAPTIST HOSPITAL, INC."
2020-04-10 9:46:51,2020-04-10 9:46:51,2020-04-10,15,0,8,0,0,2,15,200,150,3,35,DOH000000000004631,1899-12-30,100,9,1,16,308,300,500,BLESSED FAMILY DOCTORS GENERAL HOSPITAL
2020-04-10 10:16:15,2020-04-10 10:16:15,2020-04-10,9,0,4,1,85,0,2,13,130,5,84,DOH000000000005052,1899-12-31,0,9,1,23,313,192,1080,"Dr. Fernando B. Duran, Sr. Memorial Hospital"
2020-04-04 15:50:51,2020-04-04 15:50:51,2020-04-04,25,0,4,1,215,0,2,17,13,5,42,DOH000000000005052,1899-12-31,0,9,1,23,238,50,968,"Dr. Fernando B. Duran, Sr. Memorial Hospital"
2020-04-03 12:40:04,2020-04-03 12:40:04,2020-04-03,4,0,0,0,25,0,7,7,122,6,1,DOH000000000005079,1899-12-30,3,9,0,18,103,5,80,HINATUAN DISTRICT HOSPITAL
2020-04-10 12:45:54,2020-04-10 12:45:54,2020-04-10,4,0,0,0,25,0,7,4,39,6,13,DOH000000000005079,1899-12-30,2,9,0,18,346,2,30,HINATUAN DISTRICT HOSPITAL
2020-04-10 14:27:40,2020-04-10 14:27:40,2020-04-10,10,1,6,0,0,0,7,108,0,0,42,DOH000000000005201,1900-01-01,21,9,0,20,374,40,4955,Batanes General Hospital
2020-04-03 9:12:45,2020-04-03 9:12:45,2020-04-03,10,1,6,0,0,0,7,112,0,0,42,DOH000000000005201,1900-01-01,21,9,0,20,82,50,5000,Batanes General Hospital
2020-04-03 1:59:48,2020-04-03 1:59:48,2020-04-03,245,0,2,7,200,2,3,392,58,4,247,DOH000000000030152,1899-12-30,12,9,0,3,116,27,7500,"ISABELA UNITED DOCTORS MEDICAL CENTER, INC."
2020-04-10 12:05:56,2020-04-10 12:05:56,2020-04-10,245,0,2,7,0,2,3,640,105,4,375,DOH000000000030152,1899-12-30,15,9,0,3,336,21,6500,"ISABELA UNITED DOCTORS MEDICAL CENTER, INC."
2020-04-07 8:39:22,2020-04-07 8:39:22,2020-04-07,5,0,0,0,0,0,4,2,3,6,0,DOH000000000032104,1899-12-30,0,9,0,12,264,2,0,OWWA MISAMIS ORIENTAL PROVINCIAL HOSPITAL- ALUBIJID
2020-03-29 15:25:43,2020-03-29 15:25:43,2020-03-29,0,0,3,3,87,1,3,3,56,10,0,DOH000000000034463,1899-12-30,4,9,1,9,25,5,103,QUALIMED HEALTH NETWORK SJDM
2020-04-10 21:57:18,2020-04-10 21:57:18,2020-04-10,10,0,0,0,0,0,10,5,50,5,0,DOH000000000037488,1899-12-30,0,9,0,30,568,2,100,DAET DOCTORS HOSPITAL INCORPORATED
2020-04-10 15:56:09,2020-04-10 15:56:09,2020-04-10,29,0,0,0,0,0,8,15,96,29,254,DOH000000000000426,1899-12-30,11,10,1,42,450,65,21,Basilan General Hospital
2020-04-06 15:49:48,2020-04-06 15:49:48,2020-04-06,220,7,8,2,523,11,19,754,109,14,0,DOH000000000000627,1899-12-31,310,10,4,94,260,467,2400,LUCENA UNITED DOCTORS INCORPORATED (formerly: LUCENA UNITED
2020-04-10 12:45:43,2020-04-10 12:45:43,2020-04-10,5,0,0,0,130,0,5,24,45,2,46,DOH000000000002119,1899-12-30,2,10,0,10,345,2,40,ROXAS MEDICARE HOSPITAL
2020-04-03 3:54:22,2020-04-03 3:54:22,2020-04-03,6,0,0,0,126,0,5,21,0,9,2,DOH000000000002119,1899-12-30,1,10,0,10,168,0,350,ROXAS MEDICARE HOSPITAL
2020-04-03 10:41:26,2020-04-03 10:41:26,2020-04-03,200,0,2,2,200,1,2,30,300,9,500,DOH000000000002162,1900-01-01,40,10,0,14,91,20,300,CAGAYAN VALLEY MEDICAL CENTER
2020-04-06 11:31:17,2020-04-06 11:31:17,2020-04-06,30,0,0,0,1350,2,2,660,65,5,100,DOH000000000002212,1899-12-30,50,10,0,9,257,160,5000,Dr. PJGMRMC Talavera Extension Hospital
2020-04-10 15:45:00,2020-04-10 15:45:00,2020-04-10,100,0,0,0,150,0,5,200,250,9,200,DOH000000000002732,1899-12-30,50,10,0,11,424,80,500,MISAMIS ORIENTAL PROVINCIAL HOSPITAL - INITAO
2020-04-10 15:12:08,2020-04-10 15:12:08,2020-04-10,2,1,3,0,200,0,8,80,4,8,0,DOH000000000002821,1899-12-30,0,10,0,13,397,0,100,ANDRES SORIANO MEMORIAL HOSPITAL COOPERATIVE
2020-04-03 2:09:25,2020-04-03 2:09:25,2020-04-03,2,1,3,0,200,0,8,91,4,8,0,DOH000000000002821,1899-12-30,0,10,0,13,122,2,200,ANDRES SORIANO MEMORIAL HOSPITAL COOPERATIVE
2020-04-01 9:23:11,2020-04-01 9:23:11,2020-04-01,695,0,10,0,0,1,7,36,0,5,388,DOH000000000003095,1899-12-31,2,10,1,10,49,87,147,SIQUIJOR PROVINCIAL HOSPITAL
2020-04-04 20:08:49,2020-04-04 20:08:49,2020-04-04,96,0,9,2,200,2,13,240,33,8,36,DOH000000000005453,1899-12-30,0,10,1,10,244,20,1710,ISABELA DOCTORS GENERAL HOSPITAL
2020-04-10 17:07:29,2020-04-10 17:07:29,2020-04-10,84,0,9,2,250,2,13,240,517,8,120,DOH000000000005453,1899-12-30,84,10,1,10,533,16,1384,ISABELA DOCTORS GENERAL HOSPITAL
2020-04-08 11:32:36,2020-04-08 11:32:36,2020-04-08,0,0,0,0,0,0,5,30,0,4,25,DOH000000000005925,1899-12-30,2,10,0,18,278,0,30,CATIGBIAN DISTRICT HOSPITAL
2020-04-10 19:12:39,2020-04-10 19:12:39,2020-04-10,48,1,0,1,400,2,1,75,83,8,100,DOH000000000006039,1900-01-01,35,10,0,4,554,1600,15500,"MAYOR HILARION A. RAMIRO, SR., MEDICAL CENTER"
2020-04-10 17:18:15,2020-04-10 17:18:15,2020-04-10,3,0,0,0,3,3,7,3,3,5,0,DOH000000000000387,1899-12-30,1,11,0,16,538,0,0,SUNGA HOSPITAL
2020-04-08 8:51:59,2020-04-08 8:51:59,2020-04-08,8,0,0,0,5,0,6,0,10,7,4,DOH000000000002848,1899-12-30,20,11,0,41,277,100,5,DAVAO DEL NORTE HOSPITAL ( CARMEN ZONE)
2020-04-10 11:21:50,2020-04-10 11:21:50,2020-04-10,3,0,0,0,90,0,5,33,68,0,78,DOH000000000003211,1899-12-30,28,11,0,21,328,71,91,DVO. ORIENTAL PROV'L HOSP.- LUPON
2020-04-11 12:08:01,2020-04-11 12:08:01,2020-04-11,35,0,9,0,45,3,19,300,105,9,10,DOH000000000003769,1899-12-31,3,11,1,40,596,135,850,"BUTUAN DOCTORS? HOSPITAL AND COLLEGE, INCORPORATED"
2020-04-03 2:48:23,2020-04-03 2:48:23,2020-04-03,40,0,9,0,50,3,19,335,108,9,11,DOH000000000003769,1899-12-31,4,11,1,40,125,150,900,"BUTUAN DOCTORS? HOSPITAL AND COLLEGE, INCORPORATED"
2020-04-10 16:41:11,2020-04-10 16:41:11,2020-04-10,25,0,0,0,150,0,9,18,50,5,150,DOH000000000004362,1899-12-30,6,11,0,10,511,21,100,LIBMANAN DISTRICT HOSPITAL
2020-04-07 10:53:34,2020-04-07 10:53:34,2020-04-07,8,0,0,0,5,0,0,0,10,7,4,DOH000000000006493,1899-12-30,20,11,0,42,267,100,5,Eversley Childs Sanitarium
2020-04-10 17:08:26,2020-04-10 17:08:26,2020-04-10,45,0,0,0,100,1,0,80,30,5,25,DOH000000000000386,1899-12-30,60,12,0,0,534,6,100,"STA. MARIA JOSEFA HOSPITAL FOUNDATION, INC"
2020-04-10 9:41:18,2020-04-10 9:41:18,2020-04-10,0,8,4,6,100,1,8,10,30,2,30,DOH000000000000393,1899-12-30,2,12,1,2,306,30,100,RAMOS GENERAL HOSPITAL
2020-04-10 19:23:23,2020-04-10 19:23:23,2020-04-10,3,0,0,0,11,0,9,9,781,15,20,DOH000000000000743,1899-12-30,6,12,0,32,556,17,32,SCHISTOSOMIASIS HOSPITAL
2020-03-28 7:56:41,2020-03-28 7:56:41,2020-03-28,13,0,0,0,20,2,2,420,5,3,60,DOH000000000002212,1899-12-30,47,12,0,5,13,70,2300,Dr. PJGMRMC Talavera Extension Hospital
2020-04-10 15:48:22,2020-04-10 15:47:24,2020-04-10,10,0,8,0,1000,3,12,30,20,4,100,DOH000000000002479,1900-01-02,3,12,1,30,429,10,1000,"DIGOS DOCTORS? HOSPITAL, INC."
2020-04-10 16:06:32,2020-04-10 16:06:32,2020-04-10,16,0,0,0,3,0,5,71,25,5,20,DOH000000000003065,1899-12-30,3,12,0,8,470,124,25,NARRA MUNICIPAL HOSPITAL
2020-04-06 12:40:42,2020-04-06 12:40:42,2020-04-06,16,0,0,0,20,1,12,10,102,3,20,DOH000000000003246,1900-01-02,1,12,1,32,258,10,102,R DE C GALVEZ MEDICAL CENTER
2020-04-10 14:14:27,2020-04-10 14:14:27,2020-04-10,26,0,0,0,100,1,13,4,34,3,0,DOH000000000003246,1900-01-02,0,12,1,36,371,6,200,R DE C GALVEZ MEDICAL CENTER
2020-04-10 13:19:43,2020-04-10 13:19:43,2020-04-10,55,0,15,0,84,3,7,68400,30,2,306,DOH000000000004971,1900-01-05,3560,12,1,4,354,7100,145,"GENERAL SANTOS DOCTORS? HOSPITAL, INC."
2020-04-03 3:31:29,2020-04-03 3:31:29,2020-04-03,94,0,15,0,11,3,7,95830,0,2,428,DOH000000000004971,1900-01-05,830,12,1,4,149,6902,11,"GENERAL SANTOS DOCTORS? HOSPITAL, INC."
2020-04-03 4:05:08,2020-04-03 4:05:08,2020-04-03,65,2,10,5,100,2,12,140,100,10,65,DOH000000000005093,1899-12-30,2,12,1,37,178,9,100,"V.L. MAKABALI MEMORIAL HOSPITAL, INC."
2020-04-04 17:04:20,2020-04-04 17:04:20,2020-04-04,87,0,0,0,69,2,1,6,58,1,37,DOH000000000005762,1899-12-31,34,12,2,10,242,5,100,"CAGAYAN DE ORO MEDICAL CENTER, INC."
2020-04-12 15:10:06,2020-04-12 15:10:06,2020-04-12,50,0,0,0,100,2,1,10,50,1,100,DOH000000000005762,1899-12-31,30,12,2,10,620,10,100,"CAGAYAN DE ORO MEDICAL CENTER, INC."
2020-04-03 18:31:26,2020-04-03 18:31:26,2020-04-03,34,3,10,7,881,2,5,95,81,17,698,DOH000000000006596,1899-12-31,60,12,2,22,219,196,1336,TONDO MEDICAL CENTER
2020-04-10 10:45:38,2020-04-10 10:45:38,2020-04-10,153,3,20,7,221,2,28,76,471,19,534,DOH000000000006596,1900-01-01,96,12,2,20,321,411,2756,TONDO MEDICAL CENTER
2020-04-10 15:58:04,2020-04-10 15:58:04,2020-04-10,30,2,8,2,0,2,27,100,1100,35,100,DOH000000000002749,1900-01-01,40,13,2,92,452,50,300,ORIENTAL MINDORO PROVINCIAL HOSPITAL
2020-04-02 3:52:12,2020-04-02 3:52:12,2020-04-02,100,2,8,2,50,2,28,200,200,20,300,DOH000000000002749,1900-01-02,10,13,3,92,65,30,200,ORIENTAL MINDORO PROVINCIAL HOSPITAL
2020-04-07 12:39:35,2020-04-07 12:39:35,2020-04-07,0,0,0,0,0,0,2,2,50,4,62,DOH000000000002910,1899-12-30,10,13,0,28,270,10,800,ZAMBOANGA SIBUGAY PROVINCIAL HOSPITAL
2020-04-11 18:46:58,2020-04-11 18:46:58,2020-04-11,30,2,0,10,100,3,6,400,100,5,100,DOH000000000003314,1900-01-01,10,13,2,15,608,30,100,MOTHER TERESA OF CALCUTTA MEDICAL CENTER
2020-04-04 15:54:42,2020-04-04 15:54:42,2020-04-04,100,2,0,10,0,3,6,500,100,5,60,DOH000000000003314,1900-01-01,20,13,2,15,239,50,5000,MOTHER TERESA OF CALCUTTA MEDICAL CENTER
2020-04-10 16:13:24,2020-04-10 16:13:24,2020-04-10,37,0,0,0,300,0,10,7,54,16,65,DOH000000000003906,1899-12-30,21,13,0,10,480,4,400,BUKIDNON PROVINCIAL HOSPITAL - KIBAWE
2020-04-10 20:46:03,2020-04-10 20:46:03,2020-04-10,51,2,0,2,60,0,4,129,52,5,214,DOH000000000005984,1899-12-30,52,13,0,9,564,1954,6513,"DAVAO MEDICAL SCHOOL FOUNDATION, INC."
2020-04-02 3:46:46,2020-04-02 3:46:46,2020-04-02,85,1,12,5,100,2,2,130,25,5,6,DOH000000000006497,1900-01-01,2,13,1,25,64,37,400,"DE VERA MEDICAL CENTER, INC."
2020-04-10 14:47:32,2020-04-10 14:47:32,2020-04-10,50,1,12,5,50,2,2,145,100,5,450,DOH000000000006497,1900-01-01,16,13,1,25,383,50,300,"DE VERA MEDICAL CENTER, INC."
2020-04-10 16:49:23,2020-04-10 16:49:23,2020-04-10,2,0,0,0,10,0,6,30,200,5,12,DOH000000000002132,1899-12-30,0,14,0,25,521,8,150,MANGATAREM DISTRICT HOSPITAL
2020-04-03 1:58:51,2020-04-03 1:58:51,2020-04-03,212,0,13,7,2000,1,2,300,2000,6,200,DOH000000000003191,1899-12-30,250,14,3,26,115,10000,2000,DE LOS SANTOS MEDICAL CENTER
2020-04-10 20:19:23,2020-04-10 18:04:44,2020-04-10,212,0,13,7,2000,1,2,300,2000,6,200,DOH000000000003191,1899-12-30,250,14,3,26,545,200,2000,DE LOS SANTOS MEDICAL CENTER
2020-04-01 4:09:18,2020-04-01 4:09:18,2020-04-01,300,0,13,7,1000,1,2,300,0,6,350,DOH000000000003191,1899-12-30,250,14,3,26,52,10000,1000,DE LOS SANTOS MEDICAL CENTER
2020-04-03 4:34:03,2020-04-03 4:34:03,2020-04-03,20,0,0,0,100,0,5,250,20,15,20,DOH000000000003667,1899-12-30,1,14,1,12,194,2,100,NUEVA VIZCAYA PROVINCIAL HOSPITAL
2020-04-10 13:21:24,2020-04-10 13:21:24,2020-04-10,100,1,13,8,250,4,16,100,103,4,150,DOH000000000005288,1900-01-04,17,14,4,9,356,55,580,"BROKENSHIRE INTEGRATED HEALTH MINISTRIES, INC."
2020-04-03 9:33:13,2020-04-03 9:33:13,2020-04-03,0,0,0,0,0,0,12,31,71,15,51,DOH000000000005469,1899-12-30,18,14,0,51,84,95,75,SULU SANITARIUM
2020-03-30 11:45:35,2020-03-30 11:45:35,2020-03-30,6,0,0,0,180,0,0,796,0,4,46,DOH000000000008577,1899-12-30,3,14,0,0,32,15,2500,COTABATO SANITARIUM
2020-03-28 8:34:22,2020-03-28 8:34:22,2020-03-28,109,0,1,0,300,3,5,3840,10,5,95,DOH000000000000278,1899-12-30,800,15,1,15,15,4840,500,BICOL MEDICAL CENTER
2020-04-10 9:38:14,2020-04-10 9:38:14,2020-04-10,96,0,2,0,250,3,5,3600,80,5,240,DOH000000000000278,1899-12-30,650,15,1,15,305,4620,300,BICOL MEDICAL CENTER
2020-04-04 9:54:38,2020-04-04 9:53:05,2020-04-04,99,0,2,0,202,3,5,3725,100,5,360,DOH000000000000278,1899-12-30,720,15,1,15,229,4740,400,BICOL MEDICAL CENTER
2020-04-03 10:00:11,2020-04-03 10:00:11,2020-04-03,0,0,0,0,0,0,7,5,50,5,3,DOH000000000001506,1899-12-30,0,15,0,18,88,1,0,CABADBARAN DISTRICT HOSPITAL
2020-04-10 14:08:30,2020-04-10 14:08:30,2020-04-10,51,1,19,1,60,5,22,85,25,5,101,DOH000000000001873,1900-01-09,8,15,1,5,368,52,700,"UNIVERSIDAD DE STA. ISABEL DE NAGA, INC."
2020-04-04 13:34:04,2020-04-04 13:34:04,2020-04-04,484,1,13,10,1343,2,20,3305,473,8,405,DOH000000000005288,1900-01-12,41,15,3,93,236,455,7390,"BROKENSHIRE INTEGRATED HEALTH MINISTRIES, INC."
2020-04-03 9:06:42,2020-04-03 9:06:42,2020-04-03,12,0,0,7,0,3,15,14,0,7,0,DOH000000000032086,1899-12-30,0,16,2,12,80,98,150,SKYLINE HOSPITAL AND MEDICAL CENTER
2020-04-10 10:01:47,2020-04-10 10:01:47,2020-04-10,6,0,0,7,0,3,15,24,0,7,50,DOH000000000032086,1899-12-30,1,16,2,12,311,81,175,SKYLINE HOSPITAL AND MEDICAL CENTER
2020-04-11 11:44:56,2020-04-11 11:44:56,2020-04-11,15,0,12,4,40,1,4,30,50,7,7,DOH000000000005002,1899-12-30,1,17,1,0,593,3,50,ILOCOS SUR PROVINCIAL HOSPITAL GABRIELA SILANG
2020-04-03 11:38:02,2020-04-03 11:38:02,2020-04-03,50,1,5,1,0,3,1,12,50,53,90,DOH000000000005567,1900-01-02,80,17,3,9,95,100,100,"ILOILO DOCTORS? HOSPITAL, INCORPORATED"
2020-04-12 19:23:42,2020-04-12 19:23:42,2020-04-12,50,1,5,1,0,3,1,15,30,53,22,DOH000000000005567,1900-01-02,70,17,3,9,623,90,500,"ILOILO DOCTORS? HOSPITAL, INCORPORATED"
2020-03-27 16:24:22,2020-03-27 16:24:22,2020-03-27,30,1,17,1,50,3,1,10,20,52,20,DOH000000000005567,1900-01-02,50,17,3,9,11,30,1000,"ILOILO DOCTORS? HOSPITAL, INCORPORATED"
2020-04-10 15:58:56,2020-04-10 15:58:56,2020-04-10,32,0,13,0,34,0,15,12,21,24,34,DOH000000000002143,1899-12-30,2,18,0,60,454,12,286,BUTUAN MEDICAL CENTER
2020-04-03 16:43:11,2020-04-03 16:43:11,2020-04-03,10,1,9,7,100,0,2,171,1,11,150,DOH000000000003141,1899-12-30,4,18,1,58,200,53,9800,WEST METRO MEDICAL CENTER
2020-04-03 4:18:48,2020-04-03 4:18:48,2020-04-03,823,5,3,6,739,2,19,181,1442,49,57,DOH000000000003313,1900-01-23,38,18,1,55,185,342,6262,SOUTHERN ISABELA GENERAL HOSPITAL
2020-04-10 17:06:46,2020-04-10 17:06:46,2020-04-10,774,5,3,6,1149,2,19,176,1813,49,446,DOH000000000003313,1900-01-23,45,18,1,55,531,305,9067,SOUTHERN ISABELA GENERAL HOSPITAL
2020-04-10 16:11:56,2020-04-10 16:11:56,2020-04-10,10,0,12,0,61,2,22,20,120,15,50,DOH000000000007016,1899-12-30,70,18,3,26,479,80,200,"MARIA REYNA-XAVIER UNIVERSITY HOSPITAL, INC."
2020-04-11 9:51:29,2020-04-11 9:51:29,2020-04-11,10,0,0,0,30,0,2,18,204,18,360,DOH000000000000625,1899-12-30,70,19,0,5,587,20,1500,LORENZO D. ZAYCO DISTRICT HOSPITAL
2020-04-03 16:39:55,2020-04-03 16:39:55,2020-04-03,20,0,0,0,200,0,13,10,50,28,0,DOH000000000002694,1899-12-31,2,20,0,46,198,4,200,JOSE C. PAYUMO JR. MEMORIAL HOSPITAL
2020-04-06 11:23:49,2020-04-06 11:23:49,2020-04-06,0,8,14,5,7692,4,23,30,7,16,0,DOH000000000003715,1899-12-31,1,21,4,24,256,2,0,THE MEDICAL CITY - ILOILO
2020-04-10 8:14:01,2020-04-10 8:14:01,2020-04-10,0,3,14,5,15335,4,23,150,45,16,280,DOH000000000003715,1899-12-31,7,21,4,24,289,100,206,THE MEDICAL CITY - ILOILO
2020-04-03 4:17:28,2020-04-03 4:17:28,2020-04-03,11,0,0,3,77,0,2,20,115,30,551,DOH000000000004707,1900-01-03,410,21,1,5,183,1729,6,ADELA SERRA TY MEMORIAL MEDICAL CENTER
2020-04-10 15:46:46,2020-04-10 15:46:46,2020-04-10,11,0,0,3,77,0,2,20,115,30,441,DOH000000000004707,1900-01-03,20,21,1,5,427,1729,6,ADELA SERRA TY MEMORIAL MEDICAL CENTER
2020-04-07 15:43:59,2020-04-07 15:43:59,2020-04-07,20,10,21,10,0,4,21,10000,9,9,30,DOH000000000005449,1899-12-30,8,23,2,84,271,50,7000,"URDANETA SACRED HEART HOSPITAL, INC."
2020-04-10 16:54:07,2020-04-10 16:54:07,2020-04-10,30,3,11,10,0,2,8,92,50,20,120,DOH000000000002703,1899-12-30,160,24,2,18,528,42,176,REGION II TRAUMA AND MEDICAL CENTER      (VETERANS REGIONAL
2020-04-03 3:03:54,2020-04-03 3:03:54,2020-04-03,324,3,11,10,400,2,8,210,261,20,624,DOH000000000002703,1899-12-30,11,24,2,18,130,16,2000,REGION II TRAUMA AND MEDICAL CENTER      (VETERANS REGIONAL
2020-04-03 4:24:59,2020-04-03 4:24:59,2020-04-03,250,1,62,12,65,3,41,12,20,48,42,DOH000000000002593,1899-12-30,268,25,1,162,188,961,116,MARIANO MARCOS MEMORIAL HOSPITAL AND MEDICAL CENTER
2020-04-10 12:39:20,2020-04-10 12:39:20,2020-04-10,54,1,62,12,302,3,41,10,20,48,356,DOH000000000002593,1899-12-30,114,25,1,162,342,7,0,MARIANO MARCOS MEMORIAL HOSPITAL AND MEDICAL CENTER
2020-03-27 14:04:21,2020-03-27 14:04:21,2020-03-27,402,5,3,6,0,2,19,40,0,49,300,DOH000000000003313,1900-01-21,40,25,1,48,9,160,0,SOUTHERN ISABELA GENERAL HOSPITAL
2020-04-10 16:25:06,2020-04-10 16:25:06,2020-04-10,845,4,5,4,827,1,14,3093,1268,1,1573,DOH000000000004299,1899-12-30,207,26,1,68,496,145,323784,CORAZON LOCSIN MONTELIBANO MEMORIAL REGIONAL HOSPITAL
2020-04-11 15:11:03,2020-04-11 15:11:03,2020-04-11,118,2,0,2,150,2,10,700,2835,7,190,DOH000000000004460,1899-12-30,80,30,1,31,604,650,100,BULACAN MEDICAL CENTER
2020-04-03 3:26:08,2020-04-03 3:26:08,2020-04-03,20,0,3,0,0,1,3,130,23,0,57,DOH000000000004529,1899-12-31,5,30,1,22,143,6,8000,"ADVENTIST HOSPITAL-PALAWAN, INC."
2020-04-10 13:20:33,2020-04-10 13:20:33,2020-04-10,20,0,3,0,0,1,3,14000,22,0,57,DOH000000000004529,1899-12-31,37,30,1,22,355,353,2500,"ADVENTIST HOSPITAL-PALAWAN, INC."
2020-04-06 18:01:33,2020-04-06 18:01:33,2020-04-06,157,0,10,9,1580,5,18,7,814,16,76,DOH000000000006037,1899-12-30,17,30,1,0,262,87,1219,"MARY JOHNSTON HOSPITAL, INC."
2020-04-03 18:59:24,2020-04-03 18:59:24,2020-04-03,2,2,4,7,25,1,15,84,72,29,3,DOH000000000000272,1899-12-31,2,37,1,12,221,10,15,JAMES L. GORDON MEMORIAL HOSPITAL
2020-04-12 22:37:46,2020-04-12 22:37:46,2020-04-12,264,1,12,7,566,2,19,31,27,48,950,DOH000000000002777,1900-01-01,45,43,1,50,624,56,900,ILOCOS TRAINING AND REGIONAL MEDICAL CENTER
2020-04-11 10:29:41,2020-04-11 10:29:41,2020-04-11,1346,5,30,30,33000,3,60,4795,1337,100,2054,DOH000000000005937,1900-01-04,4074,50,3,60,588,13127,10000,VICENTE SOTTO MEMORIAL MEDICAL CENTER
2020-04-10 13:42:03,2020-04-10 13:42:03,2020-04-10,0,14,54,14,0,4,50,320,0,141,0,DOH000000000000273,1900-01-12,7,62,3,346,361,0,0,REGION I MEDICAL CENTER
2020-03-27 12:17:40,2020-03-27 12:17:40,2020-03-27,41,14,54,14,0,4,50,2243,0,141,470,DOH000000000000273,1900-01-12,64,62,3,346,7,100,1800,REGION I MEDICAL CENTER
2020-04-03 16:56:41,2020-04-03 16:56:41,2020-04-03,0,6,54,14,0,4,50,950,0,141,200,DOH000000000000273,1900-01-12,30,62,3,346,206,0,1100,REGION I MEDICAL CENTER
2020-04-03 3:21:52,2020-04-03 3:21:52,2020-04-03,14210,0,76,14,20589,5,141,11855,2176,47,2594,DOH000000000000637,1900-01-04,80,124,9,108,137,6264,95988,MAKATI MEDICAL CENTER
2020-03-30 14:08:45,2020-03-30 12:26:40,2020-03-30,803,0,76,8,22089,3,133,12604,22,29,4825,DOH000000000000637,1900-01-05,157,124,8,108,34,6687,66428,MAKATI MEDICAL CENTER
2020-04-11 19:03:02,2020-04-11 19:03:02,2020-04-11,13042,0,76,17,12211,3,140,10667,1525,32,3092,DOH000000000000637,1900-01-03,230,124,7,108,610,5916,87882,MAKATI MEDICAL CENTER