updateddate,addeddate,reportdate,gown,resident,id_specialist,er_nurse,head_cover,n95mask,icu_nurse,gloves,surgmask,mechvent_tech,id,ward_nurse,pulmo,shoe_cover,respthe,ic_specialist,hfhudcode,face_shield,goggles,medtech,cfname
2020-04-03 3:59:01,2020-04-03 3:59:01,2020-04-03,9,0,0,0,30,2,0,5,2,0,173,0,0,0,0,0,DOH000000000033472,15,0,0,ROVILLOS HOSPITAL
2020-04-10 15:55:52,2020-04-10 15:55:52,2020-04-10,0,0,0,0,0,0,0,0,0,0,446,0,0,0,0,0,DOH000000000000579,0,0,0,JAMELARIN HOSPITAL
2020-04-10 15:25:00,2020-04-10 15:25:00,2020-04-10,0,0,0,0,0,0,0,3,3,0,403,0,0,0,0,0,DOH000000000000363,0,0,0,DR. ROBOSA HOSPITAL
2020-04-03 2:15:36,2020-04-03 2:15:36,2020-04-03,2,0,0,0,20,0,0,2,2,0,123,0,0,0,0,0,DOH000000000000757,0,0,0,ST. CLAIRE HOSPITAL
2020-04-07 8:57:33,2020-04-07 8:57:33,2020-04-07,2,0,0,0,18,0,0,2,2,0,265,0,0,0,0,0,DOH000000000000757,0,0,0,ST. CLAIRE HOSPITAL
2020-04-10 16:10:23,2020-04-10 16:10:23,2020-04-10,2,0,0,0,18,0,0,2,2,0,478,0,0,0,0,0,DOH000000000000757,0,0,0,ST. CLAIRE HOSPITAL
2020-04-10 16:05:12,2020-04-10 16:05:12,2020-04-10,4,0,0,0,10,1,0,4,1,0,467,0,0,0,0,0,DOH000000000037303,10,4,0,VIACRUCIS INFIRMARY
2020-04-06 14:50:04,2020-04-06 14:50:04,2020-04-06,0,0,0,0,5,0,0,10,2,0,259,0,0,0,0,0,DOH000000000032075,20,0,0,JUVELO FAMILY CLINIC
2020-04-10 18:33:17,2020-04-10 18:33:17,2020-04-10,112,0,0,0,120,0,0,6,2,0,549,0,0,100,0,0,DOH000000000035681,40,35,0,LEGAZPI CITY HOSPITAL
2020-04-03 2:54:08,2020-04-03 2:54:08,2020-04-03,50,0,0,0,2700,12,0,20,40,0,127,0,0,0,0,0,DOH000000000003315,20,2,0,ABELLA MIDWAY HOSPITAL
2020-04-03 4:28:31,2020-04-03 4:28:31,2020-04-03,5,0,0,0,25,0,0,2,0,0,190,0,0,7,0,0,DOH000000000002490,10,10,0,AMOROSO MEDICAL CLINIC
2020-04-10 16:23:14,2020-04-10 16:23:14,2020-04-10,3,0,0,0,10,0,0,0,0,0,495,0,0,7,0,0,DOH000000000002490,10,10,0,AMOROSO MEDICAL CLINIC
2020-04-10 14:58:59,2020-04-10 14:58:59,2020-04-10,295,0,0,0,7200,696,0,3418,802,0,390,0,0,640,0,0,DOH000000000004534,0,0,0,DAVAO DOCTORS HOSPITAL
2020-04-03 3:24:28,2020-04-03 3:24:28,2020-04-03,710,0,0,0,600,86,0,3992,963,0,139,0,0,0,0,0,DOH000000000004534,0,630,0,DAVAO DOCTORS HOSPITAL
2020-04-10 16:00:13,2020-04-10 16:00:13,2020-04-10,0,0,0,0,0,0,0,0,0,0,458,0,0,0,0,0,DOH000000000006900,0,0,0,R AND L MEDICAL CLINIC
2020-04-03 12:13:25,2020-04-03 12:13:25,2020-04-03,0,1,0,0,0,0,0,1,1,0,99,1,0,0,0,0,DOH000000000004522,0,0,0,SEÑOR TESORO HOSPITAL
2020-04-06 9:03:40,2020-04-06 9:03:40,2020-04-06,10,0,0,0,700,1,0,270,15,0,252,0,0,0,0,0,DOH000000000038151,15,0,0,DARAGA DOCTORS HOSPITAL
2020-04-04 8:44:06,2020-04-04 8:44:06,2020-04-04,30,0,0,0,10,1,0,30,2,0,227,0,0,25,0,0,DOH000000000038151,10,0,0,DARAGA DOCTORS HOSPITAL
2020-04-10 8:12:23,2020-04-10 8:12:23,2020-04-10,3,0,0,0,600,25,0,100,10,0,287,0,0,0,0,0,DOH000000000038151,10,0,0,DARAGA DOCTORS HOSPITAL
2020-04-10 15:56:01,2020-04-10 15:56:01,2020-04-10,2,0,0,0,100,0,0,2,0,0,447,0,0,0,0,0,DOH000000000027113,15,2,0,HIBO-FRANCISCO HOSPITAL
2020-04-10 16:22:48,2020-04-10 16:22:48,2020-04-10,0,0,0,0,0,0,0,1,1,0,493,0,0,0,0,0,DOH000000000037946,3,0,0,LB CRUEL MEDICAL CLINIC
2020-04-03 4:10:15,2020-04-03 4:10:15,2020-04-03,102,0,0,0,2074,7,0,105,52,0,179,0,0,10,0,0,DOH000000000000672,28,23,0,MINDANAO MEDICAL CENTER
2020-04-10 15:45:19,2020-04-10 15:28:17,2020-04-10,32,0,0,0,827,10,0,80,27,0,410,0,0,0,0,0,DOH000000000000672,0,5,0,MINDANAO MEDICAL CENTER
2020-04-10 9:25:17,2020-04-10 9:25:17,2020-04-10,10,0,0,0,30,10,0,3,3,0,304,0,0,20,0,0,DOH000000000001933,8,5,0,MIRANDA FAMILY HOSPITAL
2020-04-10 9:52:11,2020-04-10 9:52:11,2020-04-10,0,0,0,0,0,0,0,0,0,0,309,0,0,0,0,0,DOH000000000024002,0,0,0,TIGAON PRIMARY HOSPITAL
2020-04-03 17:13:21,2020-04-03 17:13:21,2020-04-03,0,0,0,0,0,3,0,5,3,0,210,0,0,0,0,0,DOH000000000003928,0,1,0,LIANGA DISTRICT HOSPITAL
2020-04-10 14:44:31,2020-04-10 14:44:31,2020-04-10,0,0,0,0,0,3,0,6,2,0,380,0,0,1,0,0,DOH000000000003928,5,1,0,LIANGA DISTRICT HOSPITAL
2020-04-12 9:45:54,2020-04-12 9:45:54,2020-04-12,55,3,0,0,400,2,0,30,10,0,614,4,0,100,0,0,DOH000000000001880,2,70,1,PALANAN STATION HOSPITAL
2020-04-03 3:19:13,2020-04-03 3:19:13,2020-04-03,25,0,0,0,25,0,0,5,5,0,135,4,0,25,0,0,DOH000000000003553,25,3,2,PALAWAN BAPTIST HOSPITAL
2020-04-10 16:22:00,2020-04-10 16:22:00,2020-04-10,0,0,0,0,0,0,0,0,0,0,491,0,0,0,0,0,DOH000000000000477,0,0,0,DRAZEN COMMUNITY HOSPITAL
2020-04-10 8:06:27,2020-04-10 8:06:27,2020-04-10,0,0,0,0,389,7,0,83,18,0,284,0,0,0,0,0,DOH000000000004052,0,0,0,ITBAYAT DISTRICT HOSPITAL
2020-04-10 11:48:57,2020-04-10 11:48:57,2020-04-10,7,0,0,0,0,10,0,2,0,0,331,0,0,0,0,0,DOH000000000006020,12,0,0,JASAAN MUNICIPAL HOSPITAL
2020-04-10 15:46:26,2020-04-10 15:46:26,2020-04-10,6,0,0,0,90,14,0,4,66,0,426,0,0,10,0,0,DOH000000000002154,8,10,0,LORETO MUNICIPAL HOSPITAL
2020-04-10 16:48:34,2020-04-10 16:48:34,2020-04-10,10,0,0,0,50,0,0,3,2,0,520,0,0,0,0,0,DOH000000000000384,23,0,0,LYCEUM OF APARRI HOSPITAL
2020-04-03 4:02:07,2020-04-03 4:02:07,2020-04-03,10,0,0,0,50,0,0,50,0,0,176,0,0,0,0,0,DOH000000000000384,23,0,0,LYCEUM OF APARRI HOSPITAL
2020-04-10 16:19:21,2020-04-10 16:19:21,2020-04-10,6,0,0,0,0,0,0,1,1,0,488,0,0,0,0,0,DOH000000000001955,16,0,0,MAGTABOG GENERAL HOSPITAL
2020-04-03 1:53:40,2020-04-03 1:53:40,2020-04-03,350,0,0,0,1200,10,0,62,2,0,113,0,0,240,0,0,DOH000000000003561,90,2,0,MANUEL J. SANTOS HOSPITAL
2020-04-11 8:30:21,2020-04-11 8:30:21,2020-04-11,300,0,0,0,1000,1,0,500,10,0,580,0,0,500,0,0,DOH000000000003561,0,2,0,MANUEL J. SANTOS HOSPITAL
2020-04-10 16:53:10,2020-04-10 16:53:10,2020-04-10,3,0,0,0,0,1,0,4,1,0,527,0,0,0,0,0,DOH000000000005962,8,5,0,RETUERMA GENERAL HOSPITAL
2020-04-10 16:09:10,2020-04-10 16:09:10,2020-04-10,1,0,0,0,20,0,0,2,2,0,474,0,0,1,0,0,DOH000000000004568,0,1,0,SARANGANI MUNICIPAL HOSP.
2020-04-10 16:31:44,2020-04-10 16:31:44,2020-04-10,0,2,0,0,50,1,0,350,2,0,499,6,0,0,0,0,DOH000000000002851,0,5,1,SOCORRO DISTRICT HOSPITAL
2020-04-03 11:01:50,2020-04-03 11:01:50,2020-04-03,0,2,0,0,100,0,0,300,0,0,93,5,0,0,0,0,DOH000000000002851,0,15,1,SOCORRO DISTRICT HOSPITAL
2020-04-10 15:59:19,2020-04-10 15:59:19,2020-04-10,0,0,0,0,0,0,0,0,0,0,455,4,0,0,0,0,DOH000000000002129,0,0,0,CLAVERIA DISTRICT HOSPITAL
2020-04-10 15:51:36,2020-04-10 15:51:36,2020-04-10,0,0,0,0,175,0,0,8,11,0,440,0,0,0,0,0,DOH000000000037412,4,12,0,HOSPITAL DE ZAMBOANGA INC.
2020-04-10 16:27:27,2020-04-10 16:27:27,2020-04-10,6,1,0,0,25,8,0,5,2,0,497,1,0,5,0,0,DOH000000000002843,15,0,1,JABONGA MUNICIPAL HOSPITAL
2020-04-10 16:39:06,2020-04-10 16:39:06,2020-04-10,6,0,0,0,70,0,0,10,1,0,509,0,0,0,0,0,DOH000000000037752,30,3,0,MANUPAC DOCTORS HEALTHCARE
2020-04-03 3:12:53,2020-04-03 3:12:53,2020-04-03,4,0,0,0,6,6,0,6,1,0,134,0,0,1,0,0,DOH000000000005446,5,4,0,PATHFINDER ESTATE HOSPITAL
2020-04-10 15:59:19,2020-04-10 15:59:19,2020-04-10,5,0,0,0,5,6,0,6,0,0,456,0,0,3,0,0,DOH000000000005446,10,4,0,PATHFINDER ESTATE HOSPITAL
2020-04-11 15:12:31,2020-04-11 15:12:31,2020-04-11,11,0,0,0,3,0,0,10,0,0,605,0,0,1,0,0,DOH000000000000338,50,7,0,VIACRUCIS MEDICAL HOSPITAL
2020-04-10 16:16:24,2020-04-10 16:16:24,2020-04-10,0,0,0,0,0,0,0,0,0,0,485,0,0,0,0,0,DOH000000000003764,0,0,0,BONGCAS HOLY CHILD HOSPITAL
2020-04-10 16:35:06,2020-04-10 16:35:06,2020-04-10,0,0,0,0,0,0,0,2,1,0,507,0,0,0,0,0,DOH000000000001663,20,30,0,CARAMOAN MUNICIPAL HOSPITAL
2020-04-12 15:59:09,2020-04-12 15:59:09,2020-04-12,279,0,0,0,400,58,0,92,26,0,622,0,0,225,0,0,DOH000000000000587,1137,293,0,J.R. BORJA GENERAL HOSPITAL
2020-04-10 16:22:54,2020-04-10 16:22:54,2020-04-10,0,1,0,0,0,0,0,0,0,0,494,1,0,0,0,0,DOH000000000037754,10,0,0,JABONGA COMMUNITY INFIRMARY
2020-04-10 12:07:03,2020-04-10 12:07:03,2020-04-10,8,0,0,0,8,0,0,100,20,0,337,0,0,8,0,0,DOH000000000004957,10,8,0,OLUTANGA MUNICIPAL HOSPITAL
2020-04-10 11:19:13,2020-04-10 11:19:13,2020-04-10,18,0,0,0,500,1,0,56,17,0,327,0,0,10,0,0,DOH000000000000385,57,27,0,OUR LADY MEDIATRIX HOSPITAL
2020-04-03 3:37:25,2020-04-03 3:37:25,2020-04-03,50,0,0,0,150,4,0,50,0,0,157,0,0,70,0,0,DOH000000000002495,93,17,0,SAN CARLOS DOCTORS' HOSPITAL
2020-04-10 15:43:35,2020-04-10 15:43:35,2020-04-10,46,0,0,0,350,4,0,20,0,0,423,0,0,70,0,0,DOH000000000002495,30,15,0,SAN CARLOS DOCTORS' HOSPITAL
2020-04-10 15:49:52,2020-04-10 15:49:52,2020-04-10,30,0,0,0,0,0,0,0,0,0,434,0,0,0,0,0,DOH000000000007513,15,4,0,BAYUGAN CITY DOCTORS HOSPITAL
2020-04-03 4:00:38,2020-04-03 4:00:38,2020-04-03,40,0,0,0,0,1,0,5,2,0,174,0,0,0,0,0,DOH000000000007513,30,6,0,BAYUGAN CITY DOCTORS HOSPITAL
2020-04-10 14:37:17,2020-04-10 14:37:17,2020-04-10,217,0,0,0,337,2,0,7,16,0,376,0,0,175,0,0,DOH000000000004969,18,80,0,CAMP NAVARRO GENERAL HOSPITAL
2020-04-10 17:20:58,2020-04-10 17:20:58,2020-04-10,148,10,2,0,100,300,9,11,350,0,539,25,3,440,2,1,DOH000000000000268,103,246,3,DAVAO REGIONAL MEDICAL CENTER
2020-03-31 12:47:54,2020-03-31 12:47:54,2020-03-31,12,0,0,0,108,8,0,7,8,0,43,0,0,20,0,0,DOH000000000000770,22,12,1,ST. MARTIN'S MISSION HOSPITAL
2020-04-10 19:02:00,2020-04-10 19:02:00,2020-04-10,266,0,0,0,266,998,0,97,480,0,553,0,0,0,0,0,DOH000000000004076,225,49,0,"ADVENTIST HOSPITAL-DAVAO, INC."
2020-04-03 21:10:24,2020-04-03 21:10:24,2020-04-03,106,0,0,0,106,700,0,100,160,0,226,0,0,0,0,0,DOH000000000004076,200,5,0,"ADVENTIST HOSPITAL-DAVAO, INC."
2020-04-10 21:24:14,2020-04-10 21:24:14,2020-04-10,7,0,0,0,0,0,0,3,10,0,567,0,0,0,0,0,DOH000000000000377,8,2,0,"DAVAO MEDIQUEST HOSPITAL, INC."
2020-04-10 15:39:16,2020-04-10 15:39:16,2020-04-10,10,0,0,0,8,1,0,3,0,0,417,0,0,0,0,0,DOH000000000003562,50,1,0,TRIFON SAILE MEMORIAL HOSPITAL
2020-04-07 16:20:40,2020-04-07 16:20:40,2020-04-07,0,0,0,0,0,0,0,0,0,0,272,0,0,0,0,0,DOH000000000000553,0,0,0,GINGOOG SANITARIUM AND HOSPITAL
2020-04-11 6:59:57,2020-04-11 6:59:57,2020-04-11,50,0,0,0,100,5,0,10,5,0,573,0,0,100,0,0,DOH000000000004637,70,30,0,"NAZARETH GENERAL HOSPITAL, INC."
2020-04-05 7:05:41,2020-04-05 7:05:41,2020-04-05,50,0,0,0,50,2,0,10,5,0,245,0,0,50,0,0,DOH000000000004637,30,30,0,"NAZARETH GENERAL HOSPITAL, INC."
2020-03-29 11:09:14,2020-03-29 11:09:14,2020-03-29,6,0,0,0,20,1,0,3,3,0,23,0,0,20,0,0,DOH000000000004637,10,6,0,"NAZARETH GENERAL HOSPITAL, INC."
2020-04-10 15:39:25,2020-04-10 15:39:25,2020-04-10,0,0,0,0,10,2,0,5,10,0,418,0,0,0,0,0,DOH000000000000472,10,0,0,"DIGNUM FOUNDATION HOSPITAL, INC."
2020-04-10 12:15:06,2020-04-10 12:15:06,2020-04-10,0,0,0,0,0,0,0,0,0,0,339,0,0,0,0,0,DOH000000000004692,0,0,0,NEW BULAN ST. JUDE MEDICAL CLINIC
2020-04-10 16:09:12,2020-04-10 16:09:12,2020-04-10,10,0,0,0,50,0,0,10,5,0,475,0,0,0,0,0,DOH000000000000390,20,0,0,"TANCHULING GENERAL HOSPITAL, INC."
2020-04-10 15:27:34,2020-04-10 15:27:34,2020-04-10,11,0,1,0,50,5,0,107,42,0,408,0,0,164,0,0,DOH000000000007036,97,0,0,"ZAMBOANGA DOCTORS? HOSPITAL, INC."
2020-04-10 13:58:01,2020-04-10 13:58:01,2020-04-10,8,0,0,0,10,1,0,2,2,0,365,0,0,0,0,0,DOH000000000002752,10,2,0,CARLOS P. ACOSTA CLINIC & HOSPITAL
2020-04-03 3:05:32,2020-04-03 3:05:32,2020-04-03,0,0,0,0,4000,15,0,200,100,0,131,0,0,0,0,0,DOH000000000032023,200,20,0,"DIVINE MERCY WELLNESS CENTER, INC."
2020-04-10 8:33:03,2020-04-10 8:33:03,2020-04-10,61,0,0,0,400,5,0,20,22,0,290,0,0,135,0,0,DOH000000000005811,49,41,0,"RICARDO LIMSO MEDICAL CENTER, INC."
2020-04-04 13:03:38,2020-04-04 13:03:38,2020-04-04,76,0,0,0,300,6,0,22,20,0,235,0,0,157,0,0,DOH000000000005811,40,45,0,"RICARDO LIMSO MEDICAL CENTER, INC."
2020-04-10 16:05:38,2020-04-10 16:05:38,2020-04-10,6,0,0,0,0,0,0,30,0,0,468,0,0,6,0,0,DOH000000000033471,40,50,0,"SAN MATEO MULTICARE HOSPITAL, INC."
2020-04-10 10:29:01,2020-04-10 10:29:01,2020-04-10,39,0,0,0,2600,28,0,444,64,0,316,0,0,1475,0,0,DOH000000000006592,245,123,0,SOUTH COTABATO PROVINCIAL HOSPITAL
2020-04-03 3:35:35,2020-04-03 3:35:35,2020-04-03,5,0,0,0,200,0,0,40,20,0,154,0,0,0,0,0,DOH000000000002993,10,5,0,"ANDA RIVERVIEW MEDICAL CENTER, INC."
2020-04-10 16:16:33,2020-04-10 16:16:33,2020-04-10,40,0,0,0,0,0,0,10,10,0,486,0,0,0,0,0,DOH000000000035565,20,0,0,"APAYAO CAGAYAN MEDICAL CENTER, INC."
2020-04-10 16:49:55,2020-04-10 16:49:55,2020-04-10,11,0,0,0,25,1,0,5,5,0,522,0,0,11,0,0,DOH000000000024471,50,11,0,CAMP ELIAS ANGELES STATION HOSPITAL
2020-04-10 15:40:49,2020-04-10 15:40:49,2020-04-10,10,0,0,0,10,1,0,2,2,0,420,0,0,5,0,0,DOH000000000007971,10,10,0,WILFREDO C. PALMA MEMORIAL HOSPITAL
2020-04-03 16:57:10,2020-04-03 16:57:10,2020-04-03,0,0,0,0,0,0,0,10,0,0,207,0,0,3,0,0,DOH000000000007971,5,7,0,WILFREDO C. PALMA MEMORIAL HOSPITAL
2020-04-03 12:12:55,2020-04-03 12:12:55,2020-04-03,10,0,0,0,20,1,0,2,1,0,98,0,0,20,0,0,DOH000000000032432,2,10,0,"BRIGINO GENERAL HOSPITAL, INC. (New)"
2020-04-11 8:28:32,2020-04-11 8:28:32,2020-04-11,15,0,0,0,100,0,0,3,1,0,579,0,0,50,0,0,DOH000000000032432,10,10,0,"BRIGINO GENERAL HOSPITAL, INC. (New)"
2020-04-03 4:22:42,2020-04-03 4:22:42,2020-04-03,5,0,0,0,5,0,0,2,19,0,186,0,0,5,0,0,DOH000000000003758,40,3,0,BUGASONG MEDICARE COMMUNITY HOSPITAL
2020-04-10 15:35:58,2020-04-10 15:35:58,2020-04-10,11,0,0,0,6,0,0,2,14,0,416,0,0,6,0,0,DOH000000000003758,40,4,0,BUGASONG MEDICARE COMMUNITY HOSPITAL
2020-04-10 15:23:49,2020-04-10 15:23:49,2020-04-10,0,0,0,0,0,0,0,0,0,0,402,0,0,0,0,0,DOH000000000033251,0,0,0,AURORA COMMUNITY & EMERGENCY HOSPITAL
2020-04-10 9:56:42,2020-04-10 9:56:42,2020-04-10,2,0,0,0,10,0,0,2,2,0,310,0,0,0,0,0,DOH000000000000471,0,0,0,DELBERT JON'S POLYCLINIC INCORPORATED
2020-04-10 13:15:53,2020-04-10 13:15:53,2020-04-10,7,0,0,0,1000,4,0,15,20,0,352,0,0,0,0,0,DOH000000000004926,100,7,0,GIG OCA ROBLES SEAMEN?S HOSPITAL DAVAO
2020-04-03 3:28:18,2020-04-03 3:28:18,2020-04-03,7,0,0,0,1000,4,0,15,20,0,147,0,0,0,0,0,DOH000000000004926,100,7,0,GIG OCA ROBLES SEAMEN?S HOSPITAL DAVAO
2020-04-03 16:41:44,2020-04-03 16:41:44,2020-04-03,3,0,0,0,10,0,0,3,3,0,199,0,0,2,0,0,DOH000000000005566,50,0,0,"PLTC, INC. LUIS A. TIAM MEDICAL CENTER"
2020-04-03 9:42:07,2020-04-03 9:42:07,2020-04-03,0,0,0,0,100,2,0,15,3,0,86,0,0,0,0,0,DOH000000000034333,3,0,0,CARRASCAL PRIMARY HEALTH CARE INFIRMARY
2020-04-10 14:00:37,2020-04-10 14:00:37,2020-04-10,0,0,0,0,600,1,0,84,2,0,366,0,0,0,0,0,DOH000000000034333,90,0,0,CARRASCAL PRIMARY HEALTH CARE INFIRMARY
2020-04-10 15:14:04,2020-04-10 15:14:04,2020-04-10,35,0,0,0,75,0,0,3,1,0,398,0,0,10,0,0,DOH000000000004959,40,15,0,MAYOR JOAQUIN MACIAS MEMORIAL INFIRMARY
2020-04-11 18:49:21,2020-04-11 18:49:21,2020-04-11,5,0,0,0,10,2,0,1,2,0,609,0,0,5,0,0,DOH000000000011589,10,2,0,"MOTHER OF MERCY HOSPITAL-TACLOBAN, INC."
2020-04-10 16:45:07,2020-04-10 16:45:07,2020-04-10,9,0,0,0,150,0,0,9,1,0,518,0,0,0,0,0,DOH000000000002597,0,18,0,"ST. JOHN GENERAL HOSPITAL OF BUUG, INC."
2020-04-03 12:29:20,2020-04-03 12:29:20,2020-04-03,3,0,0,0,200,1,0,10,3,0,101,0,0,0,0,0,DOH000000000002597,0,20,0,"ST. JOHN GENERAL HOSPITAL OF BUUG, INC."
2020-04-10 16:41:27,2020-04-10 16:41:27,2020-04-10,8,0,0,0,8,0,0,1,0,0,512,0,0,8,0,0,DOH000000000007527,20,8,0,UNIVERSIDAD DE ZAMBOANGA MEDICAL CENTER
2020-04-10 19:47:57,2020-04-10 19:47:57,2020-04-10,172,3,0,0,10887,530,0,293,766,0,559,5,0,108,0,0,DOH000000000007488,130,103,1,DAVAO ORIENTAL PROVINCIAL MEDICAL CENTER
2020-04-10 20:00:18,2020-04-10 20:00:18,2020-04-10,0,0,0,0,0,0,0,0,0,0,561,0,0,0,0,0,DOH000000000004256,0,0,0,DR. SOFRONIO B. GARCIA MEMORIAL HOSPITAL
2020-04-10 9:11:03,2020-04-10 9:11:03,2020-04-10,2,0,0,0,0,0,0,2,3,0,301,0,0,0,0,0,DOH000000000023762,0,2,0,ASENTISTA DOCTORS HOSPITAL AND LABORATORY
2020-04-03 3:26:40,2020-04-03 3:26:40,2020-04-03,0,0,0,0,0,0,0,0,0,0,145,0,0,0,0,0,DOH000000000023762,0,0,0,ASENTISTA DOCTORS HOSPITAL AND LABORATORY
2020-04-10 16:32:22,2020-04-10 16:32:22,2020-04-10,8,0,0,0,50,2,0,100,36,0,500,0,0,0,0,0,DOH000000000001656,1,12,0,BUKIDNON PROVINCIAL HOSPITAL - KALILANGAN
2020-04-10 17:30:34,2020-04-10 17:30:34,2020-04-10,6,0,0,0,50,0,0,20,0,0,541,0,0,0,0,0,DOH000000000003441,15,4,0,DR. BONIFACIA V. ALBANO MEMORIAL HOSPITAL
2020-04-03 3:26:03,2020-04-03 3:26:03,2020-04-03,18,0,0,0,100,5,0,50,50,0,142,0,0,100,0,0,DOH000000000000389,18,18,0,"LEON D. HERNANDEZ MEMORIAL HOSPITAL, INC."
2020-04-10 8:47:10,2020-04-10 8:47:10,2020-04-10,5,0,0,0,100,0,0,2,2,0,292,0,0,0,0,0,DOH000000000002452,20,2,0,LILOY INTEGRATED HEALTH DISTRICT HOSPITAL
2020-04-12 3:41:34,2020-04-12 3:41:34,2020-04-12,16,0,0,0,382,5,0,11,22,0,612,0,0,82,0,0,DOH000000000004797,44,14,0,OZAMIS CITY SAINT JOSEPH GENERAL HOSPITAL
2020-04-04 16:30:59,2020-04-04 16:30:59,2020-04-04,20,0,0,0,400,5,0,10,200,0,240,0,0,100,0,0,DOH000000000004797,40,10,0,OZAMIS CITY SAINT JOSEPH GENERAL HOSPITAL
2020-04-11 8:28:19,2020-04-11 8:28:19,2020-04-11,2,0,0,0,2,2,0,2,2,0,578,0,0,2,0,0,DOH000000000032445,2,2,0,BARRIOS-BUSINOS MEDICAL CLINIC AND HOSPITAL
2020-04-10 17:02:22,2020-04-10 17:02:22,2020-04-10,300,0,0,0,150,15,0,150,50,0,529,0,0,200,0,0,DOH000000000004517,50,5,0,"DR. MARCELO M. CHAN MEMORIAL HOSPITAL, INC."
2020-04-03 1:29:03,2020-04-03 1:29:03,2020-04-03,25,0,0,0,4,1,0,3,5,0,107,0,0,5,0,0,DOH000000000003555,40,3,0,SPECIALIST GROUP HOSPITAL AND TRAUMA CENTER
2020-04-10 15:41:17,2020-04-10 15:41:17,2020-04-10,40,0,0,0,327,4,0,61,71,0,421,0,0,8,0,0,DOH000000000005127,191,0,0,"ADVENTIST MEDICAL CENTER-VALENCIA CITY, INC."
2020-04-10 16:27:40,2020-04-10 16:27:40,2020-04-10,10,0,0,0,0,0,0,3,10,0,498,0,0,0,0,0,DOH000000000000461,30,0,0,CRISPIN M. PARAGAS MEMORIAL HOSPITAL (Curuan)
2020-04-10 17:27:15,2020-04-10 17:27:15,2020-04-10,0,5,0,0,0,0,0,4,0,0,540,7,0,0,0,0,DOH000000000000143,0,0,1,ELVIN U. MASIGAN INTEGRATED MEMORIAL HOSPITAL
2020-04-10 16:35:50,2020-04-10 16:35:50,2020-04-10,0,0,0,0,0,1,0,3,2,0,508,0,0,0,0,0,DOH000000000037893,13,0,0,GONZALES MEDICAL-SURGICAL AND BIRTHING CLINIC
2020-04-11 14:17:43,2020-04-11 14:17:43,2020-04-11,100,0,0,0,200,20,0,100,300,0,600,0,0,0,0,0,DOH000000000027955,200,50,0,"METRO DAVAO MEDICAL AND RESEARCH CENTER, INC."
2020-04-11 12:05:54,2020-04-11 12:05:54,2020-04-11,0,0,0,0,50,0,0,1,1,0,595,0,0,0,0,0,DOH000000000007512,60,10,0,"CAGAYAN DE ORO POLYMEDIC GENERAL HOSPITAL, INC."
2020-04-10 10:26:55,2020-04-10 10:26:55,2020-04-10,0,0,0,0,0,0,0,1,0,0,315,0,0,0,0,0,DOH000000000000323,7,0,0,BUNGABONG-SANICO MEDICAL CLINIC & MATERNITY HOSPITAL
2020-04-11 9:14:09,2020-04-11 9:14:09,2020-04-11,0,0,0,0,0,0,0,0,0,0,583,0,0,0,0,0,DOH000000000003975,0,0,0,NUESTRO ESPIRITU MEDICAL-SURGICAL AND DIAGNOSTIC CLINIC
2020-04-04 11:50:25,2020-04-04 11:50:25,2020-04-04,15,0,0,0,115,4,0,0,0,0,232,0,0,16,0,0,DOH000000000001668,0,22,0,VICE GOVERNOR FRANCISCO PONCE DE LEON MEMORIAL HOSPITAL
2020-04-10 16:50:18,2020-04-10 16:50:18,2020-04-10,28,0,0,0,33,25,0,2,4,0,523,0,0,62,0,0,DOH000000000001668,30,21,0,VICE GOVERNOR FRANCISCO PONCE DE LEON MEMORIAL HOSPITAL
2020-04-11 8:59:07,2020-04-11 8:59:07,2020-04-11,50,0,0,0,200,2,0,50,50,0,582,0,0,10,0,0,DOH000000000007482,200,50,0,DAVAO DEL NORTE HOSPITAL (ISALND GARDEN CITY OF SAMAL ZONE)
2020-04-02 5:13:26,2020-04-02 5:13:26,2020-04-02,50,0,0,0,1000,500,0,5000,500,0,74,0,0,200,0,0,DOH000000000006003,1000,10,0,"CAPITOL UNIVERSITY MEDICAL CENTER FOUNDATION OF CAGAYAN, INC"
2020-04-10 14:22:31,2020-04-10 14:22:31,2020-04-10,758,0,0,0,1200,5,0,240,240,0,373,0,0,1100,0,0,DOH000000000030198,30,32,0,INDIGINEOUS PEOPLES HOSPITAL FOUNDATION OF THE DIOCESE OF BA
2020-04-10 13:19:08,2020-04-10 13:19:08,2020-04-10,45,0,0,0,0,0,0,20,65,0,353,0,0,0,0,0,DOH000000000003751,40,0,0,MEDICAL MISSION GROUP HOSPITAL AND HEALTH SERVICES COOPERATI
2020-04-03 17:58:18,2020-04-03 17:58:18,2020-04-03,7,0,0,0,25,0,0,0,0,0,217,0,0,0,0,0,DOH000000000003751,40,0,0,MEDICAL MISSION GROUP HOSPITAL AND HEALTH SERVICES COOPERATI
2020-04-10 18:34:46,2020-04-10 18:34:46,2020-04-10,13,0,0,0,4900,6,0,700,140,0,550,0,0,50,0,0,DOH000000000003620,106,0,0,SORSOGON MEDICAL MISSION GROUP HOSPITAL AND HEALTH SERVICES
2020-04-03 18:46:07,2020-04-03 18:46:07,2020-04-03,9,0,0,0,7000,11,0,308,252,0,220,0,0,76,0,0,DOH000000000003620,77,0,0,SORSOGON MEDICAL MISSION GROUP HOSPITAL AND HEALTH SERVICES
2020-03-30 12:24:23,2020-03-30 12:24:23,2020-03-30,0,0,0,0,10000,13,0,334,19,0,33,0,0,26,0,0,DOH000000000003620,21,73,0,SORSOGON MEDICAL MISSION GROUP HOSPITAL AND HEALTH SERVICES
2020-04-10 14:12:58,2020-04-10 14:12:58,2020-04-10,0,1,0,1,0,0,0,1,0,0,370,1,0,0,0,0,DOH000000000007055,10,0,1,STO. NINO HOSPITAL
2020-03-28 11:51:19,2020-03-28 11:51:19,2020-03-28,10,1,0,1,50,0,0,448,3,0,19,2,0,10,0,0,DOH000000000005964,10,5,1,DIVINE WORD HOSPITAL
2020-04-03 3:32:14,2020-04-03 3:32:14,2020-04-03,0,1,0,1,0,0,0,0,0,0,150,1,0,0,0,0,DOH000000000006900,0,0,0,R AND L MEDICAL CLINIC
2020-03-31 4:14:49,2020-03-31 4:14:49,2020-03-31,0,1,0,1,2,0,0,1,1,0,45,1,0,0,0,0,DOH000000000004522,0,0,0,SEÑOR TESORO HOSPITAL
2020-04-10 15:28:47,2020-04-10 15:28:47,2020-04-10,0,1,0,1,0,0,0,1,1,0,411,1,0,0,0,0,DOH000000000004522,0,0,0,SEÑOR TESORO HOSPITAL
2020-04-10 11:25:57,2020-04-10 11:25:57,2020-04-10,0,3,0,1,0,0,0,1,1,0,329,1,0,0,0,0,DOH000000000004924,13,3,1,ST. MAGDALENE HOSPITAL
2020-04-02 5:56:08,2020-04-02 5:56:08,2020-04-02,0,3,0,1,0,0,0,1,1,0,76,1,0,0,0,0,DOH000000000004924,13,0,1,ST. MAGDALENE HOSPITAL
2020-04-03 3:22:36,2020-04-03 3:22:36,2020-04-03,0,3,0,1,0,0,0,1,1,0,138,1,0,0,0,0,DOH000000000004924,13,3,1,ST. MAGDALENE HOSPITAL
2020-04-11 15:53:43,2020-04-11 15:53:43,2020-04-11,21,3,0,1,0,0,0,5,10,0,606,4,0,0,0,0,DOH000000000000261,0,2,1,VIGA DISTRICT HOSPITAL
2020-04-10 14:07:26,2020-04-10 14:07:26,2020-04-10,5,3,0,1,0,3,0,1,0,0,367,1,0,0,0,0,DOH000000000002761,0,0,3,SAINT LAWRENCE HOSPITAL
2020-04-03 1:49:41,2020-04-03 1:49:41,2020-04-03,0,3,0,1,0,0,0,1,0,0,111,1,0,0,0,0,DOH000000000002761,0,0,3,SAINT LAWRENCE HOSPITAL
2020-04-06 16:30:34,2020-04-06 16:30:34,2020-04-06,50,1,0,1,20,0,0,5,0,0,261,1,1,20,0,0,DOH000000000004078,40,5,1,SAN FERNANDINO HOSPITAL
2020-04-11 0:24:34,2020-04-11 0:24:34,2020-04-11,50,1,0,1,20,0,0,3,2,0,572,1,1,20,0,0,DOH000000000004078,40,5,1,SAN FERNANDINO HOSPITAL
2020-04-10 9:21:25,2020-04-10 9:21:25,2020-04-10,0,1,0,1,0,0,0,3,0,0,302,3,1,0,0,0,DOH000000000003877,10,0,0,TABLAS DOCTORS HOSPITAL
2020-04-02 3:43:46,2020-04-02 3:43:46,2020-04-02,0,1,0,1,0,0,0,0,0,0,63,3,1,0,0,0,DOH000000000003877,63,0,0,TABLAS DOCTORS HOSPITAL
2020-04-02 4:06:45,2020-04-02 4:06:45,2020-04-02,5,2,0,1,0,18,0,50,50,0,68,6,0,0,0,0,DOH000000000000231,9,9,3,LUBANG DISTRICT HOSPITAL
2020-04-10 16:41:41,2020-04-10 16:41:41,2020-04-10,27,2,0,1,0,1,0,10,1,0,513,6,0,50,0,0,DOH000000000000231,20,50,3,LUBANG DISTRICT HOSPITAL
2020-04-03 4:03:18,2020-04-03 4:03:18,2020-04-03,9,2,0,1,0,1,0,1,1,0,177,6,0,0,0,0,DOH000000000000231,0,6,3,LUBANG DISTRICT HOSPITAL
2020-04-11 9:34:51,2020-04-11 9:34:51,2020-04-11,1,1,0,1,30,0,0,0,0,0,584,1,0,0,0,0,DOH000000000003554,3,3,1,PUYAOAN GENERAL HOSPITAL
2020-04-03 16:46:51,2020-04-03 16:46:51,2020-04-03,32,0,0,1,92,4,0,10,5,0,203,0,0,25,0,0,DOH000000000000228,106,25,0,QUEZON MEDICARE HOSPITAL
2020-04-03 3:19:28,2020-04-03 3:19:28,2020-04-03,10,1,0,1,150,1,0,20,5,0,136,2,0,20,0,0,DOH000000000005454,20,5,1,KABASALAN GENRAL HOSPITAL
2020-04-10 15:39:30,2020-04-10 15:39:30,2020-04-10,10,1,0,1,150,1,0,20,5,0,419,2,0,20,0,0,DOH000000000005454,20,5,1,KABASALAN GENRAL HOSPITAL
2020-04-03 17:24:13,2020-04-03 17:24:13,2020-04-03,5,1,0,1,15,2,0,5,5,0,213,6,0,15,0,0,DOH000000000000019,20,0,1,LA PAZ MUNICIPAL HOSPITAL
2020-04-11 7:44:59,2020-04-11 7:44:59,2020-04-11,5,1,0,1,15,2,0,2,0,0,574,6,0,15,0,0,DOH000000000000019,20,0,1,LA PAZ MUNICIPAL HOSPITAL
2020-04-10 17:15:32,2020-04-10 17:15:32,2020-04-10,0,2,0,1,0,0,0,0,0,0,536,2,0,0,0,0,DOH000000000000004,0,0,1,LABASON DISTRICT HOSPITAL
2020-04-07 12:06:54,2020-04-07 12:06:54,2020-04-07,1,1,0,1,0,0,0,3,4,0,268,2,0,0,0,0,DOH000000000000621,8,1,2,LINGIG COMMUNITY HOSPITAL
2020-04-03 4:16:35,2020-04-03 4:16:35,2020-04-03,10,3,0,1,20,2,0,20,70,0,182,3,0,0,0,0,DOH000000000002713,0,15,2,PALUAN COMMUNITY HOSPITAL
2020-04-10 16:02:41,2020-04-10 16:02:41,2020-04-10,10,3,0,1,20,2,0,25,60,0,463,3,0,4,0,0,DOH000000000002713,40,12,2,PALUAN COMMUNITY HOSPITAL
2020-04-10 15:58:47,2020-04-10 15:58:47,2020-04-10,1,1,0,1,1,0,0,1,1,0,453,1,0,1,0,0,DOH000000000027779,1,1,0,SIBUCO MUNICIPAL HOSPITAL
2020-04-10 16:34:19,2020-04-10 16:34:19,2020-04-10,0,1,0,1,0,0,0,10,0,0,505,5,0,0,0,0,DOH000000000005786,15,0,1,SIBUYAN DISTRICT HOSPITAL
2020-04-10 15:58:03,2020-04-10 15:58:03,2020-04-10,15,1,0,1,200,3,0,5,2,0,451,1,0,0,0,0,DOH000000000002462,50,30,1,SIPOCOT DISTRICT HOSPITAL
2020-04-10 21:13:31,2020-04-10 21:13:31,2020-04-10,28,1,0,1,20,8,0,8,4,0,565,1,0,10,0,0,DOH000000000000060,54,30,0,SIRUMA MUNICIPAL HOSPITAL
2020-04-03 3:28:06,2020-04-03 3:28:06,2020-04-03,9,1,0,1,20,0,0,4,0,0,146,2,0,0,0,0,DOH000000000002532,10,0,1,ST. PAUL GENERAL HOSPITAL
2020-04-10 12:03:55,2020-04-10 12:03:55,2020-04-10,9,1,0,1,20,0,0,4,0,0,335,2,0,0,0,0,DOH000000000002532,10,0,1,ST. PAUL GENERAL HOSPITAL
2020-04-10 9:04:13,2020-04-10 9:04:13,2020-04-10,11,4,0,1,0,1,0,1,4,0,298,1,0,0,0,0,DOH000000000023750,12,8,1,BALO-I PROVINCIAL HOSPITAL
2020-04-03 20:37:13,2020-04-03 20:37:13,2020-04-03,0,0,0,1,10,2,0,3,5,0,224,1,0,2,0,0,DOH000000000000643,5,2,1,MALIMONO DISTRICT HOSPITAL
2020-04-10 10:43:10,2020-04-10 10:43:10,2020-04-10,0,1,0,1,10,2,0,2,4,0,320,1,0,2,0,0,DOH000000000000643,10,3,1,MALIMONO DISTRICT HOSPITAL
2020-04-10 15:48:54,2020-04-10 15:48:54,2020-04-10,2,1,0,1,2,0,0,10,1,0,432,2,0,0,0,0,DOH000000000000747,10,0,1,SIBUTAD MUNICIPAL HOSPITAL
2020-04-10 14:53:47,2020-04-10 14:53:47,2020-04-10,25,2,0,1,0,0,0,0,0,0,385,1,0,0,0,0,DOH000000000005204,15,3,1,MARIHATAG DISTRICT HOSPITAL
2020-04-03 9:32:10,2020-04-03 9:32:10,2020-04-03,25,2,0,1,15,0,0,0,3,0,83,1,0,4,0,0,DOH000000000005204,7,3,1,MARIHATAG DISTRICT HOSPITAL
2020-03-26 14:28:06,2020-03-26 14:28:06,2020-03-26,0,1,0,1,6,0,0,1,0,0,3,1,0,0,0,0,DOH000000000032921,0,0,0,EROS MEDICAL LYING IN CLINIC
2020-04-02 4:25:13,2020-04-02 4:25:13,2020-04-02,10,1,0,1,0,0,0,1,0,0,69,1,0,1,0,0,DOH000000000001825,8,0,0,MINA DE ORO GENERAL HOSPITAL
2020-04-02 1:18:03,2020-04-02 1:18:03,2020-04-02,30,2,0,1,50,0,0,3,0,0,58,1,0,50,0,0,DOH000000000003490,30,30,1,SAN ANDRES MUNICIPAL HOSPITAL
2020-04-10 11:03:11,2020-04-10 11:03:11,2020-04-10,4,1,0,1,85,6,0,13,10,0,323,0,0,45,0,0,DOH000000000000770,23,19,1,ST. MARTIN'S MISSION HOSPITAL
2020-04-06 10:08:38,2020-04-06 10:08:38,2020-04-06,1,1,0,1,20,0,0,3,1,0,254,1,0,3,0,0,DOH000000000000488,4,1,0,DR. ALBERTO M. PASTOR HOSPITAL
2020-04-10 16:06:53,2020-04-10 16:06:53,2020-04-10,0,4,0,1,0,0,0,3,40,0,471,3,0,0,0,0,DOH000000000000353,12,1,2,JA ALEGRE MED.  CLINIC & HOSP.
2020-04-10 10:03:14,2020-04-10 10:03:14,2020-04-10,0,1,0,1,0,0,0,0,0,0,312,1,0,0,0,0,DOH000000000003986,0,0,1,ROSARY OF VIRGIN MARY HOSPITAL
2020-04-10 10:33:35,2020-04-10 10:33:35,2020-04-10,8,2,0,1,26,0,0,23,0,0,317,2,0,0,0,0,DOH000000000005252,0,0,1,ABRA DE ILOG MUNICIPAL HOSPITAL
2020-04-03 1:32:49,2020-04-03 1:32:49,2020-04-03,0,2,0,1,26,1,0,24,1,0,108,2,0,0,0,0,DOH000000000005252,0,12,1,ABRA DE ILOG MUNICIPAL HOSPITAL
2020-04-03 3:25:38,2020-04-03 3:25:38,2020-04-03,7,1,0,1,50,2,0,10,2,0,141,2,0,20,0,0,DOH000000000007705,20,10,2,HAPPY VALLEY COMMUNITY HOSPITAL
2020-04-12 8:33:22,2020-04-12 8:33:22,2020-04-12,25,1,0,1,50,1,0,10,10,0,613,2,0,50,0,0,DOH000000000000732,31,50,1,ROMEO B. SIBUD COUNTRY HOPSITAL
2020-04-02 1:56:30,2020-04-02 1:56:30,2020-04-02,16,3,0,1,16,1,0,5,5,0,60,2,0,16,0,0,DOH000000000005932,31,16,1,TABLAS ISLAND DISTRICT HOSPITAL
2020-03-30 11:21:20,2020-03-30 11:21:20,2020-03-30,0,0,0,1,30,0,0,1,0,0,31,1,0,0,0,0,DOH000000000025678,0,0,0,MATEO-MABBORANG GENERAL HOSPITAL
2020-03-29 10:10:14,2020-03-29 10:10:14,2020-03-29,0,0,0,1,50,0,0,2,0,0,22,1,0,0,0,0,DOH000000000025678,0,0,0,MATEO-MABBORANG GENERAL HOSPITAL
2020-04-02 10:27:25,2020-04-02 10:27:25,2020-04-02,0,0,0,1,10,0,0,0,0,0,56,1,0,0,0,0,DOH000000000025678,0,0,0,MATEO-MABBORANG GENERAL HOSPITAL
2020-04-03 10:03:19,2020-04-03 10:03:19,2020-04-03,0,0,0,1,10,0,0,0,0,0,89,1,0,0,0,0,DOH000000000025678,0,0,0,MATEO-MABBORANG GENERAL HOSPITAL
2020-04-01 8:41:55,2020-04-01 8:41:55,2020-04-01,0,0,0,1,15,0,0,0,0,0,48,1,0,0,0,0,DOH000000000025678,0,0,0,MATEO-MABBORANG GENERAL HOSPITAL
2020-03-31 7:31:17,2020-03-31 7:31:17,2020-03-31,0,0,0,1,20,0,0,1,0,0,38,1,0,0,0,0,DOH000000000025678,0,0,0,MATEO-MABBORANG GENERAL HOSPITAL
2020-03-30 10:07:10,2020-03-30 10:07:10,2020-03-30,0,1,0,1,0,0,0,5,0,0,30,1,0,0,0,0,DOH000000000006490,0,0,1,NABILOG COMMUNITY PRIMARY HOSPITAL
2020-03-26 8:47:12,2020-03-26 8:47:12,2020-03-26,0,1,0,1,0,0,0,6,0,0,2,1,0,0,0,0,DOH000000000006490,0,0,1,NABILOG COMMUNITY PRIMARY HOSPITAL
2020-04-03 3:51:33,2020-04-03 3:51:33,2020-04-03,2,1,0,1,20,1,0,5,4,0,165,1,0,0,0,0,DOH000000000002750,12,0,1,WESTMIN UNITED DOCTORS HOSPITAL CO.
2020-04-11 8:40:25,2020-04-11 8:40:25,2020-04-11,2,1,0,1,20,0,0,4,4,0,581,1,0,0,0,0,DOH000000000002750,12,0,1,WESTMIN UNITED DOCTORS HOSPITAL CO.
2020-04-02 4:52:37,2020-04-02 4:52:37,2020-04-02,2,1,1,1,10,0,1,1,1,0,72,1,0,0,0,1,DOH000000000005014,10,3,0,ZAPANTA MATERNITY & GENERAL HOSPITAL
2020-04-10 18:24:46,2020-04-10 18:24:46,2020-04-10,3,1,1,1,3,1,1,1,1,0,548,1,0,3,0,1,DOH000000000005014,5,3,0,ZAPANTA MATERNITY & GENERAL HOSPITAL
2020-04-03 4:18:41,2020-04-03 4:18:41,2020-04-03,2,1,1,1,10,0,1,1,1,0,184,1,0,0,0,1,DOH000000000005014,10,3,0,ZAPANTA MATERNITY & GENERAL HOSPITAL
2020-03-30 12:44:06,2020-03-30 12:44:06,2020-03-30,17,1,0,1,400,1,1,9,19,0,35,1,0,60,0,0,DOH000000000000357,70,200,1,"IMMACULATE HEART OF MARY HOSPITAL, INC."
2020-04-10 13:55:17,2020-04-10 13:55:17,2020-04-10,2,1,0,1,200,0,1,2,2,1,364,1,0,0,0,1,DOH000000000003385,25,2,0,"BUTUAN PUERICULTURE CENTER NO. 394, INC."
2020-04-10 16:05:41,2020-04-10 16:05:41,2020-04-10,30,1,0,1,5,24,0,3,2,0,469,0,0,10,0,0,DOH000000000000308,20,2,1,GARCHITORENA MEDICARE COMMUNITY HOSPITAL
2020-03-28 9:07:36,2020-03-28 9:07:36,2020-03-28,26,1,1,1,66,0,0,76,6,0,17,0,0,86,0,0,DOH000000000005417,20,11,1,"OUR LADY OF MERCY GENERAL HOSPITAL, INC."
2020-04-03 16:48:14,2020-04-03 16:48:14,2020-04-03,85,1,0,1,89,0,0,30,3,0,204,0,0,50,0,0,DOH000000000005417,20,10,1,"OUR LADY OF MERCY GENERAL HOSPITAL, INC."
2020-04-10 8:34:03,2020-04-10 8:34:03,2020-04-10,20,1,1,1,96,80,0,8,1,0,291,0,1,20,0,0,DOH000000000005417,30,20,1,"OUR LADY OF MERCY GENERAL HOSPITAL, INC."
2020-04-02 3:25:43,2020-04-02 3:25:43,2020-04-02,20,1,0,1,0,3,0,20,0,0,62,1,0,100,0,0,DOH000000000026813,5,1,1,RENATO UMALI REYES HOSPITAL OF BONGABONG
2020-04-10 14:20:51,2020-04-10 14:20:51,2020-04-10,2,2,0,1,0,0,0,1,0,0,372,3,0,0,0,0,DOH000000000000310,10,1,0,SINAWILAN CLINIC & HOSPITAL AND HOSPITAL
2020-04-12 14:12:35,2020-04-12 14:12:35,2020-04-12,7,4,0,1,47,1,0,1,8,0,619,9,0,15,0,0,DOH000000000000247,14,7,2,JUAN M. ALBERTO MEMORIAL DISTRICT HOSPITAL
2020-04-10 14:57:57,2020-04-10 14:57:57,2020-04-10,40,2,0,1,257,0,0,2,31,0,389,1,0,80,0,0,DOH000000000007247,102,50,1,COMPOSTELA VALLEY PROVINCIAL HOSPITAL - LAAK
2020-04-10 14:44:15,2020-04-10 14:44:15,2020-04-10,0,1,1,1,0,0,0,1,0,0,378,2,1,0,0,0,DOH000000000037388,4,0,1,"UNITED DOCTORS HOSPITAL OF COTABATO CITY, INC."
2020-04-03 17:13:39,2020-04-03 17:13:39,2020-04-03,0,1,0,1,2,1,0,2,2,0,211,1,0,0,0,0,DOH000000000000577,6,1,1,ISIDRO M. OLAN SR. MEMORIAL CLINIC AND HOSPITAL INC.
2020-04-10 16:15:44,2020-04-10 16:15:44,2020-04-10,0,1,0,1,2,1,0,2,2,0,484,1,0,0,0,0,DOH000000000000577,6,1,1,ISIDRO M. OLAN SR. MEMORIAL CLINIC AND HOSPITAL INC.
2020-04-10 20:02:34,2020-04-10 20:02:34,2020-04-10,0,1,0,1,30,1,0,1,1,0,562,1,0,0,0,0,DOH000000000033684,5,3,1,PUERTO GALERA URGENT CARE CLINIC & DIAGNOSTIC CENTER
2020-04-03 3:35:36,2020-04-03 3:35:36,2020-04-03,3,1,0,1,50,1,0,2,1,0,155,1,0,0,0,1,DOH000000000033684,10,3,1,PUERTO GALERA URGENT CARE CLINIC & DIAGNOSTIC CENTER
2020-04-10 19:12:44,2020-04-10 19:12:44,2020-04-10,198,1,1,1,7093,10,0,378,34,3,555,1,0,98,3,0,DOH000000000031929,264,0,17,"ALLIED CARE EXPERTS (ACE) MEDICAL CENTER ?BALIWAG, INC."
2020-04-03 2:04:26,2020-04-03 2:04:26,2020-04-03,40,1,1,2,1000,0,4,19,36,1,119,4,1,0,1,1,DOH000000000038008,50,10,1,SALUBRIS INC.
2020-04-03 6:55:38,2020-04-03 6:55:38,2020-04-03,0,1,0,2,0,0,0,1,0,0,79,2,0,0,0,0,DOH000000000000283,0,0,1,UMALI MEDICAL CLINIC
2020-04-10 8:06:45,2020-04-10 8:06:45,2020-04-10,0,2,0,2,0,0,0,1,0,0,285,2,0,0,0,0,DOH000000000000283,0,0,1,UMALI MEDICAL CLINIC
2020-04-02 4:01:13,2020-04-02 4:01:13,2020-04-02,5,2,0,2,25,0,0,2,0,0,66,4,0,7,0,0,DOH000000000002490,10,10,1,AMOROSO MEDICAL CLINIC
2020-04-10 15:59:34,2020-04-10 15:59:34,2020-04-10,72,1,0,2,74,8,2,3,8,0,457,4,0,25,0,0,DOH000000000003916,65,71,4,CUYO DISTRICT HOSPITAL
2020-04-12 10:33:55,2020-04-12 10:33:55,2020-04-12,10,1,0,2,10,0,0,10,1,0,615,1,0,10,0,0,DOH000000000005179,50,10,1,TUAO DISTRICT HOSPITAL
2020-04-10 16:33:50,2020-04-10 16:33:50,2020-04-10,20,4,0,2,0,0,0,10,10,0,502,14,0,0,0,0,DOH000000000000230,20,0,5,LASAM DISTRICT HOSPITAL
2020-04-03 3:46:42,2020-04-03 3:46:42,2020-04-03,10,5,0,2,20,10,0,5,5,0,162,3,0,10,0,0,DOH000000000000230,10,0,5,LASAM DISTRICT HOSPITAL
2020-04-03 2:55:57,2020-04-03 2:55:57,2020-04-03,0,3,0,2,0,0,0,0,0,0,128,12,0,0,0,0,DOH000000000001980,0,0,3,ALICIA DISTRICT HOSPITAL
2020-04-10 18:06:24,2020-04-10 18:06:24,2020-04-10,0,1,2,2,4600,45,0,396,349,1,546,9,1,0,3,0,DOH000000000000449,259,111,2,CIUDAD MEDICAL ZAMBOANGA
2020-04-10 16:20:24,2020-04-10 16:20:24,2020-04-10,4,1,0,2,6,6,0,1,1,0,490,2,0,6,0,0,DOH000000000007711,10,6,1,LANCETA MEDICAL HOSPITAL
2020-04-04 16:45:40,2020-04-04 16:45:40,2020-04-04,6,1,0,2,10,6,0,1,1,0,241,2,0,6,0,0,DOH000000000007711,10,10,1,LANCETA MEDICAL HOSPITAL
2020-04-10 17:17:46,2020-04-10 17:17:46,2020-04-10,69,2,1,2,69,1,0,2,4,0,537,4,0,69,0,1,DOH000000000003351,40,69,1,LUNA GOCO MEDICAL CENTER
2020-04-02 7:35:12,2020-04-02 7:35:12,2020-04-02,50,2,1,2,50,0,0,3,1,0,77,4,0,50,0,1,DOH000000000003351,25,50,1,LUNA GOCO MEDICAL CENTER
2020-04-03 3:46:52,2020-04-03 3:46:52,2020-04-03,23,2,0,2,21,1,0,1,1,0,163,2,0,0,0,0,DOH000000000004472,20,11,0,CHILDREN'S MEDICAL CLINIC
2020-04-10 15:22:37,2020-04-10 15:22:37,2020-04-10,23,2,0,2,21,1,0,1,1,0,401,2,0,0,0,0,DOH000000000004472,20,11,0,CHILDREN'S MEDICAL CLINIC
2020-04-10 15:25:09,2020-04-10 15:25:09,2020-04-10,7,1,0,2,180,4,0,15,13,0,404,4,0,0,0,0,DOH000000000003564,180,8,2,NASIPIT DISTRICT HOSPITAL
2020-04-10 16:51:34,2020-04-10 16:51:34,2020-04-10,12,2,0,2,15,5,0,10,20,0,525,1,0,20,0,0,DOH000000000000425,30,8,2,BASILAN COMMUNITY HOSPITAL
2020-04-03 3:38:15,2020-04-03 3:38:15,2020-04-03,12,2,0,2,15,7,0,10,20,0,158,1,0,20,0,0,DOH000000000000425,30,8,2,BASILAN COMMUNITY HOSPITAL
2020-04-10 19:51:04,2020-04-10 19:51:04,2020-04-10,0,2,0,2,5,0,0,2,1,0,560,2,0,0,0,0,DOH000000000004332,6,2,2,FRANCO CLINIC AND HOSPITAL
2020-04-01 12:59:52,2020-04-01 12:59:52,2020-04-01,14,2,0,2,100,10,0,60,50,0,51,2,0,5,0,0,DOH000000000002332,35,3,2,DE LOS REYES MEDICAL CLINIC
2020-04-05 12:58:51,2020-04-05 12:58:51,2020-04-05,12,2,0,2,95,10,0,57,45,0,248,2,0,5,0,0,DOH000000000002332,30,3,0,DE LOS REYES MEDICAL CLINIC
2020-04-10 18:07:15,2020-04-10 18:07:15,2020-04-10,12,1,0,2,15,0,0,2,5,0,547,3,0,10,0,0,DOH000000000000748,12,9,1,SINDANGAN DISTRICT HOSPITAL
2020-04-03 9:51:23,2020-04-03 9:51:23,2020-04-03,1,3,1,2,53,14,2,23,7,0,87,2,1,404,1,0,DOH000000000005789,0,0,1,THE MEDICAL CITY PANGASINAN
2020-04-03 16:44:41,2020-04-03 16:44:41,2020-04-03,10,1,1,2,30,0,0,5,2,0,202,6,0,0,0,0,DOH000000000006029,100,10,3,M. SIMON HOSPITAL & PHARMACY
2020-04-02 12:36:37,2020-04-02 12:36:37,2020-04-02,70,4,0,2,100,2,0,50,5,0,57,4,0,100,0,0,DOH000000000005501,25,5,6,PINAMALAYAN DOCTORS HOSPITAL
2020-04-02 4:29:55,2020-04-02 4:29:55,2020-04-02,30,1,0,2,50,1,0,5,2,0,70,2,0,100,0,0,DOH000000000000260,20,20,2,SANTA CRUZ DISTRICT HOSPITAL
2020-04-03 4:22:59,2020-04-03 4:22:59,2020-04-03,30,1,0,2,50,1,0,5,2,0,187,2,0,100,0,0,DOH000000000000260,20,20,2,SANTA CRUZ DISTRICT HOSPITAL
2020-04-10 16:09:25,2020-04-10 16:09:25,2020-04-10,50,1,0,2,35,1,0,4,3,0,476,2,0,300,0,0,DOH000000000000260,28,65,2,SANTA CRUZ DISTRICT HOSPITAL
2020-04-11 9:42:51,2020-04-11 9:42:51,2020-04-11,200,7,1,2,500,5,3,40,10,0,586,12,1,300,2,1,DOH000000000002162,300,300,2,CAGAYAN VALLEY MEDICAL CENTER
2020-04-10 12:48:21,2020-04-10 12:48:21,2020-04-10,28,5,1,2,100,18,0,6,3,0,347,5,0,0,1,0,DOH000000000005614,0,0,1,"ILOILO MISSION HOSPITAL, INC."
2020-04-10 15:50:32,2020-04-10 15:50:32,2020-04-10,6,1,0,2,50,3,0,6,3,0,437,5,0,6,0,0,DOH000000000000588,6,6,2,JUAN S. ALANO MEMORIAL HOSPITAL
2020-04-10 13:01:37,2020-04-10 13:01:37,2020-04-10,156,1,0,2,90,1,0,2,1,0,348,8,0,12,0,0,DOH000000000000632,10,8,0,MAGUINDANAO PROVINCIAL HOSPITAL
2020-04-10 13:54:13,2020-04-10 13:54:13,2020-04-10,3,2,0,2,4,0,0,10,0,0,363,3,0,0,0,0,DOH000000000004291,4,6,1,BAYUGAN JM YAP STO. NINO HOSPITAL
2020-04-10 16:03:41,2020-04-10 16:03:41,2020-04-10,5,1,0,2,0,0,0,3,0,0,465,0,0,0,0,0,DOH000000000037030,5,0,0,POLYMEDIC BIRTHING AND NATAL CARE
2020-04-10 16:42:01,2020-04-10 16:42:01,2020-04-10,7,0,1,2,0,0,0,1,1,0,514,4,1,4,0,6,DOH000000000032095,4,8,1,CORAZON C. AQUINO MEMORIAL HOSPITAL
2020-04-10 14:57:06,2020-04-10 14:57:06,2020-04-10,17,6,0,2,286,2,0,9,0,0,388,14,0,19,0,0,DOH000000000005198,50,6,5,PIO DURAN MEMORIAL DISTRICT HOSPITAL
2020-04-03 6:32:58,2020-04-03 6:32:58,2020-04-03,5,2,0,2,5,4,0,12,12,0,78,0,1,5,0,0,DOH000000000003771,0,5,1,SOUTHERN PALAWAN PROVINCIAL HOSPITAL
2020-04-10 15:00:05,2020-04-10 15:00:05,2020-04-10,30,2,0,2,4050,15,0,275,35,0,391,2,0,4,0,0,DOH000000000004186,80,0,2,TEODORO B. GALAGAR DISTRICT HOSPITAL
2020-04-03 12:49:07,2020-04-03 12:49:07,2020-04-03,30,2,0,2,30,100,0,100,100,0,104,1,0,10,0,0,DOH000000000004186,80,0,2,TEODORO B. GALAGAR DISTRICT HOSPITAL
2020-04-10 11:55:37,2020-04-10 11:55:37,2020-04-10,71,1,0,2,330,20,0,25,6,0,333,0,0,40,0,0,DOH000000000006060,30,10,0,SURIGAO DEL NORTE PROVINCIAL HOSPITAL
2020-04-10 16:17:04,2020-04-10 16:17:04,2020-04-10,2,2,0,2,5,0,0,1,1,0,487,3,1,2,0,3,DOH000000000005526,6,2,2,TOMAS-CACAL MEDICAL CLINIC & HOSPITAL
2020-04-10 15:51:08,2020-04-10 15:51:08,2020-04-10,40,2,0,2,200,5,0,10,10,0,438,4,0,25,0,0,DOH000000000005452,50,15,2,INFANTE HOSPITAL MANAGEMENT CORPORATION
2020-04-03 12:10:48,2020-04-03 12:10:48,2020-04-03,700,1,2,2,40,0,0,405,64,0,97,1,2,8,0,0,DOH000000000008483,20,20,1,"DR. RONALD P. GUZMAN MEDICAL CENTER, INC."
2020-03-27 10:02:11,2020-03-27 10:02:11,2020-03-27,1000,1,2,2,80,2,0,435,89,0,5,1,2,16,0,0,DOH000000000008483,58,51,1,"DR. RONALD P. GUZMAN MEDICAL CENTER, INC."
2020-04-10 16:08:52,2020-04-10 16:08:52,2020-04-10,600,1,2,2,20,0,0,380,39,0,473,1,2,3,0,0,DOH000000000008483,15,10,1,"DR. RONALD P. GUZMAN MEDICAL CENTER, INC."
2020-04-03 16:36:35,2020-04-03 16:36:35,2020-04-03,60,2,1,2,50,50,3,80,75,1,195,2,1,0,0,1,DOH000000000007511,30,0,2,"ADVENTIST MEDICAL CENTER-ILIGAN CITY, INC."
2020-03-31 8:51:02,2020-03-31 8:51:02,2020-03-31,50,2,1,2,200,5,1,70,45,1,39,0,1,50,0,0,DOH000000000007511,30,0,1,"ADVENTIST MEDICAL CENTER-ILIGAN CITY, INC."
2020-04-10 15:48:00,2020-04-10 15:48:00,2020-04-10,57,1,0,2,256,135,0,75,32,0,431,2,0,58,0,0,DOH000000000001670,60,80,2,DON MODESTO FORMILLEZA SR. MEMORIAL HOSPITAL
2020-04-02 1:25:30,2020-04-02 1:25:30,2020-04-02,58,1,0,2,358,85,0,37,1,0,59,2,0,58,0,0,DOH000000000001670,60,82,2,DON MODESTO FORMILLEZA SR. MEMORIAL HOSPITAL
2020-04-10 19:31:56,2020-04-10 19:31:56,2020-04-10,50,3,3,2,180,66,0,22,46,0,558,5,0,70,0,0,DOH000000000001977,405,30,4,MARIVELES MENTAL WELLNESS  AND GENERAL HOSPITAL
2020-03-30 17:38:28,2020-03-30 17:38:28,2020-03-30,4,3,3,2,100,14,0,20,27,0,37,5,0,38,0,0,DOH000000000001977,61,34,4,MARIVELES MENTAL WELLNESS  AND GENERAL HOSPITAL
2020-04-03 1:11:43,2020-04-03 1:11:43,2020-04-03,7,3,3,2,100,17,0,33,80,0,105,5,0,70,0,0,DOH000000000001977,250,50,4,MARIVELES MENTAL WELLNESS  AND GENERAL HOSPITAL
2020-04-03 9:10:52,2020-04-03 9:10:52,2020-04-03,10,3,0,2,600,50,0,30,30,0,81,10,0,30,0,0,DOH000000000005597,0,3,4,FR. GERRY FILIPPETTO MEMORIAL FOUNDATION HOSPITAL
2020-04-10 11:06:09,2020-04-10 11:06:09,2020-04-10,10,3,0,2,558,50,0,28,28,0,325,10,0,30,0,0,DOH000000000005597,0,3,4,FR. GERRY FILIPPETTO MEMORIAL FOUNDATION HOSPITAL
2020-04-10 15:54:29,2020-04-10 15:54:29,2020-04-10,15,2,0,2,5,0,0,2,1,9,443,2,0,5,0,0,DOH000000000003408,25,5,1,MOISES R. ESPINOSA SR. MEMORIAL MUNICIPAL HOSPITAL
2020-04-03 4:29:10,2020-04-03 4:29:10,2020-04-03,92,2,1,2,0,1,0,236,11,1,191,1,0,0,0,0,DOH000000000038110,61,0,2,BATANGAS HEALTHCARE SPECIALISTS MEDICAL CENTER (new)
2020-04-12 11:57:50,2020-04-12 11:57:50,2020-04-12,127,2,1,2,1028,5,3,125,8,0,618,0,0,0,2,0,DOH000000000038110,129,0,2,BATANGAS HEALTHCARE SPECIALISTS MEDICAL CENTER (new)
2020-04-10 16:33:14,2020-04-10 16:33:14,2020-04-10,1100,1,0,2,2900,22,0,120,170,0,501,1,0,10,0,0,DOH000000000000481,70,30,1,DON JOSE S. MONFORT MEDICAL CENTER EXTENSION HOSPITAL
2020-04-10 15:30:38,2020-04-10 15:30:38,2020-04-10,2,0,0,2,150,1,0,45,0,0,414,0,0,0,0,0,DOH000000000002804,200,2,0,MEDICAL MISSION GROUP HOSPITAL AND HEALTH SERVICES COOPERATI
2020-04-03 3:55:04,2020-04-03 3:55:04,2020-04-03,2,0,1,2,300,2,0,65,0,0,170,0,0,0,0,0,DOH000000000002804,200,2,0,MEDICAL MISSION GROUP HOSPITAL AND HEALTH SERVICES COOPERATI
2020-04-10 10:17:48,2020-04-10 10:17:48,2020-04-10,2,3,1,3,10,5,0,1,1,0,314,6,0,0,0,0,DOH000000000002164,10,1,0,GAMBALAN HOSPITAL
2020-04-10 16:03:38,2020-04-10 16:03:38,2020-04-10,20,3,1,3,3000,2065,0,727,2000,0,464,2,1,200,1,0,DOH000000000005687,0,84,1,SEAMEN?S HOSPITAL
2020-04-03 9:40:02,2020-04-03 9:40:02,2020-04-03,40,1,1,3,3000,1037,0,776,470,0,85,3,1,50,1,0,DOH000000000005687,0,75,1,SEAMEN?S HOSPITAL
2020-04-03 20:09:05,2020-04-03 20:09:05,2020-04-03,1,2,0,3,6,0,0,2,0,0,223,4,0,2,0,0,DOH000000000003317,0,3,1,DANAO-SALE HOSPITAL
2020-04-10 15:41:27,2020-04-10 15:41:27,2020-04-10,2,2,0,3,6,0,0,2,0,0,422,4,0,2,0,0,DOH000000000003317,3,3,1,DANAO-SALE HOSPITAL
2020-04-03 16:49:26,2020-04-03 16:49:26,2020-04-03,2,2,0,3,20,1,0,2,2,0,205,4,0,20,0,0,DOH000000000000445,20,2,0,CHAVEZ MEDICAL CLINIC
2020-04-11 8:14:53,2020-04-11 8:14:53,2020-04-11,7,2,0,3,20,1,0,2,2,0,576,4,0,20,0,0,DOH000000000000445,20,2,0,CHAVEZ MEDICAL CLINIC
2020-04-03 3:32:49,2020-04-03 3:32:49,2020-04-03,0,3,0,3,1,0,0,1,0,0,151,3,0,0,0,0,DOH000000000000548,12,0,2,FAMILY MEDICAL CLINIC
2020-04-10 15:47:07,2020-04-10 15:47:07,2020-04-10,0,3,0,3,1,0,0,1,0,0,428,3,0,0,0,0,DOH000000000000548,12,0,2,FAMILY MEDICAL CLINIC
2020-04-11 20:07:20,2020-04-11 20:07:20,2020-04-11,5,2,0,3,0,0,0,1,0,0,611,8,0,0,0,0,DOH000000000000454,10,0,1,CLINICA JESUS NAZARENO
2020-04-03 2:50:09,2020-04-03 2:50:09,2020-04-03,20,1,0,3,20,3,2,8,5,0,126,8,0,20,0,0,DOH000000000003916,10,20,4,CUYO DISTRICT HOSPITAL
2020-04-10 15:25:49,2020-04-10 15:25:49,2020-04-10,0,3,0,3,0,0,0,0,0,0,405,12,0,0,0,0,DOH000000000001980,0,0,3,ALICIA DISTRICT HOSPITAL
2020-04-10 16:09:41,2020-04-10 16:09:41,2020-04-10,50,6,0,3,690,0,0,56,22,0,477,12,1,10,0,0,DOH000000000004148,40,15,4,LEONCIO GENERAL HOSPITAL
2020-04-01 5:17:12,2020-04-01 5:17:12,2020-04-01,55,6,0,3,700,0,0,58,24,0,54,12,1,10,0,0,DOH000000000004148,40,15,0,LEONCIO GENERAL HOSPITAL
2020-04-03 2:57:43,2020-04-03 2:57:43,2020-04-03,52,6,0,3,697,0,0,57,23,0,129,12,1,10,0,0,DOH000000000004148,40,15,4,LEONCIO GENERAL HOSPITAL
2020-04-10 9:01:04,2020-04-10 9:01:04,2020-04-10,0,2,0,3,0,0,0,1,1,0,297,3,0,0,0,0,DOH000000000002767,5,0,2,RILLERA MEDICAL HOSPITAL
2020-04-02 4:35:18,2020-04-02 4:35:18,2020-04-02,30,3,0,3,30,2,0,12,8,0,71,9,0,30,0,0,DOH000000000004095,20,20,3,HOSPITAL OF THE HOLY CROSS
2020-04-10 15:26:54,2020-04-10 15:26:54,2020-04-10,20,3,0,3,300,1,0,10,10,0,407,3,0,30,0,0,DOH000000000004095,30,20,3,HOSPITAL OF THE HOLY CROSS
2020-04-10 15:56:04,2020-04-10 15:56:04,2020-04-10,25,3,0,3,25,15,0,17,2,0,448,7,0,5,0,0,DOH000000000002549,50,5,2,QUEZON COMMUNITY INFIRMARY
2020-04-03 3:58:06,2020-04-03 3:58:06,2020-04-03,0,1,0,3,0,0,0,0,0,0,171,3,0,0,0,0,DOH000000000000754,22,0,1,S.S LUMAPAS MEDICAL CLINIC
2020-04-04 9:20:08,2020-04-04 9:20:08,2020-04-04,10,5,0,3,0,0,0,2,0,0,228,5,0,0,0,0,DOH000000000004449,0,2,2,KITCHARAO DISTRICT HOSPITAL
2020-04-03 19:04:37,2020-04-03 19:04:37,2020-04-03,30,3,0,3,30,30,0,15,10,0,222,3,0,30,0,0,DOH000000000001562,30,30,2,MALIPAYON DISTRICT HOSPITAL
2020-04-10 20:12:41,2020-04-10 20:12:41,2020-04-10,7,1,0,3,250,2,0,50,0,0,563,3,0,0,0,0,DOH000000000004054,0,0,1,RAPU-RAPU DISTRICT HOSPITAL
2020-04-10 15:21:13,2020-04-10 15:21:13,2020-04-10,127,1,0,3,893,17,0,164,106,0,400,0,0,28,0,0,DOH000000000004794,52,25,0,"RIVERA MEDICAL CENTER, INC."
2020-04-03 4:33:27,2020-04-03 4:33:27,2020-04-03,112,1,0,3,618,19,0,180,112,0,193,0,0,145,0,0,DOH000000000004794,82,35,0,"RIVERA MEDICAL CENTER, INC."
2020-04-03 3:41:53,2020-04-03 3:41:53,2020-04-03,10,12,0,3,20,0,0,4,1,0,161,13,0,1,0,0,DOH000000000006576,2,2,5,SALUG VALLEY MEDICAL CENTER
2020-04-07 12:16:30,2020-04-07 12:16:30,2020-04-07,50,4,0,3,0,1,0,3,0,0,269,3,0,50,0,0,DOH000000000005938,6,14,1,TORRIJOS MUNICIPAL HOSPITAL
2020-04-10 14:44:19,2020-04-10 14:44:19,2020-04-10,9,1,0,3,20,1,0,3,2,0,379,2,0,0,0,0,DOH000000000001506,40,0,1,CABADBARAN DISTRICT HOSPITAL
2020-04-11 12:05:12,2020-04-11 12:05:12,2020-04-11,217,4,0,3,337,2,0,7,16,0,594,17,0,175,0,0,DOH000000000004969,18,80,5,CAMP NAVARRO GENERAL HOSPITAL
2020-04-11 13:31:30,2020-04-11 13:31:30,2020-04-11,9,1,0,3,0,0,0,10,0,0,598,0,0,0,0,0,DOH000000000000298,10,9,0,DR. MIGUEL V. ALEGRE HOSPITAL
2020-04-11 11:18:39,2020-04-11 11:18:39,2020-04-11,50,4,0,3,300,5,0,84,23,0,591,2,1,300,0,0,DOH000000000003566,10,10,1,"SOLLER GENERAL HOSPITAL, INC."
2020-04-10 12:19:46,2020-04-10 12:19:46,2020-04-10,23,1,0,3,21,3,0,41,42,0,341,2,0,32,0,0,DOH000000000000542,62,51,1,EDWIN ANDREWS AIRBASE HOSPITAL
2020-04-11 15:06:17,2020-04-11 15:06:17,2020-04-11,2,5,0,3,2,0,0,2,8,0,603,6,0,2,0,0,DOH000000000003547,2,2,1,PRIETO DIAZ MUNICIPAL HOSPITAL
2020-04-03 1:56:47,2020-04-03 1:56:47,2020-04-03,18,1,0,3,9300,6,0,18,4,0,114,2,0,75,0,0,DOH000000000000232,0,10,1,SAN SEBASTIAN DISTRICT HOSPITAL
2020-04-10 10:55:06,2020-04-10 10:55:06,2020-04-10,27,1,0,3,900,5,0,14,7,0,322,2,0,85,0,0,DOH000000000000232,45,52,1,SAN SEBASTIAN DISTRICT HOSPITAL
2020-04-07 16:32:22,2020-04-07 16:32:22,2020-04-07,43,0,0,3,148,9,0,2,1,0,274,3,0,101,0,0,DOH000000000038482,30,44,2,DR. JOSE RIZAL DISTRICT HOSPITAL
2020-04-10 15:55:30,2020-04-10 15:55:30,2020-04-10,58,0,0,3,173,24,0,3,6,0,445,3,0,101,0,0,DOH000000000038482,55,69,2,DR. JOSE RIZAL DISTRICT HOSPITAL
2020-04-10 15:26:22,2020-04-10 15:26:22,2020-04-10,10,1,0,3,0,0,0,20,0,0,406,1,0,6,0,0,DOH000000000037698,10,0,1,SULTAN KUDARAT DISTRICT HOSPITAL
2020-04-10 14:33:18,2020-04-10 14:33:18,2020-04-10,50,2,1,3,50,0,2,2,0,0,375,3,1,50,2,0,DOH000000000003808,10,0,2,"BRENT HOSPITAL AND COLLEGES, INC."
2020-04-10 16:07:31,2020-04-10 16:07:31,2020-04-10,21,1,0,3,1500,1,1,100,60,0,472,5,0,40,0,0,DOH000000000003625,120,8,3,MISAMIS UNIVERSITY MEDICAL CENTER
2020-04-10 9:06:05,2020-04-10 9:06:05,2020-04-10,0,2,0,3,0,3,0,2,1,0,299,3,0,0,0,0,DOH000000000003669,10,0,1,"DE CASTRO HOSPITAL FOUNDATION, INC."
2020-04-10 15:07:42,2020-04-10 15:07:42,2020-04-10,50,1,0,3,300,2,0,6,0,0,393,3,0,300,0,0,DOH000000000003623,1,12,0,LANAO DEL NORTE PROVINCIAL HOSPITAL
2020-04-01 7:36:10,2020-04-01 7:36:10,2020-04-01,15,3,1,3,30,10,0,20,30,0,47,4,0,15,0,0,DOH000000000002748,15,15,3,DR. DAMIAN REYES PROVINCIAL HOSPITAL
2020-04-11 9:41:02,2020-04-11 9:41:02,2020-04-11,10,4,0,3,30,1,0,1,1,0,585,9,0,30,0,0,DOH000000000006878,30,3,2,ESPERANZA MEDICARE COMMUNITY HOSPITAL
2020-03-30 15:25:15,2020-03-30 15:25:15,2020-03-30,48,3,0,3,0,3,0,3,50,0,36,4,1,35,0,0,DOH000000000038000,64,5,1,"METRO HEALTH SPECIALISTS HOSPITAL, INC."
2020-03-28 8:29:26,2020-03-28 8:29:26,2020-03-28,10,1,1,3,100,6,0,20,10,1,14,4,1,50,0,0,DOH000000000017445,30,5,2,"HOLY NAME UNIVERSITY MEDICAL CENTER, INC."
2020-04-07 17:10:29,2020-04-07 17:10:29,2020-04-07,50,1,1,3,100,2,0,30,1,1,275,4,1,100,0,0,DOH000000000017445,50,20,2,"HOLY NAME UNIVERSITY MEDICAL CENTER, INC."
2020-04-04 12:04:34,2020-04-04 12:04:34,2020-04-04,5,3,0,3,5,0,0,1,1,0,234,3,1,0,0,0,DOH000000000034464,10,3,3,"ZONE MEDICAL AND INTERVENTION HOSPITAL, INC."
2020-04-10 8:49:32,2020-04-10 8:49:32,2020-04-10,6,3,0,3,12,0,0,2,1,0,293,0,0,3,0,0,DOH000000000034464,5,4,0,"ZONE MEDICAL AND INTERVENTION HOSPITAL, INC."
2020-04-01 4:35:59,2020-04-01 4:35:59,2020-04-01,55,6,0,3,700,0,0,58,24,0,53,12,1,10,0,0,DOH000000000004329,40,15,4,CAMP GENERAL ARTEMIO RICARTE STATION HOSPITAL
2020-04-10 8:10:37,2020-04-10 8:10:37,2020-04-10,50,1,1,4,50,9,4,10,10,1,286,4,1,0,1,1,DOH000000000038008,50,30,2,SALUBRIS INC.
2020-04-03 2:37:11,2020-04-03 2:37:11,2020-04-03,0,2,0,4,0,0,0,0,0,0,124,6,1,0,0,0,DOH000000000004818,0,0,0,ESTHER HOSPITAL
2020-04-11 8:21:27,2020-04-11 8:21:27,2020-04-11,0,2,0,4,0,0,0,0,0,0,577,6,1,0,0,0,DOH000000000004818,0,0,6,ESTHER HOSPITAL
2020-04-10 13:28:27,2020-04-10 13:28:27,2020-04-10,0,2,0,4,3,0,0,1,1,0,358,8,0,3,0,0,DOH000000000005233,17,0,3,LIZASO HOSPITAL
2020-04-11 11:17:07,2020-04-11 11:17:07,2020-04-11,25,4,0,4,100,0,0,21,4,0,590,6,0,100,0,0,DOH000000000032773,10,14,2,MEDINA HOSPITAL
2020-04-10 16:00:41,2020-04-10 16:00:41,2020-04-10,9,1,0,4,0,6,0,3,3,0,460,13,0,0,0,0,DOH000000000000319,12,0,0,RICO'S HOSPITAL
2020-04-10 15:54:04,2020-04-10 15:54:04,2020-04-10,50,4,1,4,281,87,3,300,320,0,442,4,0,200,0,0,DOH000000000000277,50,150,3,Bicol Sanitarium
2020-04-03 4:27:57,2020-04-03 4:27:57,2020-04-03,50,4,1,4,350,1750,3,300,320,0,189,4,0,200,0,0,DOH000000000000277,50,200,3,Bicol Sanitarium
2020-04-10 16:34:14,2020-04-10 16:34:14,2020-04-10,10,3,0,4,200,0,0,60,3,0,504,8,0,10,0,0,DOH000000000002831,50,10,6,HERAMIL HOSPITAL
2020-04-10 22:08:43,2020-04-10 22:08:43,2020-04-10,10,3,0,4,20,0,0,10,1,0,569,9,0,4,0,0,DOH000000000030126,20,3,0,SAGNAY INFIRMARY
2020-04-05 10:52:38,2020-04-05 10:52:38,2020-04-05,10,4,0,4,100,5,0,10,10,0,247,8,0,100,0,0,DOH000000000024449,50,10,6,ISIAH MEDICAL CENTER
2020-04-10 17:07:26,2020-04-10 17:07:26,2020-04-10,0,3,0,4,0,1,0,0,1,0,532,4,0,0,0,0,DOH000000000003985,0,0,0,PAZZU MEDICAL CLINIC
2020-04-10 11:05:23,2020-04-10 11:05:23,2020-04-10,10,3,0,4,50,0,0,3,3,0,324,8,0,0,0,0,DOH000000000000355,15,20,1,SULOP MEDICAL CLINIC
2020-04-10 17:38:34,2020-04-10 17:38:34,2020-04-10,710,3,1,4,710,2,7,951,62,1,542,12,2,710,1,1,DOH000000000004358,45,45,2,"SUMC FOUNDATION, INC."
2020-04-04 10:13:42,2020-04-04 10:13:42,2020-04-04,893,3,1,4,893,2,7,1089,40,1,230,12,2,893,1,1,DOH000000000004358,70,0,2,"SUMC FOUNDATION, INC."
2020-04-03 10:50:48,2020-04-03 10:50:48,2020-04-03,0,2,0,4,50,1,0,30,5,0,92,4,0,2,0,0,DOH000000000005970,10,8,3,GRACE MISSION HOSPITAL
2020-04-10 8:58:43,2020-04-10 8:58:43,2020-04-10,5,2,0,4,50,1,0,23,4,0,296,4,0,2,0,0,DOH000000000005970,10,8,4,GRACE MISSION HOSPITAL
2020-04-11 14:46:06,2020-04-11 14:46:06,2020-04-11,40,8,2,4,200,1,4,10,100,0,602,4,4,200,2,1,DOH000000000002882,20,20,4,JECSONS MEDICAL CENTER
2020-04-03 17:43:39,2020-04-03 17:43:39,2020-04-03,30,8,2,4,200,1,4,10,10,0,216,4,5,200,3,1,DOH000000000002882,20,20,4,JECSONS MEDICAL CENTER
2020-04-11 14:23:23,2020-04-11 14:23:23,2020-04-11,5,3,0,4,20,1,0,10,0,0,601,8,0,10,0,0,DOH000000000024002,20,5,4,TIGAON PRIMARY HOSPITAL
2020-04-10 16:01:48,2020-04-10 16:01:48,2020-04-10,16,2,0,4,3,0,0,1,0,0,462,3,1,8,0,0,DOH000000000003409,5,16,1,ABORLAN MEDICAL HOSPITAL
2020-04-03 11:35:43,2020-04-03 11:35:43,2020-04-03,16,1,0,4,0,0,0,0,0,0,94,3,1,0,0,0,DOH000000000003409,0,16,1,ABORLAN MEDICAL HOSPITAL
2020-04-03 2:05:11,2020-04-03 2:05:11,2020-04-03,1476,6,1,4,3900,1074,7,123,3535,3,120,5,1,698,3,1,DOH000000000001918,629,144,1,CARAGA REGIONAL HOSPITAL
2020-04-11 16:55:21,2020-04-11 16:55:21,2020-04-11,5,1,0,4,0,2,0,1,1,0,607,4,0,0,0,0,DOH000000000000240,20,0,0,ZAPANTA GENERAL HOSPITAL
2020-04-03 17:27:18,2020-04-03 17:27:18,2020-04-03,10,4,0,4,30,0,0,5,5,0,214,4,0,5,0,0,DOH000000000003027,30,5,2,ALCALA MUNICIPAL HOSPITAL
2020-03-28 10:43:42,2020-03-28 10:43:42,2020-03-28,35,4,0,4,10,2,0,12,8,0,18,4,0,10,0,0,DOH000000000003027,10,10,2,ALCALA MUNICIPAL HOSPITAL
2020-04-10 17:04:08,2020-04-10 17:04:08,2020-04-10,5,2,0,4,5,0,0,1,3,0,530,4,0,5,0,0,DOH000000000004575,15,5,1,GIGMOTO DISTRICT HOSPITAL
2020-04-03 3:29:58,2020-04-03 3:29:58,2020-04-03,2,7,0,4,0,1,4,190,3,0,148,9,0,50,1,0,DOH000000000038007,0,2,7,GRUPO MEDICO DE DIOS INC.
2020-03-31 10:06:04,2020-03-31 10:06:04,2020-03-31,0,4,0,4,50,1,0,0,38,0,40,9,0,0,0,0,DOH000000000005735,10,0,5,KASIBU MUNICIPAL HOSPITAL
2020-04-07 16:29:56,2020-04-07 16:29:56,2020-04-07,10,4,0,4,50,1,0,0,30,0,273,9,0,50,0,0,DOH000000000005735,12,0,5,KASIBU MUNICIPAL HOSPITAL
2020-04-02 4:55:43,2020-04-02 4:55:43,2020-04-02,10,0,0,4,40,1,0,30,30,0,73,5,0,10,0,0,DOH000000000002657,17,7,2,NAUJAN MUNICIPAL HOSPITAL
2020-04-10 14:46:01,2020-04-10 14:46:01,2020-04-10,3,2,0,4,0,0,0,2,4,0,382,4,0,0,0,0,DOH000000000002983,24,0,1,CASIGURAN DISTRICT HOSPITAL
2020-04-03 3:33:50,2020-04-03 3:33:50,2020-04-03,0,2,0,4,0,0,0,0,0,0,152,4,0,0,0,0,DOH000000000002983,0,0,1,CASIGURAN DISTRICT HOSPITAL
2020-04-10 15:50:29,2020-04-10 15:50:29,2020-04-10,5,2,0,4,5,1,0,40,5,0,436,5,0,5,0,0,DOH000000000003831,5,5,4,CATAINGAN DISTRICT HOSPITAL
2020-04-10 15:16:38,2020-04-10 15:16:38,2020-04-10,20,6,0,4,50,4,0,2,8,0,399,6,0,25,0,0,DOH000000000004449,100,6,2,KITCHARAO DISTRICT HOSPITAL
2020-04-03 3:08:29,2020-04-03 3:08:29,2020-04-03,13,2,1,4,1200,15,0,70,94,0,133,5,0,5,0,0,DOH000000000007510,43,8,1,Mindanao Central Sanitarium
2020-04-10 13:27:04,2020-04-10 13:27:04,2020-04-10,13,2,0,4,1200,15,0,70,100,0,357,5,0,5,0,0,DOH000000000007510,42,11,1,Mindanao Central Sanitarium
2020-04-03 2:00:24,2020-04-03 2:00:24,2020-04-03,50,10,0,4,200,20,0,55,12,0,117,49,1,0,0,0,DOH000000000005197,150,50,14,ROMBLON PROVINCIAL HOSPITAL
2020-04-10 8:13:03,2020-04-10 8:13:03,2020-04-10,46,10,0,4,2000,50,0,75,200,0,288,49,1,80,0,0,DOH000000000005197,72,60,14,ROMBLON PROVINCIAL HOSPITAL
2020-04-05 9:41:38,2020-04-05 9:41:38,2020-04-05,20,1,1,4,100,2,4,50,20,0,246,4,1,100,0,0,DOH000000000026270,50,50,2,"ANTIQUE MEDICAL CENTER, INC."
2020-03-29 11:41:09,2020-03-29 11:41:09,2020-03-29,30,1,1,4,100,1,4,100,100,7,24,8,1,100,0,0,DOH000000000026270,25,30,4,"ANTIQUE MEDICAL CENTER, INC."
2020-04-10 8:57:03,2020-04-10 8:57:03,2020-04-10,65,3,0,4,25,1,4,10,10,0,295,8,0,25,0,0,DOH000000000004384,25,25,6,OUR LADY OF LOURDES HOSPITAL
2020-04-03 18:08:21,2020-04-03 18:08:21,2020-04-03,5,2,0,4,48,5,0,30,40,0,218,4,0,0,0,0,DOH000000000003787,49,1,2,SAN MIGUEL COMMUNITY HOSPITAL
2020-04-10 16:15:15,2020-04-10 16:15:15,2020-04-10,44,2,0,4,24,2,0,14,23,0,483,4,0,0,0,0,DOH000000000003787,49,1,2,SAN MIGUEL COMMUNITY HOSPITAL
2020-04-03 3:51:59,2020-04-03 3:51:59,2020-04-03,45,6,0,4,1400,0,0,197,50,0,166,4,0,38,0,0,DOH000000000005359,150,30,2,HOWARD HUBBARD MEMORIAL HOSPITAL
2020-04-03 16:43:38,2020-04-03 16:43:38,2020-04-03,4,3,0,4,50,0,0,1,0,0,201,5,0,0,0,0,DOH000000000001666,24,3,2,INAPOY COMMUNITY PRIMARY HOSPITAL
2020-03-27 11:22:26,2020-03-27 11:22:26,2020-03-27,4,1,0,4,50,0,0,1,0,0,6,5,0,0,0,0,DOH000000000001666,24,3,2,INAPOY COMMUNITY PRIMARY HOSPITAL
2020-04-10 21:22:17,2020-04-10 21:22:17,2020-04-10,3,4,0,4,0,0,0,0,3,0,566,4,0,0,0,0,DOH000000000003100,3,2,3,MATNOG MEDICARE COMMUNITY HOSPITAL
2020-04-03 3:34:13,2020-04-03 3:34:13,2020-04-03,0,4,0,4,50,0,0,3,0,0,153,8,0,10,0,0,DOH000000000004790,0,0,2,NORTHERN CAGAYAN DISTRICT HOSPITAL
2020-04-10 15:55:02,2020-04-10 15:55:02,2020-04-10,0,4,0,4,50,0,0,2,0,0,444,8,0,10,0,0,DOH000000000004790,20,0,2,NORTHERN CAGAYAN DISTRICT HOSPITAL
2020-04-10 19:28:41,2020-04-10 19:28:41,2020-04-10,5,3,1,4,15,0,0,3,0,0,557,12,2,0,0,0,DOH000000000003014,15,1,8,"OSPITAL NG KABATAAN NG DIPOLOG, INC"
2020-03-28 8:36:37,2020-03-28 8:36:37,2020-03-28,10,2,0,4,200,0,0,2,0,0,16,11,0,50,0,0,DOH000000000032432,0,0,4,"BRIGINO GENERAL HOSPITAL, INC. (New)"
2020-04-02 8:53:46,2020-04-02 8:53:46,2020-04-02,3,4,0,4,20,5,0,4,10,0,55,5,0,10,0,0,DOH000000000002748,10,8,3,DR. DAMIAN REYES PROVINCIAL HOSPITAL
2020-04-10 12:39:47,2020-04-10 12:39:47,2020-04-10,63,0,0,4,376,119,0,214,0,0,343,12,0,48,0,0,DOH000000000001819,0,89,0,NORTHERN PALAWAN PROVINCIAL HOSPITAL
2020-03-27 13:19:56,2020-03-27 13:19:56,2020-03-27,54,0,0,4,54,5,0,19,8,0,8,12,0,54,0,0,DOH000000000001819,0,54,6,NORTHERN PALAWAN PROVINCIAL HOSPITAL
2020-03-29 8:59:57,2020-03-29 8:59:57,2020-03-29,10,2,0,4,7,4,0,12,13,0,21,2,1,7,0,0,DOH000000000003771,0,10,1,SOUTHERN PALAWAN PROVINCIAL HOSPITAL
2020-04-04 11:53:00,2020-04-04 11:53:00,2020-04-04,50,10,1,4,100,0,0,20,20,1,233,12,1,50,0,1,DOH000000000001679,15,10,5,SAGRADO MEDICAL AND CHILDREN'S CLINIC
2020-04-12 11:09:22,2020-04-12 11:09:22,2020-04-12,20,2,1,4,50,0,0,10,10,0,617,12,1,50,0,1,DOH000000000001679,15,2,2,SAGRADO MEDICAL AND CHILDREN'S CLINIC
2020-04-11 13:04:08,2020-04-11 13:04:08,2020-04-11,14,4,0,4,14,1,0,2,1,0,597,4,0,0,0,0,DOH000000000005058,4,0,4,SALVADOR R. ENCINAS DISTRICT HOSPITAL
2020-04-10 14:54:28,2020-04-10 14:54:28,2020-04-10,13,6,0,4,9,1,0,5,5,0,387,11,2,10,0,0,DOH000000000000767,8,10,5,ST. JOSEPH SOUTHERN BUKIDNON HOSPITAL
2020-04-03 16:36:56,2020-04-03 16:36:56,2020-04-03,8,6,0,4,4,1,0,5,2,0,196,11,2,6,0,0,DOH000000000000767,8,5,5,ST. JOSEPH SOUTHERN BUKIDNON HOSPITAL
2020-04-08 12:12:15,2020-04-08 12:12:15,2020-04-08,10,4,0,4,30,0,0,50,500,0,279,14,0,0,0,0,DOH000000000000658,10,10,1,BUKIDNON PROVINCIAL HOSPITAL - TALAKAG
2020-04-10 16:42:25,2020-04-10 16:42:25,2020-04-10,37,4,0,4,27,0,0,12,9,0,516,5,0,29,0,0,DOH000000000003413,0,44,3,KUTA CESAR L. SANG-AN STATION HOSPITAL
2020-04-10 18:56:24,2020-04-10 18:56:24,2020-04-10,0,4,0,4,0,0,0,1,1,0,552,4,0,0,0,0,DOH000000000002025,13,0,1,MAGALLANES MEDICARE COMMUNITY HOSPITAL
2020-04-03 3:36:52,2020-04-03 3:36:52,2020-04-03,55,6,0,4,282,20,6,262,10,1,156,24,1,212,1,0,DOH000000000002117,55,89,12,OCCIDENTAL MINDORO PROVINCIAL HOSPITAL
2020-04-04 10:19:38,2020-04-04 10:19:38,2020-04-04,3,1,0,4,6,0,0,3,0,0,231,4,0,3,0,0,DOH000000000005566,30,0,2,"PLTC, INC. LUIS A. TIAM MEDICAL CENTER"
2020-04-10 12:15:16,2020-04-10 12:15:16,2020-04-10,3,5,1,4,10,1,0,3,3,0,340,5,0,25,0,0,DOH000000000000495,10,15,5,DR. HENRY M. DE VILLA MEMORIAL HOSPITAL
2020-04-10 14:54:17,2020-04-10 14:54:17,2020-04-10,50,3,0,4,100,2,4,45,10,0,386,4,1,100,0,0,DOH000000000038000,50,3,1,"METRO HEALTH SPECIALISTS HOSPITAL, INC."
2020-04-10 9:24:37,2020-04-10 9:24:37,2020-04-10,0,3,0,4,15,0,0,5,0,0,303,4,0,0,0,0,DOH000000000032268,15,15,2,SAINT CAMILLUS MATERNITY AND POLYCLINIC
2020-04-10 16:13:26,2020-04-10 16:13:26,2020-04-10,1,4,0,4,5,0,0,1,1,0,481,6,1,2,0,0,DOH000000000007054,5,1,5,"METRO PAGADIAN SPECIALIST HOSPITAL, INC."
2020-04-10 16:53:09,2020-04-10 16:53:09,2020-04-10,2,1,0,4,1,0,0,2,1,0,526,2,0,0,0,0,DOH000000000032090,2,1,1,LORENZO TAN MULTI-PURPOSE COOPERATIVE HOSPITAL
2020-04-03 4:01:37,2020-04-03 4:01:37,2020-04-03,1,6,0,4,1,0,0,0,0,0,175,11,0,1,0,0,DOH000000000032090,0,1,5,LORENZO TAN MULTI-PURPOSE COOPERATIVE HOSPITAL
2020-04-04 17:50:24,2020-04-04 17:50:24,2020-04-04,2,1,0,4,0,0,0,2,0,0,243,2,0,0,0,0,DOH000000000032090,5,1,2,LORENZO TAN MULTI-PURPOSE COOPERATIVE HOSPITAL
2020-04-04 13:47:36,2020-04-04 13:47:36,2020-04-04,2,2,1,4,0,0,0,10,40,0,237,10,1,0,0,0,DOH000000000037388,40,0,2,"UNITED DOCTORS HOSPITAL OF COTABATO CITY, INC."
2020-04-10 16:01:24,2020-04-10 16:01:24,2020-04-10,10,4,0,4,125,19,0,9,2,0,461,4,1,2,0,0,DOH000000000032541,9,19,5,VILLANUEVA-TANCHULING MATERNITY & GENERAL HOSPITAL
2020-04-07 9:20:09,2020-04-07 9:20:09,2020-04-07,7,5,1,4,5000,0,0,200,25,0,266,4,2,0,1,0,DOH000000000005333,20,8,3,MEDICAL CENTER OF DIGOS COOPERATIVE HOSPITAL (MCDC)
2020-04-10 16:14:56,2020-04-10 16:14:56,2020-04-10,2,1,0,4,20,0,0,6,40,0,482,7,0,0,0,0,DOH000000000000309,20,2,2,JOSE PANGANIBAN PRIMARY HOSPITAL SERVICE COOPERATIVE
2020-04-10 10:42:19,2020-04-10 10:42:19,2020-04-10,25,5,0,4,70,0,0,24,0,0,319,0,1,100,0,0,DOH000000000005377,85,11,7,MEDICAL MISSION GROUP HOSPITAL & HEALTH SERVICES COOPERATIVE
2020-04-10 15:50:04,2020-04-10 15:50:04,2020-04-10,5,7,0,5,50,10,0,10,30,1,435,18,0,10,1,0,DOH000000000001788,0,13,3,Conner District Hospital
2020-04-03 2:00:25,2020-04-03 2:00:25,2020-04-03,7,7,0,5,50,20,0,1000,40,1,118,18,0,20,1,0,DOH000000000001788,0,15,3,Conner District Hospital
2020-04-10 14:45:24,2020-04-10 14:45:24,2020-04-10,20,3,0,5,170,0,0,10,7,0,381,15,0,0,2,0,DOH000000000006493,25,20,3,Eversley Childs Sanitarium
2020-04-10 13:29:59,2020-04-10 13:29:59,2020-04-10,100,2,0,5,100,5,0,30,1,0,360,5,0,100,0,0,DOH000000000000267,50,50,1,Masbate Provincial Hospital
2020-04-10 15:35:30,2020-04-10 15:35:30,2020-04-10,8,2,0,5,10,2,0,9,1,0,415,5,0,8,0,0,DOH000000000037004,10,8,3,MALANGAS EMERGENCY INFIRMARY
2020-04-03 4:32:57,2020-04-03 4:32:57,2020-04-03,10,2,0,5,10,1,0,10,2,0,192,5,0,10,0,0,DOH000000000037004,10,10,3,MALANGAS EMERGENCY INFIRMARY
2020-04-03 20:38:08,2020-04-03 20:38:08,2020-04-03,200,8,2,5,100,10,8,20,3,2,225,21,3,100,2,1,DOH000000000000268,200,200,3,DAVAO REGIONAL MEDICAL CENTER
2020-04-10 15:03:46,2020-04-10 15:03:46,2020-04-10,30,1,1,5,200,0,0,10,0,0,392,12,1,10,0,0,DOH000000000002634,85,15,4,MMGHHSP COOPERATI VE HOSPITAL
2020-04-10 16:41:04,2020-04-10 16:41:04,2020-04-10,138,3,0,5,1223,56,0,2235,482,0,510,4,1,0,0,0,DOH000000000000646,0,1,1,Margosatubig Regional Hospital
2020-04-01 11:47:19,2020-04-01 11:47:19,2020-04-01,40,3,0,5,1261,1041,0,2340,610,0,50,4,1,191,1,0,DOH000000000000646,0,14,1,Margosatubig Regional Hospital
2020-03-30 10:05:09,2020-03-30 10:05:09,2020-03-30,69,1,0,5,9600,14,0,30,7,0,28,4,0,100,0,0,DOH000000000000232,10,120,1,SAN SEBASTIAN DISTRICT HOSPITAL
2020-04-10 16:48:20,2020-04-10 16:48:20,2020-04-10,200,3,1,5,50,200,0,5,2,0,519,10,1,20,0,0,DOH000000000038480,15,10,2,"SURIGAO DOCTORS' HOSPITAL, INC."
2020-04-03 16:38:06,2020-04-03 16:38:06,2020-04-03,12,3,0,5,200,1,0,15,5,0,197,6,0,5,0,0,DOH000000000007505,30,16,7,CLINICA OZARAGA DOCTORS HOSPITAL
2020-04-11 11:42:27,2020-04-11 11:42:27,2020-04-11,12,3,0,5,200,1,0,15,5,0,592,6,0,5,0,0,DOH000000000007505,30,15,7,CLINICA OZARAGA DOCTORS HOSPITAL
2020-04-07 19:19:49,2020-04-07 19:19:49,2020-04-07,0,3,0,5,50,0,0,20,12,0,276,9,1,0,0,0,DOH000000000000589,15,0,5,"KABACAN MEDICAL SPECIALIST, INC."
2020-04-10 16:20:15,2020-04-10 16:20:15,2020-04-10,20,3,0,5,50,50,0,8,0,0,489,11,0,7,0,0,DOH000000000006720,37,24,4,A.M. YUMENA GENERAL HOSPITAL INC.
2020-04-03 3:07:03,2020-04-03 3:07:03,2020-04-03,17,2,0,5,17,0,0,5,2,0,132,10,0,5,0,0,DOH000000000007014,30,17,3,"STA. MARIA VILLAGE HOSPITAL, INC."
2020-04-10 13:15:01,2020-04-10 13:15:01,2020-04-10,17,2,0,5,17,0,0,4,2,0,351,10,0,5,0,0,DOH000000000007014,30,17,3,"STA. MARIA VILLAGE HOSPITAL, INC."
2020-04-10 17:09:35,2020-04-10 17:09:35,2020-04-10,40,5,0,5,15,2,2,9,9,0,535,8,1,200,0,0,DOH000000000005420,115,140,4,SULTAN KUDARAT PROVINCIAL HOSPITAL
2020-04-10 15:47:45,2020-04-10 15:47:45,2020-04-10,56,5,0,5,20,5,0,10,0,0,430,8,0,0,0,0,DOH000000000002748,20,30,6,DR. DAMIAN REYES PROVINCIAL HOSPITAL
2020-04-10 13:49:24,2020-04-10 13:49:24,2020-04-10,1095,4,1,5,4583,340,2,616,15646,0,362,10,2,1657,1,0,DOH000000000034411,68,424,0,PAMPANGA PREMIER MEDICAL CENTER INC.
2020-04-10 9:09:05,2020-04-10 9:09:05,2020-04-10,10,5,0,5,50,2,0,6,5,0,300,7,0,10,0,0,DOH000000000000246,55,60,3,SAN JOSE MEDICARE COMMUNITY HOSPITAL
2020-04-10 17:58:05,2020-04-10 17:58:05,2020-04-10,130,1,0,5,900,29,5,77,466,1,544,5,0,140,0,1,DOH000000000005353,121,77,2,Don Emilio del Valle Memorial Hospital
2020-04-03 3:58:32,2020-04-03 3:58:32,2020-04-03,40,1,0,5,0,0,0,1,4,1,172,11,1,40,0,0,DOH000000000034296,2,2,3,"ST. PAUL SURIGAO UNIVERSITY HOSPITAL, INC."
2020-04-03 17:06:50,2020-04-03 17:06:50,2020-04-03,40,5,0,5,10,0,0,6,10,0,208,6,0,150,0,0,DOH000000000004329,36,28,4,CAMP GENERAL ARTEMIO RICARTE STATION HOSPITAL
2020-04-08 14:00:11,2020-04-08 14:00:11,2020-04-08,5,7,0,5,5,4,0,18,3,0,281,9,0,5,0,0,DOH000000000000450,5,10,1,MISAMIS ORIENTAL PROVINCIAL HOSPITAL - CLAVERIA
2020-04-10 14:42:59,2020-04-10 14:42:59,2020-04-10,5,4,0,5,20,0,0,2,2,0,377,15,0,5,0,0,DOH000000000005060,20,0,5,IMMACULATE CONCEPCION POLYCLINIC AND HOSPITAL INC
2020-03-30 9:09:16,2020-03-30 9:09:16,2020-03-30,9,4,0,5,9,83,2,9,27,0,27,10,1,9,0,0,DOH000000000033978,100,9,9,"MINDANAO DOCTORS HOSPITAL AND CANCER CENTER, INC."
2020-03-30 7:16:07,2020-03-30 7:16:07,2020-03-30,39,3,1,5,100,1,3,10,1,0,26,8,1,39,0,3,DOH000000000036844,10,6,4,"ST. BENEDICT HOSPITAL OF DAVAO DEL SUR, INC (new)"
2020-04-11 8:03:59,2020-04-11 8:03:59,2020-04-11,38,3,1,5,100,1,3,20,0,0,575,8,1,38,0,3,DOH000000000036844,20,10,4,"ST. BENEDICT HOSPITAL OF DAVAO DEL SUR, INC (new)"
2020-04-10 17:38:53,2020-04-10 17:38:53,2020-04-10,13,11,0,6,1000,0,0,16,16,0,543,6,1,0,0,0,,60,2,4,
2020-04-03 4:16:11,2020-04-03 4:16:11,2020-04-03,13,11,0,6,500,0,0,20,20,0,181,6,1,0,3,0,,40,2,4,
2020-04-03 1:27:12,2020-04-03 1:27:12,2020-04-03,142,4,1,6,399,0,0,89,0,0,106,5,4,47,0,0,DOH000000000031927,32,2,3,NICC DOCTORS HOSPITAL
2020-04-10 9:41:26,2020-04-10 9:41:26,2020-04-10,110,4,1,6,400,1,0,84,5,0,307,5,4,7,0,0,DOH000000000031927,50,2,3,NICC DOCTORS HOSPITAL
2020-04-10 15:49:25,2020-04-10 15:49:25,2020-04-10,8,3,0,6,8,0,0,1,0,0,433,6,0,0,0,0,DOH000000000033979,10,8,0,PNP HOSPITAL REGION 13
2020-04-10 14:11:50,2020-04-10 14:11:50,2020-04-10,31,6,1,6,200,1,2,90,9,0,369,10,3,16,0,0,DOH000000000005199,75,25,20,"ST. JOHN HOSPITAL, INC."
2020-04-03 17:17:06,2020-04-03 17:17:06,2020-04-03,400,5,1,6,17000,260,8,500,500,0,212,14,1,274,0,0,DOH000000000002165,20,95,7,AMAI PAKPAK MEDICAL CENTER
2020-04-10 14:49:37,2020-04-10 14:49:37,2020-04-10,300,5,1,6,16000,220,8,350,400,0,384,14,1,200,0,0,DOH000000000002165,200,150,5,AMAI PAKPAK MEDICAL CENTER
2020-04-02 5:18:41,2020-04-02 5:18:41,2020-04-02,400,5,1,6,17000,260,8,500,500,0,75,14,1,274,0,0,DOH000000000002165,20,95,7,AMAI PAKPAK MEDICAL CENTER
2020-04-10 16:22:21,2020-04-10 16:22:21,2020-04-10,35,2,0,6,32,30,0,31,480,0,492,6,0,32,0,0,DOH000000000016768,27,32,1,SAN JOSE DISTRICT HOSPITAL
2020-03-27 16:45:19,2020-03-27 16:45:19,2020-03-27,10,2,0,6,300,1,0,10,0,0,12,6,2,0,4,0,DOH000000000006875,10,1,6,"DIVINE MERCY HOSPITAL, INC."
2020-04-03 17:11:40,2020-04-03 17:11:40,2020-04-03,585,10,2,6,1096,8,12,40,30,1,209,7,2,174,3,2,DOH000000000034465,96,92,13,SANTIAGO MEDICAL CITY (NEW)
2020-04-02 3:22:16,2020-04-02 3:22:16,2020-04-02,2,3,0,6,80,1,0,20,1,0,61,6,0,2,0,0,DOH000000000000222,10,4,1,BULALACAO COMMUNITY HOSPITAL
2020-04-10 13:29:39,2020-04-10 13:29:39,2020-04-10,25,2,0,6,25,0,0,1,3,0,359,6,0,25,0,0,DOH000000000003490,20,30,1,SAN ANDRES MUNICIPAL HOSPITAL
2020-04-03 3:40:29,2020-04-03 3:40:29,2020-04-03,29,2,0,6,50,0,0,2,5,0,160,6,0,50,0,0,DOH000000000003490,30,30,1,SAN ANDRES MUNICIPAL HOSPITAL
2020-04-10 11:40:16,2020-04-10 11:40:16,2020-04-10,190,7,2,6,150,400,3,400,100,1,330,6,1,20,2,2,DOH000000000003412,40,15,2,"SE?OR STO. NI?O HOSPITAL, INC."
2020-04-11 13:57:52,2020-04-11 13:57:52,2020-04-11,3000,6,4,6,26000,50,0,140,1540,2,599,6,2,900,3,2,DOH000000000005034,840,20,3,WESTERN VISAYAS MEDICAL CENTER
2020-04-06 20:10:52,2020-04-06 20:10:52,2020-04-06,19,3,0,6,20,0,0,2,0,0,263,16,1,0,0,0,DOH000000000007028,10,19,5,JESUS THE GOOD SHEPHERD HOSPITAL
2020-04-10 12:01:34,2020-04-10 12:01:34,2020-04-10,11,5,1,6,0,0,0,1,0,0,334,15,1,0,0,0,DOH000000000007028,10,5,5,JESUS THE GOOD SHEPHERD HOSPITAL
2020-04-05 18:08:44,2020-04-05 18:08:44,2020-04-05,300,0,1,6,300,9,8,40,30,1,251,8,2,300,2,1,DOH000000000000807,300,50,1,ZAMBOANGA DEL NORTE MEDICAL CENTER
2020-04-10 11:54:22,2020-04-10 11:54:22,2020-04-10,650,0,1,6,3000,4,6,60,50,1,332,8,2,100,2,1,DOH000000000000807,70,10,1,ZAMBOANGA DEL NORTE MEDICAL CENTER
2020-04-10 16:34:08,2020-04-10 16:34:08,2020-04-10,5,1,0,6,0,0,0,5,0,0,503,6,0,0,0,0,DOH000000000002014,20,30,0,TINAMBAC MEDICARE COMMUNITY HOSPITAL
2020-04-11 10:33:37,2020-04-11 10:33:37,2020-04-11,40,3,1,6,400,0,4,13,15,0,589,4,0,0,1,0,DOH000000000004415,100,85,7,"GONZALES MARANAN MEDICAL CENTER, INC."
2020-04-03 2:08:06,2020-04-03 2:08:06,2020-04-03,20,3,1,6,400,0,4,13,10,0,121,4,0,0,1,0,DOH000000000004415,75,6,7,"GONZALES MARANAN MEDICAL CENTER, INC."
2020-04-03 3:25:26,2020-04-03 3:25:26,2020-04-03,0,5,2,6,400,0,0,0,6,0,140,3,7,10,3,0,DOH000000000005071,0,0,3,"ST. PAUL HOSPITAL OF TUGUEGARAO, INC."
2020-04-10 15:30:37,2020-04-10 15:30:37,2020-04-10,400,4,2,6,400,2,4,100,487,0,413,0,2,0,2,2,DOH000000000001989,50,50,2,"SAN PEDRO HOSPITAL OF DAVAO CITY, INC."
2020-04-03 10:22:18,2020-04-03 10:22:18,2020-04-03,0,4,0,6,300,1,1,1,2,1,90,8,0,0,0,1,DOH000000000003385,10,2,0,"BUTUAN PUERICULTURE CENTER NO. 394, INC."
2020-04-10 15:10:19,2020-04-10 15:10:19,2020-04-10,10,4,0,6,10,0,0,5,10,0,396,6,0,0,0,0,DOH000000000005641,30,10,6,DAVAO ORIENTAL PROV'L HOSP- GOV. GENEROSO
2020-04-03 3:38:25,2020-04-03 3:38:25,2020-04-03,40,1,0,6,0,5,0,50,20,0,159,4,0,30,1,0,DOH000000000000226,30,10,1,ORIENTAL MINDORO CENTRAL DISTRICT HOSPITAL
2020-04-10 13:02:01,2020-04-10 13:02:01,2020-04-10,60,1,0,6,0,40,0,30,20,0,349,4,0,16,1,0,DOH000000000000226,135,10,1,ORIENTAL MINDORO CENTRAL DISTRICT HOSPITAL
2020-04-10 23:56:45,2020-04-10 23:56:45,2020-04-10,0,5,0,6,200,0,0,6,8,0,571,12,0,0,0,0,DOH000000000003810,0,0,2,BUKIDNON PROVINCIAL HOSPITAL - SAN FERNANDO
2020-04-03 12:30:23,2020-04-03 12:30:23,2020-04-03,0,5,0,6,100,0,0,10,5,0,102,12,0,0,0,0,DOH000000000003810,0,0,2,BUKIDNON PROVINCIAL HOSPITAL - SAN FERNANDO
2020-04-10 12:10:37,2020-04-10 12:10:37,2020-04-10,85,8,0,6,200,0,0,68,60,0,338,18,0,50,0,0,DOH000000000000253,45,8,10,COMPOSTELA VALLEY PROVINCIAL HOSPITAL - PANTUKAN
2020-03-30 10:04:55,2020-03-30 10:04:55,2020-03-30,120,4,0,6,0,0,0,811,808,0,29,5,0,1000,0,0,DOH000000000000497,0,34,0,Dr. Jose Rizal Memorial Hospital  (DOH retained)
2020-04-03 3:26:10,2020-04-03 3:26:10,2020-04-03,100,7,0,6,41,2,0,750,856,0,144,4,0,1038,0,0,DOH000000000000497,80,14,11,Dr. Jose Rizal Memorial Hospital  (DOH retained)
2020-04-10 15:29:12,2020-04-10 15:29:12,2020-04-10,80,6,0,6,0,35,0,690,887,0,412,4,0,1019,0,0,DOH000000000000497,129,61,11,Dr. Jose Rizal Memorial Hospital  (DOH retained)
2020-04-03 3:48:31,2020-04-03 3:48:31,2020-04-03,2320,2,2,6,39,426,0,6400,1332,0,164,8,2,0,1,0,DOH000000000000615,413,76,22,LAS PI?AS GENERAL HOSPITAL & SATELLITE TRAUMA CENTER
2020-03-31 10:49:00,2020-03-31 10:49:00,2020-03-31,57,2,2,6,100,6,0,30,4,0,41,8,2,100,1,0,DOH000000000000615,9,14,22,LAS PI?AS GENERAL HOSPITAL & SATELLITE TRAUMA CENTER
2020-04-10 15:09:40,2020-04-10 15:09:40,2020-04-10,7,5,1,6,50,0,5,10,0,0,395,7,1,50,7,3,DOH000000000000392,20,5,8,"NUEVA ECIJA GOOD SAMARITAN HEALTH SYSTEM, INC. (EXT.)"
2020-04-05 13:08:30,2020-04-05 13:08:30,2020-04-05,10,5,1,6,100,0,5,500,0,0,249,7,1,50,7,3,DOH000000000000392,20,5,8,"NUEVA ECIJA GOOD SAMARITAN HEALTH SYSTEM, INC. (EXT.)"
2020-04-03 4:11:22,2020-04-03 4:11:22,2020-04-03,30,5,0,7,30,0,0,2,2,0,180,18,0,0,0,0,DOH000000000002421,60,0,4,BISLIG DISTRICT HOSPITAL
2020-04-10 16:50:25,2020-04-10 16:50:25,2020-04-10,20,2,0,7,50,0,0,1,2,0,524,18,0,0,0,0,DOH000000000002421,40,0,4,BISLIG DISTRICT HOSPITAL
2020-04-10 10:41:12,2020-04-10 10:41:12,2020-04-10,0,5,0,7,0,0,0,0,0,0,318,8,0,0,0,0,DOH000000000005024,25,0,6,MALITA DISTRICT HOSPITAL
2020-04-10 16:34:48,2020-04-10 16:34:48,2020-04-10,8,5,2,7,200,18,4,20,32,1,506,3,0,20,1,0,DOH000000000007489,423,134,9,EASTERN BICOL MEDICAL CENTER
2020-04-10 12:39:54,2020-04-10 12:39:54,2020-04-10,5,1,2,7,250,5,5,100,50,2,344,15,4,100,2,1,DOH000000000025676,75,75,8,"GRACE GENERAL HOSPITAL, INC."
2020-04-03 12:25:13,2020-04-03 12:25:13,2020-04-03,0,1,2,7,100,1,7,25,50,2,100,17,4,100,2,1,DOH000000000025676,75,100,8,"GRACE GENERAL HOSPITAL, INC."
2020-03-28 12:36:48,2020-03-28 12:36:48,2020-03-28,455,26,1,7,79200,123,6,4390,947,0,20,28,2,1179,8,1,DOH000000000000459,4450,25,10,COTABATO REGIONAL AND MEDICAL CENTER
2020-04-12 15:31:23,2020-04-12 15:31:23,2020-04-12,25,26,1,7,78700,142,6,4310,1383,0,621,28,2,0,8,1,DOH000000000000459,0,0,10,COTABATO REGIONAL AND MEDICAL CENTER
2020-04-05 16:16:08,2020-04-05 16:16:08,2020-04-05,150,26,1,7,70000,70,6,4000,850,0,250,28,2,1000,8,1,DOH000000000000459,4000,25,10,COTABATO REGIONAL AND MEDICAL CENTER
2020-04-08 15:52:57,2020-04-08 15:52:57,2020-04-08,80,1,0,7,200,1,3,4,4,0,282,12,0,30,3,0,DOH000000000031935,50,40,11,"SAN FRANCISCO DOCTORS HOSPITAL, INC."
2020-04-10 18:36:05,2020-04-10 18:36:05,2020-04-10,20,2,0,7,60,2,6,20,20,0,551,22,2,30,1,0,DOH000000000032016,12,12,8,"VALENCIA POLYMEDIC GENERAL HOSPITAL, INC."
2020-04-10 13:03:49,2020-04-10 13:03:49,2020-04-10,3,7,0,7,100,0,0,10,3,0,350,12,0,50,0,0,DOH000000000005166,10,10,6,COMPOSTELA VALLEY PROVINCIAL HOSPITAL -MARAGUSAN
2020-04-08 13:39:09,2020-04-08 13:39:09,2020-04-08,3,7,0,7,100,0,0,4,3,0,280,12,0,50,0,0,DOH000000000005166,10,10,6,COMPOSTELA VALLEY PROVINCIAL HOSPITAL -MARAGUSAN
2020-04-10 15:45:03,2020-04-10 15:45:03,2020-04-10,15,3,1,7,15,1,0,10,2,0,425,4,1,0,3,0,DOH000000000004592,20,14,6,ZAMBOANGA PUERICULTURE CENTER MATERNITY LYING-IN HOSPITAL
2020-04-12 11:02:01,2020-04-12 11:02:01,2020-04-12,17,7,0,8,100,1,0,1,79,0,616,8,0,100,0,0,DOH000000000004507,50,2,5,NAGA CITY HOSPITAL
2020-03-27 8:47:03,2020-03-27 8:47:03,2020-03-27,20,10,0,8,30,0,0,20,2,0,4,17,0,0,0,0,DOH000000000004201,30,0,5,MANDAUE CITY HOSPITAL
2020-04-03 1:45:17,2020-04-03 1:45:17,2020-04-03,25,10,0,8,400,0,0,22,1,0,110,17,0,0,0,0,DOH000000000004201,100,0,5,MANDAUE CITY HOSPITAL
2020-04-10 16:00:34,2020-04-10 16:00:34,2020-04-10,50,2,0,8,50,3,0,3,5,0,459,12,0,25,0,0,DOH000000000002595,30,8,14,"PANABO POLYMEDIC HOSPITAL, INC."
2020-04-10 15:27:59,2020-04-10 15:27:59,2020-04-10,0,8,0,8,52,0,0,15,0,0,409,6,0,1080,0,0,DOH000000000000266,50,0,12,CAMARINES NORTE PROVINCIAL HOSPITAL
2020-04-03 1:42:10,2020-04-03 1:42:10,2020-04-03,0,8,0,8,62,7,0,15,18,0,109,10,0,1180,0,0,DOH000000000000266,73,0,6,CAMARINES NORTE PROVINCIAL HOSPITAL
2020-04-03 3:54:54,2020-04-03 3:54:54,2020-04-03,0,10,0,8,30,0,0,0,0,0,169,9,2,5,0,0,DOH000000000037944,10,0,4,F.P. URBIZTONDO MEDICAL HOSPITAL INC.
2020-04-10 15:59:12,2020-04-10 15:56:06,2020-04-10,0,10,0,8,30,0,0,0,0,0,449,9,2,5,0,0,DOH000000000037944,10,0,4,F.P. URBIZTONDO MEDICAL HOSPITAL INC.
2020-04-03 1:50:43,2020-04-03 1:50:43,2020-04-03,200,3,2,8,2800,5,5,100,8,0,112,10,1,0,2,0,DOH000000000000279,50,0,2,Culion Sanitarium and General Hospital
2020-03-31 3:51:53,2020-03-31 3:51:53,2020-03-31,400,3,2,8,3300,10,5,100,14,0,44,10,1,0,2,0,DOH000000000000279,100,0,2,Culion Sanitarium and General Hospital
2020-04-10 16:43:57,2020-04-10 16:43:57,2020-04-10,19,4,0,8,19,6,3,44,13,0,517,8,0,19,0,0,DOH000000000007121,19,6,2,ANGEL SALAZAR MEMORIAL GENERAL HOSPITAL
2020-04-06 10:46:03,2020-04-06 10:46:03,2020-04-06,9,3,0,8,11,7,3,1,0,0,255,8,0,7,0,0,DOH000000000007121,50,10,2,ANGEL SALAZAR MEMORIAL GENERAL HOSPITAL
2020-04-10 15:51:13,2020-04-10 15:51:13,2020-04-10,2364,28,5,8,6059,27,12,4926,478,0,439,8,3,316,4,3,DOH000000000000271,131,570,8,JOSE B. LINGAD MEMORIAL REGIONAL HOSPITAL
2020-04-03 17:39:23,2020-04-03 17:39:23,2020-04-03,431,28,5,8,988,17,12,124,54,0,215,8,3,0,4,3,DOH000000000000271,267,396,8,JOSE B. LINGAD MEMORIAL REGIONAL HOSPITAL
2020-04-10 8:04:49,2020-04-10 8:04:49,2020-04-10,3,1,0,8,100,0,0,4,0,0,283,8,0,20,0,0,DOH000000000000318,18,4,6,DR. VICTOR S. VILLAROMAN MEMORIAL HOSPITAL
2020-04-02 4:02:30,2020-04-02 4:02:30,2020-04-02,0,6,0,8,20,0,0,2,0,0,67,8,0,0,0,1,DOH000000000005285,4,0,3,ORIENTAL MINDORO SOUTHERN DISTRICT HOSPITAL
2020-04-10 15:51:37,2020-04-10 15:51:37,2020-04-10,0,7,0,8,0,900,0,88,15,0,441,4,0,0,0,0,DOH000000000002141,0,0,5,DR. LORENZO T. ZIGA MEMORIAL DISTRICT HOSPITAL
2020-04-06 10:01:54,2020-04-06 10:01:54,2020-04-06,14,8,2,8,900,1,5,47,245,0,253,26,3,48,7,0,DOH000000000000684,5,30,8,"NOTRE DAME HOSPITAL AND SCHOOL OF MIDWIFERY, INC."
2020-03-27 15:00:23,2020-03-27 15:00:23,2020-03-27,14,8,2,8,1000,1,5,50,250,0,10,29,3,50,7,0,DOH000000000000684,5,30,13,"NOTRE DAME HOSPITAL AND SCHOOL OF MIDWIFERY, INC."
2020-04-10 16:42:23,2020-04-10 16:42:23,2020-04-10,14,8,2,8,800,1,5,14,240,0,515,29,3,43,7,0,DOH000000000000684,5,30,13,"NOTRE DAME HOSPITAL AND SCHOOL OF MIDWIFERY, INC."
2020-04-10 22:24:43,2020-04-10 22:24:43,2020-04-10,2189,12,2,8,17600,0,0,478900,1368,0,570,6,2,220,1,0,DOH000000000000615,862,196,5,LAS PI?AS GENERAL HOSPITAL & SATELLITE TRAUMA CENTER
2020-04-10 15:08:17,2020-04-10 15:08:17,2020-04-10,41,5,1,8,300,1,0,50,30,0,394,24,0,200,0,0,DOH000000000000652,30,5,14,MASBATE MEDICAL MISSION GROUP HOSPITAL SERVICE COOPERATIVE
2020-04-03 12:02:28,2020-04-03 12:02:28,2020-04-03,140,2,5,8,140,3,5,3,3,0,96,17,2,140,1,5,DOH000000000005272,140,140,13,MEDICAL MISSION GROUP HOSPITAL MULTIPURPOSE COOPERATIVE OF O
2020-04-03 9:12:45,2020-04-03 9:12:45,2020-04-03,42,0,0,9,5000,21,6,112,50,1,82,20,0,0,0,2,DOH000000000005201,0,10,7,Batanes General Hospital
2020-04-10 14:27:40,2020-04-10 14:27:40,2020-04-10,42,0,0,9,4955,21,6,108,40,1,374,20,0,0,0,2,DOH000000000005201,0,10,7,Batanes General Hospital
2020-04-03 12:40:04,2020-04-03 12:40:04,2020-04-03,1,6,0,9,80,3,0,7,5,0,103,18,0,25,0,0,DOH000000000005079,122,4,7,HINATUAN DISTRICT HOSPITAL
2020-04-10 12:45:54,2020-04-10 12:45:54,2020-04-10,13,6,0,9,30,2,0,4,2,0,346,18,0,25,0,0,DOH000000000005079,39,4,7,HINATUAN DISTRICT HOSPITAL
2020-03-29 15:25:43,2020-03-29 15:25:43,2020-03-29,0,10,1,9,103,4,3,3,5,0,25,9,1,87,3,0,DOH000000000034463,56,0,3,QUALIMED HEALTH NETWORK SJDM
2020-04-10 16:04:10,2020-04-10 16:04:10,2020-04-10,30,7,0,9,70,5,0,8,5,0,466,25,1,70,0,0,DOH000000000002151,70,20,9,"BETHEL BAPTIST HOSPITAL, INC."
2020-04-10 21:57:18,2020-04-10 21:57:18,2020-04-10,0,5,0,9,100,0,0,5,2,0,568,30,0,0,0,0,DOH000000000037488,50,10,10,DAET DOCTORS HOSPITAL INCORPORATED
2020-04-10 9:46:51,2020-04-10 9:46:51,2020-04-10,35,3,1,9,500,100,8,200,300,0,308,16,2,0,0,0,DOH000000000004631,150,15,15,BLESSED FAMILY DOCTORS GENERAL HOSPITAL
2020-04-10 12:05:56,2020-04-10 12:05:56,2020-04-10,375,4,0,9,6500,15,2,640,21,0,336,3,2,0,7,0,DOH000000000030152,105,245,3,"ISABELA UNITED DOCTORS MEDICAL CENTER, INC."
2020-04-03 1:59:48,2020-04-03 1:59:48,2020-04-03,247,4,0,9,7500,12,2,392,27,0,116,3,2,200,7,0,DOH000000000030152,58,245,3,"ISABELA UNITED DOCTORS MEDICAL CENTER, INC."
2020-04-10 10:16:15,2020-04-10 10:16:15,2020-04-10,84,5,1,9,1080,0,4,13,192,0,313,23,0,85,1,1,DOH000000000005052,130,9,2,"Dr. Fernando B. Duran, Sr. Memorial Hospital"
2020-04-04 15:50:51,2020-04-04 15:50:51,2020-04-04,42,5,1,9,968,0,4,17,50,0,238,23,0,215,1,1,DOH000000000005052,13,25,2,"Dr. Fernando B. Duran, Sr. Memorial Hospital"
2020-04-07 8:39:22,2020-04-07 8:39:22,2020-04-07,0,6,0,9,0,0,0,2,2,0,264,12,0,0,0,0,DOH000000000032104,3,5,4,OWWA MISAMIS ORIENTAL PROVINCIAL HOSPITAL- ALUBIJID
2020-04-10 12:45:43,2020-04-10 12:45:43,2020-04-10,46,2,0,10,40,2,0,24,2,0,345,10,0,130,0,0,DOH000000000002119,45,5,5,ROXAS MEDICARE HOSPITAL
2020-04-03 3:54:22,2020-04-03 3:54:22,2020-04-03,2,9,0,10,350,1,0,21,0,0,168,10,0,126,0,0,DOH000000000002119,0,6,5,ROXAS MEDICARE HOSPITAL
2020-04-08 11:32:36,2020-04-08 11:32:36,2020-04-08,25,4,0,10,30,2,0,30,0,0,278,18,0,0,0,0,DOH000000000005925,0,0,5,CATIGBIAN DISTRICT HOSPITAL
2020-04-01 9:23:11,2020-04-01 9:23:11,2020-04-01,388,5,1,10,147,2,10,36,87,0,49,10,1,0,0,1,DOH000000000003095,0,695,7,SIQUIJOR PROVINCIAL HOSPITAL
2020-04-03 10:41:26,2020-04-03 10:41:26,2020-04-03,500,9,0,10,300,40,2,30,20,0,91,14,1,200,2,2,DOH000000000002162,300,200,2,CAGAYAN VALLEY MEDICAL CENTER
2020-04-10 17:07:29,2020-04-10 17:07:29,2020-04-10,120,8,1,10,1384,84,9,240,16,0,533,10,2,250,2,0,DOH000000000005453,517,84,13,ISABELA DOCTORS GENERAL HOSPITAL
2020-04-04 20:08:49,2020-04-04 20:08:49,2020-04-04,36,8,1,10,1710,0,9,240,20,0,244,10,2,200,2,0,DOH000000000005453,33,96,13,ISABELA DOCTORS GENERAL HOSPITAL
2020-04-10 15:56:09,2020-04-10 15:56:09,2020-04-10,254,29,1,10,21,11,0,15,65,0,450,42,0,0,0,0,DOH000000000000426,96,29,8,Basilan General Hospital
2020-04-06 11:31:17,2020-04-06 11:31:17,2020-04-06,100,5,0,10,5000,50,0,660,160,0,257,9,2,1350,0,0,DOH000000000002212,65,30,2,Dr. PJGMRMC Talavera Extension Hospital
2020-04-10 15:12:08,2020-04-10 15:12:08,2020-04-10,0,8,0,10,100,0,3,80,0,1,397,13,0,200,0,0,DOH000000000002821,4,2,8,ANDRES SORIANO MEMORIAL HOSPITAL COOPERATIVE
2020-04-03 2:09:25,2020-04-03 2:09:25,2020-04-03,0,8,0,10,200,0,3,91,2,1,122,13,0,200,0,0,DOH000000000002821,4,2,8,ANDRES SORIANO MEMORIAL HOSPITAL COOPERATIVE
2020-04-10 19:12:39,2020-04-10 19:12:39,2020-04-10,100,8,0,10,15500,35,0,75,1600,1,554,4,2,400,1,2,DOH000000000006039,83,48,1,"MAYOR HILARION A. RAMIRO, SR., MEDICAL CENTER"
2020-04-10 15:45:00,2020-04-10 15:45:00,2020-04-10,200,9,0,10,500,50,0,200,80,0,424,11,0,150,0,0,DOH000000000002732,250,100,5,MISAMIS ORIENTAL PROVINCIAL HOSPITAL - INITAO
2020-04-06 15:49:48,2020-04-06 15:49:48,2020-04-06,0,14,4,10,2400,310,8,754,467,7,260,94,11,523,2,1,DOH000000000000627,109,220,19,LUCENA UNITED DOCTORS INCORPORATED (formerly: LUCENA UNITED
2020-04-10 17:18:15,2020-04-10 17:18:15,2020-04-10,0,5,0,11,0,1,0,3,0,0,538,16,3,3,0,0,DOH000000000000387,3,3,7,SUNGA HOSPITAL
2020-04-07 10:53:34,2020-04-07 10:53:34,2020-04-07,4,7,0,11,5,20,0,0,100,0,267,42,0,5,0,0,DOH000000000006493,10,8,0,Eversley Childs Sanitarium
2020-04-10 16:41:11,2020-04-10 16:41:11,2020-04-10,150,5,0,11,100,6,0,18,21,0,511,10,0,150,0,0,DOH000000000004362,50,25,9,LIBMANAN DISTRICT HOSPITAL
2020-04-10 11:21:50,2020-04-10 11:21:50,2020-04-10,78,0,0,11,91,28,0,33,71,0,328,21,0,90,0,0,DOH000000000003211,68,3,5,DVO. ORIENTAL PROV'L HOSP.- LUPON
2020-04-08 8:51:59,2020-04-08 8:51:59,2020-04-08,4,7,0,11,5,20,0,0,100,0,277,41,0,5,0,0,DOH000000000002848,10,8,6,DAVAO DEL NORTE HOSPITAL ( CARMEN ZONE)
2020-04-03 2:48:23,2020-04-03 2:48:23,2020-04-03,11,9,1,11,900,4,9,335,150,0,125,40,3,50,0,1,DOH000000000003769,108,40,19,"BUTUAN DOCTORS? HOSPITAL AND COLLEGE, INCORPORATED"
2020-04-11 12:08:01,2020-04-11 12:08:01,2020-04-11,10,9,1,11,850,3,9,300,135,0,596,40,3,45,0,1,DOH000000000003769,105,35,19,"BUTUAN DOCTORS? HOSPITAL AND COLLEGE, INCORPORATED"
2020-04-10 10:45:38,2020-04-10 10:45:38,2020-04-10,534,19,2,12,2756,96,20,76,411,3,321,20,2,221,7,2,DOH000000000006596,471,153,28,TONDO MEDICAL CENTER
2020-04-03 18:31:26,2020-04-03 18:31:26,2020-04-03,698,17,2,12,1336,60,10,95,196,3,219,22,2,881,7,1,DOH000000000006596,81,34,5,TONDO MEDICAL CENTER
2020-04-10 9:41:18,2020-04-10 9:41:18,2020-04-10,30,2,1,12,100,2,4,10,30,8,306,2,1,100,6,0,DOH000000000000393,30,0,8,RAMOS GENERAL HOSPITAL
2020-04-10 16:06:32,2020-04-10 16:06:32,2020-04-10,20,5,0,12,25,3,0,71,124,0,470,8,0,3,0,0,DOH000000000003065,25,16,5,NARRA MUNICIPAL HOSPITAL
2020-04-10 19:23:23,2020-04-10 19:23:23,2020-04-10,20,15,0,12,32,6,0,9,17,0,556,32,0,11,0,0,DOH000000000000743,781,3,9,SCHISTOSOMIASIS HOSPITAL
2020-04-06 12:40:42,2020-04-06 12:40:42,2020-04-06,20,3,1,12,102,1,0,10,10,0,258,32,1,20,0,3,DOH000000000003246,102,16,12,R DE C GALVEZ MEDICAL CENTER
2020-04-10 14:14:27,2020-04-10 14:14:27,2020-04-10,0,3,1,12,200,0,0,4,6,0,371,36,1,100,0,3,DOH000000000003246,34,26,13,R DE C GALVEZ MEDICAL CENTER
2020-04-10 15:48:22,2020-04-10 15:47:24,2020-04-10,100,4,1,12,1000,3,8,30,10,0,429,30,3,1000,0,3,DOH000000000002479,20,10,12,"DIGOS DOCTORS? HOSPITAL, INC."
2020-04-04 17:04:20,2020-04-04 17:04:20,2020-04-04,37,1,2,12,100,34,0,6,5,0,242,10,2,69,0,1,DOH000000000005762,58,87,1,"CAGAYAN DE ORO MEDICAL CENTER, INC."
2020-04-12 15:10:06,2020-04-12 15:10:06,2020-04-12,100,1,2,12,100,30,0,10,10,0,620,10,2,100,0,1,DOH000000000005762,50,50,1,"CAGAYAN DE ORO MEDICAL CENTER, INC."
2020-04-03 4:05:08,2020-04-03 4:05:08,2020-04-03,65,10,1,12,100,2,10,140,9,2,178,37,2,100,5,0,DOH000000000005093,100,65,12,"V.L. MAKABALI MEMORIAL HOSPITAL, INC."
2020-04-03 3:31:29,2020-04-03 3:31:29,2020-04-03,428,2,1,12,11,830,15,95830,6902,0,149,4,3,11,0,6,DOH000000000004971,0,94,7,"GENERAL SANTOS DOCTORS? HOSPITAL, INC."
2020-04-10 13:19:43,2020-04-10 13:19:43,2020-04-10,306,2,1,12,145,3560,15,68400,7100,0,354,4,3,84,0,6,DOH000000000004971,30,55,7,"GENERAL SANTOS DOCTORS? HOSPITAL, INC."
2020-03-28 7:56:41,2020-03-28 7:56:41,2020-03-28,60,3,0,12,2300,47,0,420,70,0,13,5,2,20,0,0,DOH000000000002212,5,13,2,Dr. PJGMRMC Talavera Extension Hospital
2020-04-10 17:08:26,2020-04-10 17:08:26,2020-04-10,25,5,0,12,100,60,0,80,6,0,534,0,1,100,0,0,DOH000000000000386,30,45,0,"STA. MARIA JOSEFA HOSPITAL FOUNDATION, INC"
2020-04-10 14:47:32,2020-04-10 14:47:32,2020-04-10,450,5,1,13,300,16,12,145,50,1,383,25,2,50,5,2,DOH000000000006497,100,50,2,"DE VERA MEDICAL CENTER, INC."
2020-04-02 3:46:46,2020-04-02 3:46:46,2020-04-02,6,5,1,13,400,2,12,130,37,1,64,25,2,100,5,2,DOH000000000006497,25,85,2,"DE VERA MEDICAL CENTER, INC."
2020-04-10 15:58:04,2020-04-10 15:58:04,2020-04-10,100,35,2,13,300,40,8,100,50,2,452,92,2,0,2,2,DOH000000000002749,1100,30,27,ORIENTAL MINDORO PROVINCIAL HOSPITAL
2020-04-02 3:52:12,2020-04-02 3:52:12,2020-04-02,300,20,3,13,200,10,8,200,30,2,65,92,2,50,2,3,DOH000000000002749,200,100,28,ORIENTAL MINDORO PROVINCIAL HOSPITAL
2020-04-10 16:13:24,2020-04-10 16:13:24,2020-04-10,65,16,0,13,400,21,0,7,4,0,480,10,0,300,0,0,DOH000000000003906,54,37,10,BUKIDNON PROVINCIAL HOSPITAL - KIBAWE
2020-04-10 20:46:03,2020-04-10 20:46:03,2020-04-10,214,5,0,13,6513,52,0,129,1954,2,564,9,0,60,2,0,DOH000000000005984,52,51,4,"DAVAO MEDICAL SCHOOL FOUNDATION, INC."
2020-04-07 12:39:35,2020-04-07 12:39:35,2020-04-07,62,4,0,13,800,10,0,2,10,0,270,28,0,0,0,0,DOH000000000002910,50,0,2,ZAMBOANGA SIBUGAY PROVINCIAL HOSPITAL
2020-04-11 18:46:58,2020-04-11 18:46:58,2020-04-11,100,5,2,13,100,10,0,400,30,2,608,15,3,100,10,2,DOH000000000003314,100,30,6,MOTHER TERESA OF CALCUTTA MEDICAL CENTER
2020-04-04 15:54:42,2020-04-04 15:54:42,2020-04-04,60,5,2,13,5000,20,0,500,50,2,239,15,3,0,10,2,DOH000000000003314,100,100,6,MOTHER TERESA OF CALCUTTA MEDICAL CENTER
2020-04-03 9:33:13,2020-04-03 9:33:13,2020-04-03,51,15,0,14,75,18,0,31,95,0,84,51,0,0,0,0,DOH000000000005469,71,0,12,SULU SANITARIUM
2020-03-30 11:45:35,2020-03-30 11:45:35,2020-03-30,46,4,0,14,2500,3,0,796,15,0,32,0,0,180,0,0,DOH000000000008577,0,6,0,COTABATO SANITARIUM
2020-04-03 1:58:51,2020-04-03 1:58:51,2020-04-03,200,6,3,14,2000,250,13,300,10000,0,115,26,1,2000,7,0,DOH000000000003191,2000,212,2,DE LOS SANTOS MEDICAL CENTER
2020-04-10 20:19:23,2020-04-10 18:04:44,2020-04-10,200,6,3,14,2000,250,13,300,200,0,545,26,1,2000,7,0,DOH000000000003191,2000,212,2,DE LOS SANTOS MEDICAL CENTER
2020-04-01 4:09:18,2020-04-01 4:09:18,2020-04-01,350,6,3,14,1000,250,13,300,10000,0,52,26,1,1000,7,0,DOH000000000003191,0,300,2,DE LOS SANTOS MEDICAL CENTER
2020-04-10 16:49:23,2020-04-10 16:49:23,2020-04-10,12,5,0,14,150,0,0,30,8,0,521,25,0,10,0,0,DOH000000000002132,200,2,6,MANGATAREM DISTRICT HOSPITAL
2020-04-03 4:34:03,2020-04-03 4:34:03,2020-04-03,20,15,1,14,100,1,0,250,2,0,194,12,0,100,0,0,DOH000000000003667,20,20,5,NUEVA VIZCAYA PROVINCIAL HOSPITAL
2020-04-10 13:21:24,2020-04-10 13:21:24,2020-04-10,150,4,4,14,580,17,13,100,55,1,356,9,4,250,8,5,DOH000000000005288,103,100,16,"BROKENSHIRE INTEGRATED HEALTH MINISTRIES, INC."
2020-04-10 9:38:14,2020-04-10 9:38:14,2020-04-10,240,5,1,15,300,650,2,3600,4620,0,305,15,3,250,0,0,DOH000000000000278,80,96,5,BICOL MEDICAL CENTER
2020-03-28 8:34:22,2020-03-28 8:34:22,2020-03-28,95,5,1,15,500,800,1,3840,4840,0,15,15,3,300,0,0,DOH000000000000278,10,109,5,BICOL MEDICAL CENTER
2020-04-04 9:54:38,2020-04-04 9:53:05,2020-04-04,360,5,1,15,400,720,2,3725,4740,0,229,15,3,202,0,0,DOH000000000000278,100,99,5,BICOL MEDICAL CENTER
2020-04-03 10:00:11,2020-04-03 10:00:11,2020-04-03,3,5,0,15,0,0,0,5,1,0,88,18,0,0,0,0,DOH000000000001506,50,0,7,CABADBARAN DISTRICT HOSPITAL
2020-04-10 14:08:30,2020-04-10 14:08:30,2020-04-10,101,5,1,15,700,8,19,85,52,1,368,5,5,60,1,10,DOH000000000001873,25,51,22,"UNIVERSIDAD DE STA. ISABEL DE NAGA, INC."
2020-04-04 13:34:04,2020-04-04 13:34:04,2020-04-04,405,8,3,15,7390,41,13,3305,455,1,236,93,2,1343,10,13,DOH000000000005288,473,484,20,"BROKENSHIRE INTEGRATED HEALTH MINISTRIES, INC."
2020-04-10 10:01:47,2020-04-10 10:01:47,2020-04-10,50,7,2,16,175,1,0,24,81,0,311,12,3,0,7,0,DOH000000000032086,0,6,15,SKYLINE HOSPITAL AND MEDICAL CENTER
2020-04-03 9:06:42,2020-04-03 9:06:42,2020-04-03,0,7,2,16,150,0,0,14,98,0,80,12,3,0,7,0,DOH000000000032086,0,12,15,SKYLINE HOSPITAL AND MEDICAL CENTER
2020-04-12 19:23:42,2020-04-12 19:23:42,2020-04-12,22,53,3,17,500,70,5,15,90,1,623,9,3,0,1,3,DOH000000000005567,30,50,1,"ILOILO DOCTORS? HOSPITAL, INCORPORATED"
2020-03-27 16:24:22,2020-03-27 16:24:22,2020-03-27,20,52,3,17,1000,50,17,10,30,1,11,9,3,50,1,3,DOH000000000005567,20,30,1,"ILOILO DOCTORS? HOSPITAL, INCORPORATED"
2020-04-03 11:38:02,2020-04-03 11:38:02,2020-04-03,90,53,3,17,100,80,5,12,100,1,95,9,3,0,1,3,DOH000000000005567,50,50,1,"ILOILO DOCTORS? HOSPITAL, INCORPORATED"
2020-04-11 11:44:56,2020-04-11 11:44:56,2020-04-11,7,7,1,17,50,1,12,30,3,0,593,0,1,40,4,0,DOH000000000005002,50,15,4,ILOCOS SUR PROVINCIAL HOSPITAL GABRIELA SILANG
2020-04-10 15:58:56,2020-04-10 15:58:56,2020-04-10,34,24,0,18,286,2,13,12,12,0,454,60,0,34,0,0,DOH000000000002143,21,32,15,BUTUAN MEDICAL CENTER
2020-04-03 16:43:11,2020-04-03 16:43:11,2020-04-03,150,11,1,18,9800,4,9,171,53,1,200,58,0,100,7,0,DOH000000000003141,1,10,2,WEST METRO MEDICAL CENTER
2020-04-10 17:06:46,2020-04-10 17:06:46,2020-04-10,446,49,1,18,9067,45,3,176,305,5,531,55,2,1149,6,24,DOH000000000003313,1813,774,19,SOUTHERN ISABELA GENERAL HOSPITAL
2020-04-03 4:18:48,2020-04-03 4:18:48,2020-04-03,57,49,1,18,6262,38,3,181,342,5,185,55,2,739,6,24,DOH000000000003313,1442,823,19,SOUTHERN ISABELA GENERAL HOSPITAL
2020-04-10 16:11:56,2020-04-10 16:11:56,2020-04-10,50,15,3,18,200,70,12,20,80,0,479,26,2,61,0,0,DOH000000000007016,120,10,22,"MARIA REYNA-XAVIER UNIVERSITY HOSPITAL, INC."
2020-04-11 9:51:29,2020-04-11 9:51:29,2020-04-11,360,18,0,19,1500,70,0,18,20,0,587,5,0,30,0,0,DOH000000000000625,204,10,2,LORENZO D. ZAYCO DISTRICT HOSPITAL
2020-04-03 16:39:55,2020-04-03 16:39:55,2020-04-03,0,28,0,20,200,2,0,10,4,0,198,46,0,200,0,1,DOH000000000002694,50,20,13,JOSE C. PAYUMO JR. MEMORIAL HOSPITAL
2020-04-10 8:14:01,2020-04-10 8:14:01,2020-04-10,280,16,4,21,206,7,14,150,100,3,289,24,4,15335,5,1,DOH000000000003715,45,0,23,THE MEDICAL CITY - ILOILO
2020-04-06 11:23:49,2020-04-06 11:23:49,2020-04-06,0,16,4,21,0,1,14,30,2,8,256,24,4,7692,5,1,DOH000000000003715,7,0,23,THE MEDICAL CITY - ILOILO
2020-04-03 4:17:28,2020-04-03 4:17:28,2020-04-03,551,30,1,21,6,410,0,20,1729,0,183,5,0,77,3,4,DOH000000000004707,115,11,2,ADELA SERRA TY MEMORIAL MEDICAL CENTER
2020-04-10 15:46:46,2020-04-10 15:46:46,2020-04-10,441,30,1,21,6,20,0,20,1729,0,427,5,0,77,3,4,DOH000000000004707,115,11,2,ADELA SERRA TY MEMORIAL MEDICAL CENTER
2020-04-07 15:43:59,2020-04-07 15:43:59,2020-04-07,30,9,2,23,7000,8,21,10000,50,10,271,84,4,0,10,0,DOH000000000005449,9,20,21,"URDANETA SACRED HEART HOSPITAL, INC."
2020-04-10 16:54:07,2020-04-10 16:54:07,2020-04-10,120,20,2,24,176,160,11,92,42,3,528,18,2,0,10,0,DOH000000000002703,50,30,8,REGION II TRAUMA AND MEDICAL CENTER      (VETERANS REGIONAL
2020-04-03 3:03:54,2020-04-03 3:03:54,2020-04-03,624,20,2,24,2000,11,11,210,16,3,130,18,2,400,10,0,DOH000000000002703,261,324,8,REGION II TRAUMA AND MEDICAL CENTER      (VETERANS REGIONAL
2020-03-27 14:04:21,2020-03-27 14:04:21,2020-03-27,300,49,1,25,0,40,3,40,160,5,9,48,2,0,6,22,DOH000000000003313,0,402,19,SOUTHERN ISABELA GENERAL HOSPITAL
2020-04-10 12:39:20,2020-04-10 12:39:20,2020-04-10,356,48,1,25,0,114,62,10,7,1,342,162,3,302,12,0,DOH000000000002593,20,54,41,MARIANO MARCOS MEMORIAL HOSPITAL AND MEDICAL CENTER
2020-04-03 4:24:59,2020-04-03 4:24:59,2020-04-03,42,48,1,25,116,268,62,12,961,1,188,162,3,65,12,0,DOH000000000002593,20,250,41,MARIANO MARCOS MEMORIAL HOSPITAL AND MEDICAL CENTER
2020-04-10 16:25:06,2020-04-10 16:25:06,2020-04-10,1573,1,1,26,323784,207,5,3093,145,4,496,68,1,827,4,0,DOH000000000004299,1268,845,14,CORAZON LOCSIN MONTELIBANO MEMORIAL REGIONAL HOSPITAL
2020-04-11 15:11:03,2020-04-11 15:11:03,2020-04-11,190,7,1,30,100,80,0,700,650,2,604,31,2,150,2,0,DOH000000000004460,2835,118,10,BULACAN MEDICAL CENTER
2020-04-06 18:01:33,2020-04-06 18:01:33,2020-04-06,76,16,1,30,1219,17,10,7,87,0,262,0,5,1580,9,0,DOH000000000006037,814,157,18,"MARY JOHNSTON HOSPITAL, INC."
2020-04-10 13:20:33,2020-04-10 13:20:33,2020-04-10,57,0,1,30,2500,37,3,14000,353,0,355,22,1,0,0,1,DOH000000000004529,22,20,3,"ADVENTIST HOSPITAL-PALAWAN, INC."
2020-04-03 3:26:08,2020-04-03 3:26:08,2020-04-03,57,0,1,30,8000,5,3,130,6,0,143,22,1,0,0,1,DOH000000000004529,23,20,3,"ADVENTIST HOSPITAL-PALAWAN, INC."
2020-04-03 18:59:24,2020-04-03 18:59:24,2020-04-03,3,29,1,37,15,2,4,84,10,2,221,12,1,25,7,1,DOH000000000000272,72,2,15,JAMES L. GORDON MEMORIAL HOSPITAL
2020-04-12 22:37:46,2020-04-12 22:37:46,2020-04-12,950,48,1,43,900,45,12,31,56,1,624,50,2,566,7,2,DOH000000000002777,27,264,19,ILOCOS TRAINING AND REGIONAL MEDICAL CENTER
2020-04-11 10:29:41,2020-04-11 10:29:41,2020-04-11,2054,100,3,50,10000,4074,30,4795,13127,5,588,60,3,33000,30,5,DOH000000000005937,1337,1346,60,VICENTE SOTTO MEMORIAL MEDICAL CENTER
2020-03-27 12:17:40,2020-03-27 12:17:40,2020-03-27,470,141,3,62,1800,64,54,2243,100,14,7,346,4,0,14,13,DOH000000000000273,0,41,50,REGION I MEDICAL CENTER
2020-04-03 16:56:41,2020-04-03 16:56:41,2020-04-03,200,141,3,62,1100,30,54,950,0,6,206,346,4,0,14,13,DOH000000000000273,0,0,50,REGION I MEDICAL CENTER
2020-04-10 13:42:03,2020-04-10 13:42:03,2020-04-10,0,141,3,62,0,7,54,320,0,14,361,346,4,0,14,13,DOH000000000000273,0,0,50,REGION I MEDICAL CENTER
2020-03-30 14:08:45,2020-03-30 12:26:40,2020-03-30,4825,29,8,124,66428,157,76,12604,6687,0,34,108,3,22089,8,6,DOH000000000000637,22,803,133,MAKATI MEDICAL CENTER
2020-04-03 3:21:52,2020-04-03 3:21:52,2020-04-03,2594,47,9,124,95988,80,76,11855,6264,0,137,108,5,20589,14,5,DOH000000000000637,2176,14210,141,MAKATI MEDICAL CENTER
2020-04-11 19:03:02,2020-04-11 19:03:02,2020-04-11,3092,32,7,124,87882,230,76,10667,5916,0,610,108,3,12211,17,4,DOH000000000000637,1525,13042,140,MAKATI MEDICAL CENTER
