updateddate,addeddate,head_cover,ic_specialist,goggles,medtech,pulmo,shoe_cover,respthe,hfhudcode,n95mask,icu_nurse,reportdate,resident,gown,ward_nurse,id,er_nurse,id_specialist,face_shield,mechvent_tech,surgmask,gloves,cfname
2020-04-03 3:59:01,2020-04-03 3:59:01,30,0,0,0,0,0,0,DOH000000000033472,2,0,2020-04-03,0,9,0,173,0,0,15,0,2,5,ROVILLOS HOSPITAL
2020-04-10 15:55:52,2020-04-10 15:55:52,0,0,0,0,0,0,0,DOH000000000000579,0,0,2020-04-10,0,0,0,446,0,0,0,0,0,0,JAMELARIN HOSPITAL
2020-04-10 15:25:00,2020-04-10 15:25:00,0,0,0,0,0,0,0,DOH000000000000363,0,0,2020-04-10,0,0,0,403,0,0,0,0,3,3,DR. ROBOSA HOSPITAL
2020-04-03 2:15:36,2020-04-03 2:15:36,20,0,0,0,0,0,0,DOH000000000000757,0,0,2020-04-03,0,2,0,123,0,0,0,0,2,2,ST. CLAIRE HOSPITAL
2020-04-07 8:57:33,2020-04-07 8:57:33,18,0,0,0,0,0,0,DOH000000000000757,0,0,2020-04-07,0,2,0,265,0,0,0,0,2,2,ST. CLAIRE HOSPITAL
2020-04-10 16:10:23,2020-04-10 16:10:23,18,0,0,0,0,0,0,DOH000000000000757,0,0,2020-04-10,0,2,0,478,0,0,0,0,2,2,ST. CLAIRE HOSPITAL
2020-04-10 16:05:12,2020-04-10 16:05:12,10,0,4,0,0,0,0,DOH000000000037303,1,0,2020-04-10,0,4,0,467,0,0,10,0,1,4,VIACRUCIS INFIRMARY
2020-04-06 14:50:04,2020-04-06 14:50:04,5,0,0,0,0,0,0,DOH000000000032075,0,0,2020-04-06,0,0,0,259,0,0,20,0,2,10,JUVELO FAMILY CLINIC
2020-04-10 18:33:17,2020-04-10 18:33:17,120,0,35,0,0,100,0,DOH000000000035681,0,0,2020-04-10,0,112,0,549,0,0,40,0,2,6,LEGAZPI CITY HOSPITAL
2020-04-03 2:54:08,2020-04-03 2:54:08,2700,0,2,0,0,0,0,DOH000000000003315,12,0,2020-04-03,0,50,0,127,0,0,20,0,40,20,ABELLA MIDWAY HOSPITAL
2020-04-10 16:23:14,2020-04-10 16:23:14,10,0,10,0,0,7,0,DOH000000000002490,0,0,2020-04-10,0,3,0,495,0,0,10,0,0,0,AMOROSO MEDICAL CLINIC
2020-04-03 4:28:31,2020-04-03 4:28:31,25,0,10,0,0,7,0,DOH000000000002490,0,0,2020-04-03,0,5,0,190,0,0,10,0,0,2,AMOROSO MEDICAL CLINIC
2020-04-10 14:58:59,2020-04-10 14:58:59,7200,0,0,0,0,640,0,DOH000000000004534,696,0,2020-04-10,0,295,0,390,0,0,0,0,802,3418,DAVAO DOCTORS HOSPITAL
2020-04-03 3:24:28,2020-04-03 3:24:28,600,0,630,0,0,0,0,DOH000000000004534,86,0,2020-04-03,0,710,0,139,0,0,0,0,963,3992,DAVAO DOCTORS HOSPITAL
2020-04-10 16:00:13,2020-04-10 16:00:13,0,0,0,0,0,0,0,DOH000000000006900,0,0,2020-04-10,0,0,0,458,0,0,0,0,0,0,R AND L MEDICAL CLINIC
2020-04-03 12:13:25,2020-04-03 12:13:25,0,0,0,0,0,0,0,DOH000000000004522,0,0,2020-04-03,1,0,1,99,0,0,0,0,1,1,SEÑOR TESORO HOSPITAL
2020-04-06 9:03:40,2020-04-06 9:03:40,700,0,0,0,0,0,0,DOH000000000038151,1,0,2020-04-06,0,10,0,252,0,0,15,0,15,270,DARAGA DOCTORS HOSPITAL
2020-04-10 8:12:23,2020-04-10 8:12:23,600,0,0,0,0,0,0,DOH000000000038151,25,0,2020-04-10,0,3,0,287,0,0,10,0,10,100,DARAGA DOCTORS HOSPITAL
2020-04-04 8:44:06,2020-04-04 8:44:06,10,0,0,0,0,25,0,DOH000000000038151,1,0,2020-04-04,0,30,0,227,0,0,10,0,2,30,DARAGA DOCTORS HOSPITAL
2020-04-10 15:56:01,2020-04-10 15:56:01,100,0,2,0,0,0,0,DOH000000000027113,0,0,2020-04-10,0,2,0,447,0,0,15,0,0,2,HIBO-FRANCISCO HOSPITAL
2020-04-10 16:22:48,2020-04-10 16:22:48,0,0,0,0,0,0,0,DOH000000000037946,0,0,2020-04-10,0,0,0,493,0,0,3,0,1,1,LB CRUEL MEDICAL CLINIC
2020-04-03 4:10:15,2020-04-03 4:10:15,2074,0,23,0,0,10,0,DOH000000000000672,7,0,2020-04-03,0,102,0,179,0,0,28,0,52,105,MINDANAO MEDICAL CENTER
2020-04-10 15:45:19,2020-04-10 15:28:17,827,0,5,0,0,0,0,DOH000000000000672,10,0,2020-04-10,0,32,0,410,0,0,0,0,27,80,MINDANAO MEDICAL CENTER
2020-04-10 9:25:17,2020-04-10 9:25:17,30,0,5,0,0,20,0,DOH000000000001933,10,0,2020-04-10,0,10,0,304,0,0,8,0,3,3,MIRANDA FAMILY HOSPITAL
2020-04-10 9:52:11,2020-04-10 9:52:11,0,0,0,0,0,0,0,DOH000000000024002,0,0,2020-04-10,0,0,0,309,0,0,0,0,0,0,TIGAON PRIMARY HOSPITAL
2020-04-10 14:44:31,2020-04-10 14:44:31,0,0,1,0,0,1,0,DOH000000000003928,3,0,2020-04-10,0,0,0,380,0,0,5,0,2,6,LIANGA DISTRICT HOSPITAL
2020-04-03 17:13:21,2020-04-03 17:13:21,0,0,1,0,0,0,0,DOH000000000003928,3,0,2020-04-03,0,0,0,210,0,0,0,0,3,5,LIANGA DISTRICT HOSPITAL
2020-04-12 9:45:54,2020-04-12 9:45:54,400,0,70,1,0,100,0,DOH000000000001880,2,0,2020-04-12,3,55,4,614,0,0,2,0,10,30,PALANAN STATION HOSPITAL
2020-04-03 3:19:13,2020-04-03 3:19:13,25,0,3,2,0,25,0,DOH000000000003553,0,0,2020-04-03,0,25,4,135,0,0,25,0,5,5,PALAWAN BAPTIST HOSPITAL
2020-04-10 16:22:00,2020-04-10 16:22:00,0,0,0,0,0,0,0,DOH000000000000477,0,0,2020-04-10,0,0,0,491,0,0,0,0,0,0,DRAZEN COMMUNITY HOSPITAL
2020-04-10 8:06:27,2020-04-10 8:06:27,389,0,0,0,0,0,0,DOH000000000004052,7,0,2020-04-10,0,0,0,284,0,0,0,0,18,83,ITBAYAT DISTRICT HOSPITAL
2020-04-10 11:48:57,2020-04-10 11:48:57,0,0,0,0,0,0,0,DOH000000000006020,10,0,2020-04-10,0,7,0,331,0,0,12,0,0,2,JASAAN MUNICIPAL HOSPITAL
2020-04-10 15:46:26,2020-04-10 15:46:26,90,0,10,0,0,10,0,DOH000000000002154,14,0,2020-04-10,0,6,0,426,0,0,8,0,66,4,LORETO MUNICIPAL HOSPITAL
2020-04-03 4:02:07,2020-04-03 4:02:07,50,0,0,0,0,0,0,DOH000000000000384,0,0,2020-04-03,0,10,0,176,0,0,23,0,0,50,LYCEUM OF APARRI HOSPITAL
2020-04-10 16:48:34,2020-04-10 16:48:34,50,0,0,0,0,0,0,DOH000000000000384,0,0,2020-04-10,0,10,0,520,0,0,23,0,2,3,LYCEUM OF APARRI HOSPITAL
2020-04-10 16:19:21,2020-04-10 16:19:21,0,0,0,0,0,0,0,DOH000000000001955,0,0,2020-04-10,0,6,0,488,0,0,16,0,1,1,MAGTABOG GENERAL HOSPITAL
2020-04-11 8:30:21,2020-04-11 8:30:21,1000,0,2,0,0,500,0,DOH000000000003561,1,0,2020-04-11,0,300,0,580,0,0,0,0,10,500,MANUEL J. SANTOS HOSPITAL
2020-04-03 1:53:40,2020-04-03 1:53:40,1200,0,2,0,0,240,0,DOH000000000003561,10,0,2020-04-03,0,350,0,113,0,0,90,0,2,62,MANUEL J. SANTOS HOSPITAL
2020-04-10 16:53:10,2020-04-10 16:53:10,0,0,5,0,0,0,0,DOH000000000005962,1,0,2020-04-10,0,3,0,527,0,0,8,0,1,4,RETUERMA GENERAL HOSPITAL
2020-04-10 16:09:10,2020-04-10 16:09:10,20,0,1,0,0,1,0,DOH000000000004568,0,0,2020-04-10,0,1,0,474,0,0,0,0,2,2,SARANGANI MUNICIPAL HOSP.
2020-04-10 16:31:44,2020-04-10 16:31:44,50,0,5,1,0,0,0,DOH000000000002851,1,0,2020-04-10,2,0,6,499,0,0,0,0,2,350,SOCORRO DISTRICT HOSPITAL
2020-04-03 11:01:50,2020-04-03 11:01:50,100,0,15,1,0,0,0,DOH000000000002851,0,0,2020-04-03,2,0,5,93,0,0,0,0,0,300,SOCORRO DISTRICT HOSPITAL
2020-04-10 15:59:19,2020-04-10 15:59:19,0,0,0,0,0,0,0,DOH000000000002129,0,0,2020-04-10,0,0,4,455,0,0,0,0,0,0,CLAVERIA DISTRICT HOSPITAL
2020-04-10 15:51:36,2020-04-10 15:51:36,175,0,12,0,0,0,0,DOH000000000037412,0,0,2020-04-10,0,0,0,440,0,0,4,0,11,8,HOSPITAL DE ZAMBOANGA INC.
2020-04-10 16:27:27,2020-04-10 16:27:27,25,0,0,1,0,5,0,DOH000000000002843,8,0,2020-04-10,1,6,1,497,0,0,15,0,2,5,JABONGA MUNICIPAL HOSPITAL
2020-04-17 16:44:23,2020-04-17 16:44:23,22,0,0,1,0,5,0,DOH000000000002843,8,0,2020-04-17,1,6,1,625,0,0,15,0,2,4,JABONGA MUNICIPAL HOSPITAL
2020-04-10 16:39:06,2020-04-10 16:39:06,70,0,3,0,0,0,0,DOH000000000037752,0,0,2020-04-10,0,6,0,509,0,0,30,0,1,10,MANUPAC DOCTORS HEALTHCARE
2020-04-10 15:59:19,2020-04-10 15:59:19,5,0,4,0,0,3,0,DOH000000000005446,6,0,2020-04-10,0,5,0,456,0,0,10,0,0,6,PATHFINDER ESTATE HOSPITAL
2020-04-03 3:12:53,2020-04-03 3:12:53,6,0,4,0,0,1,0,DOH000000000005446,6,0,2020-04-03,0,4,0,134,0,0,5,0,1,6,PATHFINDER ESTATE HOSPITAL
2020-04-11 15:12:31,2020-04-11 15:12:31,3,0,7,0,0,1,0,DOH000000000000338,0,0,2020-04-11,0,11,0,605,0,0,50,0,0,10,VIACRUCIS MEDICAL HOSPITAL
2020-04-10 16:16:24,2020-04-10 16:16:24,0,0,0,0,0,0,0,DOH000000000003764,0,0,2020-04-10,0,0,0,485,0,0,0,0,0,0,BONGCAS HOLY CHILD HOSPITAL
2020-04-10 16:35:06,2020-04-10 16:35:06,0,0,30,0,0,0,0,DOH000000000001663,0,0,2020-04-10,0,0,0,507,0,0,20,0,1,2,CARAMOAN MUNICIPAL HOSPITAL
2020-04-12 15:59:09,2020-04-12 15:59:09,400,0,293,0,0,225,0,DOH000000000000587,58,0,2020-04-12,0,279,0,622,0,0,1137,0,26,92,J.R. BORJA GENERAL HOSPITAL
2020-04-10 16:22:54,2020-04-10 16:22:54,0,0,0,0,0,0,0,DOH000000000037754,0,0,2020-04-10,1,0,1,494,0,0,10,0,0,0,JABONGA COMMUNITY INFIRMARY
2020-04-10 12:07:03,2020-04-10 12:07:03,8,0,8,0,0,8,0,DOH000000000004957,0,0,2020-04-10,0,8,0,337,0,0,10,0,20,100,OLUTANGA MUNICIPAL HOSPITAL
2020-04-10 11:19:13,2020-04-10 11:19:13,500,0,27,0,0,10,0,DOH000000000000385,1,0,2020-04-10,0,18,0,327,0,0,57,0,17,56,OUR LADY MEDIATRIX HOSPITAL
2020-04-10 15:43:35,2020-04-10 15:43:35,350,0,15,0,0,70,0,DOH000000000002495,4,0,2020-04-10,0,46,0,423,0,0,30,0,0,20,SAN CARLOS DOCTORS' HOSPITAL
2020-04-03 3:37:25,2020-04-03 3:37:25,150,0,17,0,0,70,0,DOH000000000002495,4,0,2020-04-03,0,50,0,157,0,0,93,0,0,50,SAN CARLOS DOCTORS' HOSPITAL
2020-04-10 15:49:52,2020-04-10 15:49:52,0,0,4,0,0,0,0,DOH000000000007513,0,0,2020-04-10,0,30,0,434,0,0,15,0,0,0,BAYUGAN CITY DOCTORS HOSPITAL
2020-04-03 4:00:38,2020-04-03 4:00:38,0,0,6,0,0,0,0,DOH000000000007513,1,0,2020-04-03,0,40,0,174,0,0,30,0,2,5,BAYUGAN CITY DOCTORS HOSPITAL
2020-04-10 14:37:17,2020-04-10 14:37:17,337,0,80,0,0,175,0,DOH000000000004969,2,0,2020-04-10,0,217,0,376,0,0,18,0,16,7,CAMP NAVARRO GENERAL HOSPITAL
2020-04-10 17:20:58,2020-04-10 17:20:58,100,1,246,3,3,440,2,DOH000000000000268,300,9,2020-04-10,10,148,25,539,0,2,103,0,350,11,DAVAO REGIONAL MEDICAL CENTER
2020-03-31 12:47:54,2020-03-31 12:47:54,108,0,12,1,0,20,0,DOH000000000000770,8,0,2020-03-31,0,12,0,43,0,0,22,0,8,7,ST. MARTIN'S MISSION HOSPITAL
2020-04-03 21:10:24,2020-04-03 21:10:24,106,0,5,0,0,0,0,DOH000000000004076,700,0,2020-04-03,0,106,0,226,0,0,200,0,160,100,"ADVENTIST HOSPITAL-DAVAO, INC."
2020-04-10 19:02:00,2020-04-10 19:02:00,266,0,49,0,0,0,0,DOH000000000004076,998,0,2020-04-10,0,266,0,553,0,0,225,0,480,97,"ADVENTIST HOSPITAL-DAVAO, INC."
2020-04-10 21:24:14,2020-04-10 21:24:14,0,0,2,0,0,0,0,DOH000000000000377,0,0,2020-04-10,0,7,0,567,0,0,8,0,10,3,"DAVAO MEDIQUEST HOSPITAL, INC."
2020-04-10 15:39:16,2020-04-10 15:39:16,8,0,1,0,0,0,0,DOH000000000003562,1,0,2020-04-10,0,10,0,417,0,0,50,0,0,3,TRIFON SAILE MEMORIAL HOSPITAL
2020-04-07 16:20:40,2020-04-07 16:20:40,0,0,0,0,0,0,0,DOH000000000000553,0,0,2020-04-07,0,0,0,272,0,0,0,0,0,0,GINGOOG SANITARIUM AND HOSPITAL
2020-03-29 11:09:14,2020-03-29 11:09:14,20,0,6,0,0,20,0,DOH000000000004637,1,0,2020-03-29,0,6,0,23,0,0,10,0,3,3,"NAZARETH GENERAL HOSPITAL, INC."
2020-04-05 7:05:41,2020-04-05 7:05:41,50,0,30,0,0,50,0,DOH000000000004637,2,0,2020-04-05,0,50,0,245,0,0,30,0,5,10,"NAZARETH GENERAL HOSPITAL, INC."
2020-04-11 6:59:57,2020-04-11 6:59:57,100,0,30,0,0,100,0,DOH000000000004637,5,0,2020-04-11,0,50,0,573,0,0,70,0,5,10,"NAZARETH GENERAL HOSPITAL, INC."
2020-04-10 15:39:25,2020-04-10 15:39:25,10,0,0,0,0,0,0,DOH000000000000472,2,0,2020-04-10,0,0,0,418,0,0,10,0,10,5,"DIGNUM FOUNDATION HOSPITAL, INC."
2020-04-10 12:15:06,2020-04-10 12:15:06,0,0,0,0,0,0,0,DOH000000000004692,0,0,2020-04-10,0,0,0,339,0,0,0,0,0,0,NEW BULAN ST. JUDE MEDICAL CLINIC
2020-04-10 16:09:12,2020-04-10 16:09:12,50,0,0,0,0,0,0,DOH000000000000390,0,0,2020-04-10,0,10,0,475,0,0,20,0,5,10,"TANCHULING GENERAL HOSPITAL, INC."
2020-04-10 15:27:34,2020-04-10 15:27:34,50,0,0,0,0,164,0,DOH000000000007036,5,0,2020-04-10,0,11,0,408,0,1,97,0,42,107,"ZAMBOANGA DOCTORS? HOSPITAL, INC."
2020-04-10 13:58:01,2020-04-10 13:58:01,10,0,2,0,0,0,0,DOH000000000002752,1,0,2020-04-10,0,8,0,365,0,0,10,0,2,2,CARLOS P. ACOSTA CLINIC & HOSPITAL
2020-04-03 3:05:32,2020-04-03 3:05:32,4000,0,20,0,0,0,0,DOH000000000032023,15,0,2020-04-03,0,0,0,131,0,0,200,0,100,200,"DIVINE MERCY WELLNESS CENTER, INC."
2020-04-04 13:03:38,2020-04-04 13:03:38,300,0,45,0,0,157,0,DOH000000000005811,6,0,2020-04-04,0,76,0,235,0,0,40,0,20,22,"RICARDO LIMSO MEDICAL CENTER, INC."
2020-04-10 8:33:03,2020-04-10 8:33:03,400,0,41,0,0,135,0,DOH000000000005811,5,0,2020-04-10,0,61,0,290,0,0,49,0,22,20,"RICARDO LIMSO MEDICAL CENTER, INC."
2020-04-10 16:05:38,2020-04-10 16:05:38,0,0,50,0,0,6,0,DOH000000000033471,0,0,2020-04-10,0,6,0,468,0,0,40,0,0,30,"SAN MATEO MULTICARE HOSPITAL, INC."
2020-04-10 10:29:01,2020-04-10 10:29:01,2600,0,123,0,0,1475,0,DOH000000000006592,28,0,2020-04-10,0,39,0,316,0,0,245,0,64,444,SOUTH COTABATO PROVINCIAL HOSPITAL
2020-04-03 3:35:35,2020-04-03 3:35:35,200,0,5,0,0,0,0,DOH000000000002993,0,0,2020-04-03,0,5,0,154,0,0,10,0,20,40,"ANDA RIVERVIEW MEDICAL CENTER, INC."
2020-04-10 16:16:33,2020-04-10 16:16:33,0,0,0,0,0,0,0,DOH000000000035565,0,0,2020-04-10,0,40,0,486,0,0,20,0,10,10,"APAYAO CAGAYAN MEDICAL CENTER, INC."
2020-04-10 16:49:55,2020-04-10 16:49:55,25,0,11,0,0,11,0,DOH000000000024471,1,0,2020-04-10,0,11,0,522,0,0,50,0,5,5,CAMP ELIAS ANGELES STATION HOSPITAL
2020-04-10 15:40:49,2020-04-10 15:40:49,10,0,10,0,0,5,0,DOH000000000007971,1,0,2020-04-10,0,10,0,420,0,0,10,0,2,2,WILFREDO C. PALMA MEMORIAL HOSPITAL
2020-04-03 16:57:10,2020-04-03 16:57:10,0,0,7,0,0,3,0,DOH000000000007971,0,0,2020-04-03,0,0,0,207,0,0,5,0,0,10,WILFREDO C. PALMA MEMORIAL HOSPITAL
2020-04-03 12:12:55,2020-04-03 12:12:55,20,0,10,0,0,20,0,DOH000000000032432,1,0,2020-04-03,0,10,0,98,0,0,2,0,1,2,"BRIGINO GENERAL HOSPITAL, INC. (New)"
2020-04-11 8:28:32,2020-04-11 8:28:32,100,0,10,0,0,50,0,DOH000000000032432,0,0,2020-04-11,0,15,0,579,0,0,10,0,1,3,"BRIGINO GENERAL HOSPITAL, INC. (New)"
2020-04-03 4:22:42,2020-04-03 4:22:42,5,0,3,0,0,5,0,DOH000000000003758,0,0,2020-04-03,0,5,0,186,0,0,40,0,19,2,BUGASONG MEDICARE COMMUNITY HOSPITAL
2020-04-10 15:35:58,2020-04-10 15:35:58,6,0,4,0,0,6,0,DOH000000000003758,0,0,2020-04-10,0,11,0,416,0,0,40,0,14,2,BUGASONG MEDICARE COMMUNITY HOSPITAL
2020-04-10 15:23:49,2020-04-10 15:23:49,0,0,0,0,0,0,0,DOH000000000033251,0,0,2020-04-10,0,0,0,402,0,0,0,0,0,0,AURORA COMMUNITY & EMERGENCY HOSPITAL
2020-04-10 9:56:42,2020-04-10 9:56:42,10,0,0,0,0,0,0,DOH000000000000471,0,0,2020-04-10,0,2,0,310,0,0,0,0,2,2,DELBERT JON'S POLYCLINIC INCORPORATED
2020-04-03 3:28:18,2020-04-03 3:28:18,1000,0,7,0,0,0,0,DOH000000000004926,4,0,2020-04-03,0,7,0,147,0,0,100,0,20,15,GIG OCA ROBLES SEAMEN?S HOSPITAL DAVAO
2020-04-10 13:15:53,2020-04-10 13:15:53,1000,0,7,0,0,0,0,DOH000000000004926,4,0,2020-04-10,0,7,0,352,0,0,100,0,20,15,GIG OCA ROBLES SEAMEN?S HOSPITAL DAVAO
2020-04-03 16:41:44,2020-04-03 16:41:44,10,0,0,0,0,2,0,DOH000000000005566,0,0,2020-04-03,0,3,0,199,0,0,50,0,3,3,"PLTC, INC. LUIS A. TIAM MEDICAL CENTER"
2020-04-10 14:00:37,2020-04-10 14:00:37,600,0,0,0,0,0,0,DOH000000000034333,1,0,2020-04-10,0,0,0,366,0,0,90,0,2,84,CARRASCAL PRIMARY HEALTH CARE INFIRMARY
2020-04-03 9:42:07,2020-04-03 9:42:07,100,0,0,0,0,0,0,DOH000000000034333,2,0,2020-04-03,0,0,0,86,0,0,3,0,3,15,CARRASCAL PRIMARY HEALTH CARE INFIRMARY
2020-04-10 15:14:04,2020-04-10 15:14:04,75,0,15,0,0,10,0,DOH000000000004959,0,0,2020-04-10,0,35,0,398,0,0,40,0,1,3,MAYOR JOAQUIN MACIAS MEMORIAL INFIRMARY
2020-04-11 18:49:21,2020-04-11 18:49:21,10,0,2,0,0,5,0,DOH000000000011589,2,0,2020-04-11,0,5,0,609,0,0,10,0,2,1,"MOTHER OF MERCY HOSPITAL-TACLOBAN, INC."
2020-04-03 12:29:20,2020-04-03 12:29:20,200,0,20,0,0,0,0,DOH000000000002597,1,0,2020-04-03,0,3,0,101,0,0,0,0,3,10,"ST. JOHN GENERAL HOSPITAL OF BUUG, INC."
2020-04-10 16:45:07,2020-04-10 16:45:07,150,0,18,0,0,0,0,DOH000000000002597,0,0,2020-04-10,0,9,0,518,0,0,0,0,1,9,"ST. JOHN GENERAL HOSPITAL OF BUUG, INC."
2020-04-10 16:41:27,2020-04-10 16:41:27,8,0,8,0,0,8,0,DOH000000000007527,0,0,2020-04-10,0,8,0,512,0,0,20,0,0,1,UNIVERSIDAD DE ZAMBOANGA MEDICAL CENTER
2020-04-10 19:47:57,2020-04-10 19:47:57,10887,0,103,1,0,108,0,DOH000000000007488,530,0,2020-04-10,3,172,5,559,0,0,130,0,766,293,DAVAO ORIENTAL PROVINCIAL MEDICAL CENTER
2020-04-10 20:00:18,2020-04-10 20:00:18,0,0,0,0,0,0,0,DOH000000000004256,0,0,2020-04-10,0,0,0,561,0,0,0,0,0,0,DR. SOFRONIO B. GARCIA MEMORIAL HOSPITAL
2020-04-10 9:11:03,2020-04-10 9:11:03,0,0,2,0,0,0,0,DOH000000000023762,0,0,2020-04-10,0,2,0,301,0,0,0,0,3,2,ASENTISTA DOCTORS HOSPITAL AND LABORATORY
2020-04-03 3:26:40,2020-04-03 3:26:40,0,0,0,0,0,0,0,DOH000000000023762,0,0,2020-04-03,0,0,0,145,0,0,0,0,0,0,ASENTISTA DOCTORS HOSPITAL AND LABORATORY
2020-04-10 16:32:22,2020-04-10 16:32:22,50,0,12,0,0,0,0,DOH000000000001656,2,0,2020-04-10,0,8,0,500,0,0,1,0,36,100,BUKIDNON PROVINCIAL HOSPITAL - KALILANGAN
2020-04-10 17:30:34,2020-04-10 17:30:34,50,0,4,0,0,0,0,DOH000000000003441,0,0,2020-04-10,0,6,0,541,0,0,15,0,0,20,DR. BONIFACIA V. ALBANO MEMORIAL HOSPITAL
2020-04-03 3:26:03,2020-04-03 3:26:03,100,0,18,0,0,100,0,DOH000000000000389,5,0,2020-04-03,0,18,0,142,0,0,18,0,50,50,"LEON D. HERNANDEZ MEMORIAL HOSPITAL, INC."
2020-04-10 8:47:10,2020-04-10 8:47:10,100,0,2,0,0,0,0,DOH000000000002452,0,0,2020-04-10,0,5,0,292,0,0,20,0,2,2,LILOY INTEGRATED HEALTH DISTRICT HOSPITAL
2020-04-04 16:30:59,2020-04-04 16:30:59,400,0,10,0,0,100,0,DOH000000000004797,5,0,2020-04-04,0,20,0,240,0,0,40,0,200,10,OZAMIS CITY SAINT JOSEPH GENERAL HOSPITAL
2020-04-12 3:41:34,2020-04-12 3:41:34,382,0,14,0,0,82,0,DOH000000000004797,5,0,2020-04-12,0,16,0,612,0,0,44,0,22,11,OZAMIS CITY SAINT JOSEPH GENERAL HOSPITAL
2020-04-11 8:28:19,2020-04-11 8:28:19,2,0,2,0,0,2,0,DOH000000000032445,2,0,2020-04-11,0,2,0,578,0,0,2,0,2,2,BARRIOS-BUSINOS MEDICAL CLINIC AND HOSPITAL
2020-04-10 17:02:22,2020-04-10 17:02:22,150,0,5,0,0,200,0,DOH000000000004517,15,0,2020-04-10,0,300,0,529,0,0,50,0,50,150,"DR. MARCELO M. CHAN MEMORIAL HOSPITAL, INC."
2020-04-03 1:29:03,2020-04-03 1:29:03,4,0,3,0,0,5,0,DOH000000000003555,1,0,2020-04-03,0,25,0,107,0,0,40,0,5,3,SPECIALIST GROUP HOSPITAL AND TRAUMA CENTER
2020-04-10 15:41:17,2020-04-10 15:41:17,327,0,0,0,0,8,0,DOH000000000005127,4,0,2020-04-10,0,40,0,421,0,0,191,0,71,61,"ADVENTIST MEDICAL CENTER-VALENCIA CITY, INC."
2020-04-10 16:27:40,2020-04-10 16:27:40,0,0,0,0,0,0,0,DOH000000000000461,0,0,2020-04-10,0,10,0,498,0,0,30,0,10,3,CRISPIN M. PARAGAS MEMORIAL HOSPITAL (Curuan)
2020-04-10 17:27:15,2020-04-10 17:27:15,0,0,0,1,0,0,0,DOH000000000000143,0,0,2020-04-10,5,0,7,540,0,0,0,0,0,4,ELVIN U. MASIGAN INTEGRATED MEMORIAL HOSPITAL
2020-04-10 16:35:50,2020-04-10 16:35:50,0,0,0,0,0,0,0,DOH000000000037893,1,0,2020-04-10,0,0,0,508,0,0,13,0,2,3,GONZALES MEDICAL-SURGICAL AND BIRTHING CLINIC
2020-04-11 14:17:43,2020-04-11 14:17:43,200,0,50,0,0,0,0,DOH000000000027955,20,0,2020-04-11,0,100,0,600,0,0,200,0,300,100,"METRO DAVAO MEDICAL AND RESEARCH CENTER, INC."
2020-04-11 12:05:54,2020-04-11 12:05:54,50,0,10,0,0,0,0,DOH000000000007512,0,0,2020-04-11,0,0,0,595,0,0,60,0,1,1,"CAGAYAN DE ORO POLYMEDIC GENERAL HOSPITAL, INC."
2020-04-10 10:26:55,2020-04-10 10:26:55,0,0,0,0,0,0,0,DOH000000000000323,0,0,2020-04-10,0,0,0,315,0,0,7,0,0,1,BUNGABONG-SANICO MEDICAL CLINIC & MATERNITY HOSPITAL
2020-04-11 9:14:09,2020-04-11 9:14:09,0,0,0,0,0,0,0,DOH000000000003975,0,0,2020-04-11,0,0,0,583,0,0,0,0,0,0,NUESTRO ESPIRITU MEDICAL-SURGICAL AND DIAGNOSTIC CLINIC
2020-04-10 16:50:18,2020-04-10 16:50:18,33,0,21,0,0,62,0,DOH000000000001668,25,0,2020-04-10,0,28,0,523,0,0,30,0,4,2,VICE GOVERNOR FRANCISCO PONCE DE LEON MEMORIAL HOSPITAL
2020-04-04 11:50:25,2020-04-04 11:50:25,115,0,22,0,0,16,0,DOH000000000001668,4,0,2020-04-04,0,15,0,232,0,0,0,0,0,0,VICE GOVERNOR FRANCISCO PONCE DE LEON MEMORIAL HOSPITAL
2020-04-11 8:59:07,2020-04-11 8:59:07,200,0,50,0,0,10,0,DOH000000000007482,2,0,2020-04-11,0,50,0,582,0,0,200,0,50,50,DAVAO DEL NORTE HOSPITAL (ISALND GARDEN CITY OF SAMAL ZONE)
2020-04-02 5:13:26,2020-04-02 5:13:26,1000,0,10,0,0,200,0,DOH000000000006003,500,0,2020-04-02,0,50,0,74,0,0,1000,0,500,5000,"CAPITOL UNIVERSITY MEDICAL CENTER FOUNDATION OF CAGAYAN, INC"
2020-04-10 14:22:31,2020-04-10 14:22:31,1200,0,32,0,0,1100,0,DOH000000000030198,5,0,2020-04-10,0,758,0,373,0,0,30,0,240,240,INDIGINEOUS PEOPLES HOSPITAL FOUNDATION OF THE DIOCESE OF BA
2020-04-10 13:19:08,2020-04-10 13:19:08,0,0,0,0,0,0,0,DOH000000000003751,0,0,2020-04-10,0,45,0,353,0,0,40,0,65,20,MEDICAL MISSION GROUP HOSPITAL AND HEALTH SERVICES COOPERATI
2020-04-03 17:58:18,2020-04-03 17:58:18,25,0,0,0,0,0,0,DOH000000000003751,0,0,2020-04-03,0,7,0,217,0,0,40,0,0,0,MEDICAL MISSION GROUP HOSPITAL AND HEALTH SERVICES COOPERATI
2020-04-03 18:46:07,2020-04-03 18:46:07,7000,0,0,0,0,76,0,DOH000000000003620,11,0,2020-04-03,0,9,0,220,0,0,77,0,252,308,SORSOGON MEDICAL MISSION GROUP HOSPITAL AND HEALTH SERVICES
2020-03-30 12:24:23,2020-03-30 12:24:23,10000,0,73,0,0,26,0,DOH000000000003620,13,0,2020-03-30,0,0,0,33,0,0,21,0,19,334,SORSOGON MEDICAL MISSION GROUP HOSPITAL AND HEALTH SERVICES
2020-04-10 18:34:46,2020-04-10 18:34:46,4900,0,0,0,0,50,0,DOH000000000003620,6,0,2020-04-10,0,13,0,550,0,0,106,0,140,700,SORSOGON MEDICAL MISSION GROUP HOSPITAL AND HEALTH SERVICES
2020-04-10 14:12:58,2020-04-10 14:12:58,0,0,0,1,0,0,0,DOH000000000007055,0,0,2020-04-10,1,0,1,370,1,0,10,0,0,1,STO. NINO HOSPITAL
2020-03-28 11:51:19,2020-03-28 11:51:19,50,0,5,1,0,10,0,DOH000000000005964,0,0,2020-03-28,1,10,2,19,1,0,10,0,3,448,DIVINE WORD HOSPITAL
2020-04-03 3:32:14,2020-04-03 3:32:14,0,0,0,0,0,0,0,DOH000000000006900,0,0,2020-04-03,1,0,1,150,1,0,0,0,0,0,R AND L MEDICAL CLINIC
2020-04-10 15:28:47,2020-04-10 15:28:47,0,0,0,0,0,0,0,DOH000000000004522,0,0,2020-04-10,1,0,1,411,1,0,0,0,1,1,SEÑOR TESORO HOSPITAL
2020-03-31 4:14:49,2020-03-31 4:14:49,2,0,0,0,0,0,0,DOH000000000004522,0,0,2020-03-31,1,0,1,45,1,0,0,0,1,1,SEÑOR TESORO HOSPITAL
2020-04-10 11:25:57,2020-04-10 11:25:57,0,0,3,1,0,0,0,DOH000000000004924,0,0,2020-04-10,3,0,1,329,1,0,13,0,1,1,ST. MAGDALENE HOSPITAL
2020-04-03 3:22:36,2020-04-03 3:22:36,0,0,3,1,0,0,0,DOH000000000004924,0,0,2020-04-03,3,0,1,138,1,0,13,0,1,1,ST. MAGDALENE HOSPITAL
2020-04-02 5:56:08,2020-04-02 5:56:08,0,0,0,1,0,0,0,DOH000000000004924,0,0,2020-04-02,3,0,1,76,1,0,13,0,1,1,ST. MAGDALENE HOSPITAL
2020-04-11 15:53:43,2020-04-11 15:53:43,0,0,2,1,0,0,0,DOH000000000000261,0,0,2020-04-11,3,21,4,606,1,0,0,0,10,5,VIGA DISTRICT HOSPITAL
2020-04-10 14:07:26,2020-04-10 14:07:26,0,0,0,3,0,0,0,DOH000000000002761,3,0,2020-04-10,3,5,1,367,1,0,0,0,0,1,SAINT LAWRENCE HOSPITAL
2020-04-03 1:49:41,2020-04-03 1:49:41,0,0,0,3,0,0,0,DOH000000000002761,0,0,2020-04-03,3,0,1,111,1,0,0,0,0,1,SAINT LAWRENCE HOSPITAL
2020-04-06 16:30:34,2020-04-06 16:30:34,20,0,5,1,1,20,0,DOH000000000004078,0,0,2020-04-06,1,50,1,261,1,0,40,0,0,5,SAN FERNANDINO HOSPITAL
2020-04-11 0:24:34,2020-04-11 0:24:34,20,0,5,1,1,20,0,DOH000000000004078,0,0,2020-04-11,1,50,1,572,1,0,40,0,2,3,SAN FERNANDINO HOSPITAL
2020-04-10 9:21:25,2020-04-10 9:21:25,0,0,0,0,1,0,0,DOH000000000003877,0,0,2020-04-10,1,0,3,302,1,0,10,0,0,3,TABLAS DOCTORS HOSPITAL
2020-04-02 3:43:46,2020-04-02 3:43:46,0,0,0,0,1,0,0,DOH000000000003877,0,0,2020-04-02,1,0,3,63,1,0,63,0,0,0,TABLAS DOCTORS HOSPITAL
2020-04-03 4:03:18,2020-04-03 4:03:18,0,0,6,3,0,0,0,DOH000000000000231,1,0,2020-04-03,2,9,6,177,1,0,0,0,1,1,LUBANG DISTRICT HOSPITAL
2020-04-10 16:41:41,2020-04-10 16:41:41,0,0,50,3,0,50,0,DOH000000000000231,1,0,2020-04-10,2,27,6,513,1,0,20,0,1,10,LUBANG DISTRICT HOSPITAL
2020-04-02 4:06:45,2020-04-02 4:06:45,0,0,9,3,0,0,0,DOH000000000000231,18,0,2020-04-02,2,5,6,68,1,0,9,0,50,50,LUBANG DISTRICT HOSPITAL
2020-04-11 9:34:51,2020-04-11 9:34:51,30,0,3,1,0,0,0,DOH000000000003554,0,0,2020-04-11,1,1,1,584,1,0,3,0,0,0,PUYAOAN GENERAL HOSPITAL
2020-04-03 16:46:51,2020-04-03 16:46:51,92,0,25,0,0,25,0,DOH000000000000228,4,0,2020-04-03,0,32,0,203,1,0,106,0,5,10,QUEZON MEDICARE HOSPITAL
2020-04-03 3:19:28,2020-04-03 3:19:28,150,0,5,1,0,20,0,DOH000000000005454,1,0,2020-04-03,1,10,2,136,1,0,20,0,5,20,KABASALAN GENRAL HOSPITAL
2020-04-10 15:39:30,2020-04-10 15:39:30,150,0,5,1,0,20,0,DOH000000000005454,1,0,2020-04-10,1,10,2,419,1,0,20,0,5,20,KABASALAN GENRAL HOSPITAL
2020-04-03 17:24:13,2020-04-03 17:24:13,15,0,0,1,0,15,0,DOH000000000000019,2,0,2020-04-03,1,5,6,213,1,0,20,0,5,5,LA PAZ MUNICIPAL HOSPITAL
2020-04-11 7:44:59,2020-04-11 7:44:59,15,0,0,1,0,15,0,DOH000000000000019,2,0,2020-04-11,1,5,6,574,1,0,20,0,0,2,LA PAZ MUNICIPAL HOSPITAL
2020-04-10 17:15:32,2020-04-10 17:15:32,0,0,0,1,0,0,0,DOH000000000000004,0,0,2020-04-10,2,0,2,536,1,0,0,0,0,0,LABASON DISTRICT HOSPITAL
2020-04-07 12:06:54,2020-04-07 12:06:54,0,0,1,2,0,0,0,DOH000000000000621,0,0,2020-04-07,1,1,2,268,1,0,8,0,4,3,LINGIG COMMUNITY HOSPITAL
2020-04-10 16:02:41,2020-04-10 16:02:41,20,0,12,2,0,4,0,DOH000000000002713,2,0,2020-04-10,3,10,3,463,1,0,40,0,60,25,PALUAN COMMUNITY HOSPITAL
2020-04-03 4:16:35,2020-04-03 4:16:35,20,0,15,2,0,0,0,DOH000000000002713,2,0,2020-04-03,3,10,3,182,1,0,0,0,70,20,PALUAN COMMUNITY HOSPITAL
2020-04-10 15:58:47,2020-04-10 15:58:47,1,0,1,0,0,1,0,DOH000000000027779,0,0,2020-04-10,1,1,1,453,1,0,1,0,1,1,SIBUCO MUNICIPAL HOSPITAL
2020-04-10 16:34:19,2020-04-10 16:34:19,0,0,0,1,0,0,0,DOH000000000005786,0,0,2020-04-10,1,0,5,505,1,0,15,0,0,10,SIBUYAN DISTRICT HOSPITAL
2020-04-10 15:58:03,2020-04-10 15:58:03,200,0,30,1,0,0,0,DOH000000000002462,3,0,2020-04-10,1,15,1,451,1,0,50,0,2,5,SIPOCOT DISTRICT HOSPITAL
2020-04-10 21:13:31,2020-04-10 21:13:31,20,0,30,0,0,10,0,DOH000000000000060,8,0,2020-04-10,1,28,1,565,1,0,54,0,4,8,SIRUMA MUNICIPAL HOSPITAL
2020-04-03 3:28:06,2020-04-03 3:28:06,20,0,0,1,0,0,0,DOH000000000002532,0,0,2020-04-03,1,9,2,146,1,0,10,0,0,4,ST. PAUL GENERAL HOSPITAL
2020-04-10 12:03:55,2020-04-10 12:03:55,20,0,0,1,0,0,0,DOH000000000002532,0,0,2020-04-10,1,9,2,335,1,0,10,0,0,4,ST. PAUL GENERAL HOSPITAL
2020-04-10 9:04:13,2020-04-10 9:04:13,0,0,8,1,0,0,0,DOH000000000023750,1,0,2020-04-10,4,11,1,298,1,0,12,0,4,1,BALO-I PROVINCIAL HOSPITAL
2020-04-03 20:37:13,2020-04-03 20:37:13,10,0,2,1,0,2,0,DOH000000000000643,2,0,2020-04-03,0,0,1,224,1,0,5,0,5,3,MALIMONO DISTRICT HOSPITAL
2020-04-10 10:43:10,2020-04-10 10:43:10,10,0,3,1,0,2,0,DOH000000000000643,2,0,2020-04-10,1,0,1,320,1,0,10,0,4,2,MALIMONO DISTRICT HOSPITAL
2020-04-10 15:48:54,2020-04-10 15:48:54,2,0,0,1,0,0,0,DOH000000000000747,0,0,2020-04-10,1,2,2,432,1,0,10,0,1,10,SIBUTAD MUNICIPAL HOSPITAL
2020-04-03 9:32:10,2020-04-03 9:32:10,15,0,3,1,0,4,0,DOH000000000005204,0,0,2020-04-03,2,25,1,83,1,0,7,0,3,0,MARIHATAG DISTRICT HOSPITAL
2020-04-10 14:53:47,2020-04-10 14:53:47,0,0,3,1,0,0,0,DOH000000000005204,0,0,2020-04-10,2,25,1,385,1,0,15,0,0,0,MARIHATAG DISTRICT HOSPITAL
2020-03-26 14:28:06,2020-03-26 14:28:06,6,0,0,0,0,0,0,DOH000000000032921,0,0,2020-03-26,1,0,1,3,1,0,0,0,0,1,EROS MEDICAL LYING IN CLINIC
2020-04-02 4:25:13,2020-04-02 4:25:13,0,0,0,0,0,1,0,DOH000000000001825,0,0,2020-04-02,1,10,1,69,1,0,8,0,0,1,MINA DE ORO GENERAL HOSPITAL
2020-04-02 1:18:03,2020-04-02 1:18:03,50,0,30,1,0,50,0,DOH000000000003490,0,0,2020-04-02,2,30,1,58,1,0,30,0,0,3,SAN ANDRES MUNICIPAL HOSPITAL
2020-04-10 11:03:11,2020-04-10 11:03:11,85,0,19,1,0,45,0,DOH000000000000770,6,0,2020-04-10,1,4,0,323,1,0,23,0,10,13,ST. MARTIN'S MISSION HOSPITAL
2020-04-06 10:08:38,2020-04-06 10:08:38,20,0,1,0,0,3,0,DOH000000000000488,0,0,2020-04-06,1,1,1,254,1,0,4,0,1,3,DR. ALBERTO M. PASTOR HOSPITAL
2020-04-10 16:06:53,2020-04-10 16:06:53,0,0,1,2,0,0,0,DOH000000000000353,0,0,2020-04-10,4,0,3,471,1,0,12,0,40,3,JA ALEGRE MED.  CLINIC & HOSP.
2020-04-10 10:03:14,2020-04-10 10:03:14,0,0,0,1,0,0,0,DOH000000000003986,0,0,2020-04-10,1,0,1,312,1,0,0,0,0,0,ROSARY OF VIRGIN MARY HOSPITAL
2020-04-03 1:32:49,2020-04-03 1:32:49,26,0,12,1,0,0,0,DOH000000000005252,1,0,2020-04-03,2,0,2,108,1,0,0,0,1,24,ABRA DE ILOG MUNICIPAL HOSPITAL
2020-04-10 10:33:35,2020-04-10 10:33:35,26,0,0,1,0,0,0,DOH000000000005252,0,0,2020-04-10,2,8,2,317,1,0,0,0,0,23,ABRA DE ILOG MUNICIPAL HOSPITAL
2020-04-03 3:25:38,2020-04-03 3:25:38,50,0,10,2,0,20,0,DOH000000000007705,2,0,2020-04-03,1,7,2,141,1,0,20,0,2,10,HAPPY VALLEY COMMUNITY HOSPITAL
2020-04-12 8:33:22,2020-04-12 8:33:22,50,0,50,1,0,50,0,DOH000000000000732,1,0,2020-04-12,1,25,2,613,1,0,31,0,10,10,ROMEO B. SIBUD COUNTRY HOPSITAL
2020-04-02 1:56:30,2020-04-02 1:56:30,16,0,16,1,0,16,0,DOH000000000005932,1,0,2020-04-02,3,16,2,60,1,0,31,0,5,5,TABLAS ISLAND DISTRICT HOSPITAL
2020-03-30 11:21:20,2020-03-30 11:21:20,30,0,0,0,0,0,0,DOH000000000025678,0,0,2020-03-30,0,0,1,31,1,0,0,0,0,1,MATEO-MABBORANG GENERAL HOSPITAL
2020-04-01 8:41:55,2020-04-01 8:41:55,15,0,0,0,0,0,0,DOH000000000025678,0,0,2020-04-01,0,0,1,48,1,0,0,0,0,0,MATEO-MABBORANG GENERAL HOSPITAL
2020-03-29 10:10:14,2020-03-29 10:10:14,50,0,0,0,0,0,0,DOH000000000025678,0,0,2020-03-29,0,0,1,22,1,0,0,0,0,2,MATEO-MABBORANG GENERAL HOSPITAL
2020-03-31 7:31:17,2020-03-31 7:31:17,20,0,0,0,0,0,0,DOH000000000025678,0,0,2020-03-31,0,0,1,38,1,0,0,0,0,1,MATEO-MABBORANG GENERAL HOSPITAL
2020-04-02 10:27:25,2020-04-02 10:27:25,10,0,0,0,0,0,0,DOH000000000025678,0,0,2020-04-02,0,0,1,56,1,0,0,0,0,0,MATEO-MABBORANG GENERAL HOSPITAL
2020-04-03 10:03:19,2020-04-03 10:03:19,10,0,0,0,0,0,0,DOH000000000025678,0,0,2020-04-03,0,0,1,89,1,0,0,0,0,0,MATEO-MABBORANG GENERAL HOSPITAL
2020-03-26 8:47:12,2020-03-26 8:47:12,0,0,0,1,0,0,0,DOH000000000006490,0,0,2020-03-26,1,0,1,2,1,0,0,0,0,6,NABILOG COMMUNITY PRIMARY HOSPITAL
2020-03-30 10:07:10,2020-03-30 10:07:10,0,0,0,1,0,0,0,DOH000000000006490,0,0,2020-03-30,1,0,1,30,1,0,0,0,0,5,NABILOG COMMUNITY PRIMARY HOSPITAL
2020-04-03 3:51:33,2020-04-03 3:51:33,20,0,0,1,0,0,0,DOH000000000002750,1,0,2020-04-03,1,2,1,165,1,0,12,0,4,5,WESTMIN UNITED DOCTORS HOSPITAL CO.
2020-04-11 8:40:25,2020-04-11 8:40:25,20,0,0,1,0,0,0,DOH000000000002750,0,0,2020-04-11,1,2,1,581,1,0,12,0,4,4,WESTMIN UNITED DOCTORS HOSPITAL CO.
2020-04-03 4:18:41,2020-04-03 4:18:41,10,1,3,0,0,0,0,DOH000000000005014,0,1,2020-04-03,1,2,1,184,1,1,10,0,1,1,ZAPANTA MATERNITY & GENERAL HOSPITAL
2020-04-10 18:24:46,2020-04-10 18:24:46,3,1,3,0,0,3,0,DOH000000000005014,1,1,2020-04-10,1,3,1,548,1,1,5,0,1,1,ZAPANTA MATERNITY & GENERAL HOSPITAL
2020-04-02 4:52:37,2020-04-02 4:52:37,10,1,3,0,0,0,0,DOH000000000005014,0,1,2020-04-02,1,2,1,72,1,1,10,0,1,1,ZAPANTA MATERNITY & GENERAL HOSPITAL
2020-03-30 12:44:06,2020-03-30 12:44:06,400,0,200,1,0,60,0,DOH000000000000357,1,1,2020-03-30,1,17,1,35,1,0,70,0,19,9,"IMMACULATE HEART OF MARY HOSPITAL, INC."
2020-04-10 13:55:17,2020-04-10 13:55:17,200,1,2,0,0,0,0,DOH000000000003385,0,1,2020-04-10,1,2,1,364,1,0,25,1,2,2,"BUTUAN PUERICULTURE CENTER NO. 394, INC."
2020-04-10 16:05:41,2020-04-10 16:05:41,5,0,2,1,0,10,0,DOH000000000000308,24,0,2020-04-10,1,30,0,469,1,0,20,0,2,3,GARCHITORENA MEDICARE COMMUNITY HOSPITAL
2020-04-03 16:48:14,2020-04-03 16:48:14,89,0,10,1,0,50,0,DOH000000000005417,0,0,2020-04-03,1,85,0,204,1,0,20,0,3,30,"OUR LADY OF MERCY GENERAL HOSPITAL, INC."
2020-04-10 8:34:03,2020-04-10 8:34:03,96,0,20,1,1,20,0,DOH000000000005417,80,0,2020-04-10,1,20,0,291,1,1,30,0,1,8,"OUR LADY OF MERCY GENERAL HOSPITAL, INC."
2020-03-28 9:07:36,2020-03-28 9:07:36,66,0,11,1,0,86,0,DOH000000000005417,0,0,2020-03-28,1,26,0,17,1,1,20,0,6,76,"OUR LADY OF MERCY GENERAL HOSPITAL, INC."
2020-04-02 3:25:43,2020-04-02 3:25:43,0,0,1,1,0,100,0,DOH000000000026813,3,0,2020-04-02,1,20,1,62,1,0,5,0,0,20,RENATO UMALI REYES HOSPITAL OF BONGABONG
2020-04-10 14:20:51,2020-04-10 14:20:51,0,0,1,0,0,0,0,DOH000000000000310,0,0,2020-04-10,2,2,3,372,1,0,10,0,0,1,SINAWILAN CLINIC & HOSPITAL AND HOSPITAL
2020-04-12 14:12:35,2020-04-12 14:12:35,47,0,7,2,0,15,0,DOH000000000000247,1,0,2020-04-12,4,7,9,619,1,0,14,0,8,1,JUAN M. ALBERTO MEMORIAL DISTRICT HOSPITAL
2020-04-10 14:57:57,2020-04-10 14:57:57,257,0,50,1,0,80,0,DOH000000000007247,0,0,2020-04-10,2,40,1,389,1,0,102,0,31,2,COMPOSTELA VALLEY PROVINCIAL HOSPITAL - LAAK
2020-04-10 14:44:15,2020-04-10 14:44:15,0,0,0,1,1,0,0,DOH000000000037388,0,0,2020-04-10,1,0,2,378,1,1,4,0,0,1,"UNITED DOCTORS HOSPITAL OF COTABATO CITY, INC."
2020-04-10 16:15:44,2020-04-10 16:15:44,2,0,1,1,0,0,0,DOH000000000000577,1,0,2020-04-10,1,0,1,484,1,0,6,0,2,2,ISIDRO M. OLAN SR. MEMORIAL CLINIC AND HOSPITAL INC.
2020-04-03 17:13:39,2020-04-03 17:13:39,2,0,1,1,0,0,0,DOH000000000000577,1,0,2020-04-03,1,0,1,211,1,0,6,0,2,2,ISIDRO M. OLAN SR. MEMORIAL CLINIC AND HOSPITAL INC.
2020-04-03 3:35:36,2020-04-03 3:35:36,50,1,3,1,0,0,0,DOH000000000033684,1,0,2020-04-03,1,3,1,155,1,0,10,0,1,2,PUERTO GALERA URGENT CARE CLINIC & DIAGNOSTIC CENTER
2020-04-10 20:02:34,2020-04-10 20:02:34,30,0,3,1,0,0,0,DOH000000000033684,1,0,2020-04-10,1,0,1,562,1,0,5,0,1,1,PUERTO GALERA URGENT CARE CLINIC & DIAGNOSTIC CENTER
2020-04-10 19:12:44,2020-04-10 19:12:44,7093,0,0,17,0,98,3,DOH000000000031929,10,0,2020-04-10,1,198,1,555,1,1,264,3,34,378,"ALLIED CARE EXPERTS (ACE) MEDICAL CENTER ?BALIWAG, INC."
2020-04-03 2:04:26,2020-04-03 2:04:26,1000,1,10,1,1,0,1,DOH000000000038008,0,4,2020-04-03,1,40,4,119,2,1,50,1,36,19,SALUBRIS INC.
2020-04-10 8:06:45,2020-04-10 8:06:45,0,0,0,1,0,0,0,DOH000000000000283,0,0,2020-04-10,2,0,2,285,2,0,0,0,0,1,UMALI MEDICAL CLINIC
2020-04-03 6:55:38,2020-04-03 6:55:38,0,0,0,1,0,0,0,DOH000000000000283,0,0,2020-04-03,1,0,2,79,2,0,0,0,0,1,UMALI MEDICAL CLINIC
2020-04-02 4:01:13,2020-04-02 4:01:13,25,0,10,1,0,7,0,DOH000000000002490,0,0,2020-04-02,2,5,4,66,2,0,10,0,0,2,AMOROSO MEDICAL CLINIC
2020-04-10 15:59:34,2020-04-10 15:59:34,74,0,71,4,0,25,0,DOH000000000003916,8,2,2020-04-10,1,72,4,457,2,0,65,0,8,3,CUYO DISTRICT HOSPITAL
2020-04-12 10:33:55,2020-04-12 10:33:55,10,0,10,1,0,10,0,DOH000000000005179,0,0,2020-04-12,1,10,1,615,2,0,50,0,1,10,TUAO DISTRICT HOSPITAL
2020-04-10 16:33:50,2020-04-10 16:33:50,0,0,0,5,0,0,0,DOH000000000000230,0,0,2020-04-10,4,20,14,502,2,0,20,0,10,10,LASAM DISTRICT HOSPITAL
2020-04-03 3:46:42,2020-04-03 3:46:42,20,0,0,5,0,10,0,DOH000000000000230,10,0,2020-04-03,5,10,3,162,2,0,10,0,5,5,LASAM DISTRICT HOSPITAL
2020-04-03 2:55:57,2020-04-03 2:55:57,0,0,0,3,0,0,0,DOH000000000001980,0,0,2020-04-03,3,0,12,128,2,0,0,0,0,0,ALICIA DISTRICT HOSPITAL
2020-04-10 18:06:24,2020-04-10 18:06:24,4600,0,111,2,1,0,3,DOH000000000000449,45,0,2020-04-10,1,0,9,546,2,2,259,1,349,396,CIUDAD MEDICAL ZAMBOANGA
2020-04-04 16:45:40,2020-04-04 16:45:40,10,0,10,1,0,6,0,DOH000000000007711,6,0,2020-04-04,1,6,2,241,2,0,10,0,1,1,LANCETA MEDICAL HOSPITAL
2020-04-10 16:20:24,2020-04-10 16:20:24,6,0,6,1,0,6,0,DOH000000000007711,6,0,2020-04-10,1,4,2,490,2,0,10,0,1,1,LANCETA MEDICAL HOSPITAL
2020-04-10 17:17:46,2020-04-10 17:17:46,69,1,69,1,0,69,0,DOH000000000003351,1,0,2020-04-10,2,69,4,537,2,1,40,0,4,2,LUNA GOCO MEDICAL CENTER
2020-04-02 7:35:12,2020-04-02 7:35:12,50,1,50,1,0,50,0,DOH000000000003351,0,0,2020-04-02,2,50,4,77,2,1,25,0,1,3,LUNA GOCO MEDICAL CENTER
2020-04-03 3:46:52,2020-04-03 3:46:52,21,0,11,0,0,0,0,DOH000000000004472,1,0,2020-04-03,2,23,2,163,2,0,20,0,1,1,CHILDREN'S MEDICAL CLINIC
2020-04-10 15:22:37,2020-04-10 15:22:37,21,0,11,0,0,0,0,DOH000000000004472,1,0,2020-04-10,2,23,2,401,2,0,20,0,1,1,CHILDREN'S MEDICAL CLINIC
2020-04-10 15:25:09,2020-04-10 15:25:09,180,0,8,2,0,0,0,DOH000000000003564,4,0,2020-04-10,1,7,4,404,2,0,180,0,13,15,NASIPIT DISTRICT HOSPITAL
2020-04-03 3:38:15,2020-04-03 3:38:15,15,0,8,2,0,20,0,DOH000000000000425,7,0,2020-04-03,2,12,1,158,2,0,30,0,20,10,BASILAN COMMUNITY HOSPITAL
2020-04-10 16:51:34,2020-04-10 16:51:34,15,0,8,2,0,20,0,DOH000000000000425,5,0,2020-04-10,2,12,1,525,2,0,30,0,20,10,BASILAN COMMUNITY HOSPITAL
2020-04-10 19:51:04,2020-04-10 19:51:04,5,0,2,2,0,0,0,DOH000000000004332,0,0,2020-04-10,2,0,2,560,2,0,6,0,1,2,FRANCO CLINIC AND HOSPITAL
2020-04-05 12:58:51,2020-04-05 12:58:51,95,0,3,0,0,5,0,DOH000000000002332,10,0,2020-04-05,2,12,2,248,2,0,30,0,45,57,DE LOS REYES MEDICAL CLINIC
2020-04-01 12:59:52,2020-04-01 12:59:52,100,0,3,2,0,5,0,DOH000000000002332,10,0,2020-04-01,2,14,2,51,2,0,35,0,50,60,DE LOS REYES MEDICAL CLINIC
2020-04-10 18:07:15,2020-04-10 18:07:15,15,0,9,1,0,10,0,DOH000000000000748,0,0,2020-04-10,1,12,3,547,2,0,12,0,5,2,SINDANGAN DISTRICT HOSPITAL
2020-04-03 9:51:23,2020-04-03 9:51:23,53,0,0,1,1,404,1,DOH000000000005789,14,2,2020-04-03,3,1,2,87,2,1,0,0,7,23,THE MEDICAL CITY PANGASINAN
2020-04-03 16:44:41,2020-04-03 16:44:41,30,0,10,3,0,0,0,DOH000000000006029,0,0,2020-04-03,1,10,6,202,2,1,100,0,2,5,M. SIMON HOSPITAL & PHARMACY
2020-04-02 12:36:37,2020-04-02 12:36:37,100,0,5,6,0,100,0,DOH000000000005501,2,0,2020-04-02,4,70,4,57,2,0,25,0,5,50,PINAMALAYAN DOCTORS HOSPITAL
2020-04-10 16:09:25,2020-04-10 16:09:25,35,0,65,2,0,300,0,DOH000000000000260,1,0,2020-04-10,1,50,2,476,2,0,28,0,3,4,SANTA CRUZ DISTRICT HOSPITAL
2020-04-02 4:29:55,2020-04-02 4:29:55,50,0,20,2,0,100,0,DOH000000000000260,1,0,2020-04-02,1,30,2,70,2,0,20,0,2,5,SANTA CRUZ DISTRICT HOSPITAL
2020-04-03 4:22:59,2020-04-03 4:22:59,50,0,20,2,0,100,0,DOH000000000000260,1,0,2020-04-03,1,30,2,187,2,0,20,0,2,5,SANTA CRUZ DISTRICT HOSPITAL
2020-04-11 9:42:51,2020-04-11 9:42:51,500,1,300,2,1,300,2,DOH000000000002162,5,3,2020-04-11,7,200,12,586,2,1,300,0,10,40,CAGAYAN VALLEY MEDICAL CENTER
2020-04-10 12:48:21,2020-04-10 12:48:21,100,0,0,1,0,0,1,DOH000000000005614,18,0,2020-04-10,5,28,5,347,2,1,0,0,3,6,"ILOILO MISSION HOSPITAL, INC."
2020-04-10 15:50:32,2020-04-10 15:50:32,50,0,6,2,0,6,0,DOH000000000000588,3,0,2020-04-10,1,6,5,437,2,0,6,0,3,6,JUAN S. ALANO MEMORIAL HOSPITAL
2020-04-10 13:01:37,2020-04-10 13:01:37,90,0,8,0,0,12,0,DOH000000000000632,1,0,2020-04-10,1,156,8,348,2,0,10,0,1,2,MAGUINDANAO PROVINCIAL HOSPITAL
2020-04-10 13:54:13,2020-04-10 13:54:13,4,0,6,1,0,0,0,DOH000000000004291,0,0,2020-04-10,2,3,3,363,2,0,4,0,0,10,BAYUGAN JM YAP STO. NINO HOSPITAL
2020-04-10 16:03:41,2020-04-10 16:03:41,0,0,0,0,0,0,0,DOH000000000037030,0,0,2020-04-10,1,5,0,465,2,0,5,0,0,3,POLYMEDIC BIRTHING AND NATAL CARE
2020-04-10 16:42:01,2020-04-10 16:42:01,0,6,8,1,1,4,0,DOH000000000032095,0,0,2020-04-10,0,7,4,514,2,1,4,0,1,1,CORAZON C. AQUINO MEMORIAL HOSPITAL
2020-04-10 14:57:06,2020-04-10 14:57:06,286,0,6,5,0,19,0,DOH000000000005198,2,0,2020-04-10,6,17,14,388,2,0,50,0,0,9,PIO DURAN MEMORIAL DISTRICT HOSPITAL
2020-04-03 6:32:58,2020-04-03 6:32:58,5,0,5,1,1,5,0,DOH000000000003771,4,0,2020-04-03,2,5,0,78,2,0,0,0,12,12,SOUTHERN PALAWAN PROVINCIAL HOSPITAL
2020-04-03 12:49:07,2020-04-03 12:49:07,30,0,0,2,0,10,0,DOH000000000004186,100,0,2020-04-03,2,30,1,104,2,0,80,0,100,100,TEODORO B. GALAGAR DISTRICT HOSPITAL
2020-04-10 15:00:05,2020-04-10 15:00:05,4050,0,0,2,0,4,0,DOH000000000004186,15,0,2020-04-10,2,30,2,391,2,0,80,0,35,275,TEODORO B. GALAGAR DISTRICT HOSPITAL
2020-04-10 11:55:37,2020-04-10 11:55:37,330,0,10,0,0,40,0,DOH000000000006060,20,0,2020-04-10,1,71,0,333,2,0,30,0,6,25,SURIGAO DEL NORTE PROVINCIAL HOSPITAL
2020-04-10 16:17:04,2020-04-10 16:17:04,5,3,2,2,1,2,0,DOH000000000005526,0,0,2020-04-10,2,2,3,487,2,0,6,0,1,1,TOMAS-CACAL MEDICAL CLINIC & HOSPITAL
2020-04-10 15:51:08,2020-04-10 15:51:08,200,0,15,2,0,25,0,DOH000000000005452,5,0,2020-04-10,2,40,4,438,2,0,50,0,10,10,INFANTE HOSPITAL MANAGEMENT CORPORATION
2020-04-03 12:10:48,2020-04-03 12:10:48,40,0,20,1,2,8,0,DOH000000000008483,0,0,2020-04-03,1,700,1,97,2,2,20,0,64,405,"DR. RONALD P. GUZMAN MEDICAL CENTER, INC."
2020-04-10 16:08:52,2020-04-10 16:08:52,20,0,10,1,2,3,0,DOH000000000008483,0,0,2020-04-10,1,600,1,473,2,2,15,0,39,380,"DR. RONALD P. GUZMAN MEDICAL CENTER, INC."
2020-03-27 10:02:11,2020-03-27 10:02:11,80,0,51,1,2,16,0,DOH000000000008483,2,0,2020-03-27,1,1000,1,5,2,2,58,0,89,435,"DR. RONALD P. GUZMAN MEDICAL CENTER, INC."
2020-04-03 16:36:35,2020-04-03 16:36:35,50,1,0,2,1,0,0,DOH000000000007511,50,3,2020-04-03,2,60,2,195,2,1,30,1,75,80,"ADVENTIST MEDICAL CENTER-ILIGAN CITY, INC."
2020-03-31 8:51:02,2020-03-31 8:51:02,200,0,0,1,1,50,0,DOH000000000007511,5,1,2020-03-31,2,50,0,39,2,1,30,1,45,70,"ADVENTIST MEDICAL CENTER-ILIGAN CITY, INC."
2020-04-10 15:48:00,2020-04-10 15:48:00,256,0,80,2,0,58,0,DOH000000000001670,135,0,2020-04-10,1,57,2,431,2,0,60,0,32,75,DON MODESTO FORMILLEZA SR. MEMORIAL HOSPITAL
2020-04-02 1:25:30,2020-04-02 1:25:30,358,0,82,2,0,58,0,DOH000000000001670,85,0,2020-04-02,1,58,2,59,2,0,60,0,1,37,DON MODESTO FORMILLEZA SR. MEMORIAL HOSPITAL
2020-03-30 17:38:28,2020-03-30 17:38:28,100,0,34,4,0,38,0,DOH000000000001977,14,0,2020-03-30,3,4,5,37,2,3,61,0,27,20,MARIVELES MENTAL WELLNESS  AND GENERAL HOSPITAL
2020-04-03 1:11:43,2020-04-03 1:11:43,100,0,50,4,0,70,0,DOH000000000001977,17,0,2020-04-03,3,7,5,105,2,3,250,0,80,33,MARIVELES MENTAL WELLNESS  AND GENERAL HOSPITAL
2020-04-10 19:31:56,2020-04-10 19:31:56,180,0,30,4,0,70,0,DOH000000000001977,66,0,2020-04-10,3,50,5,558,2,3,405,0,46,22,MARIVELES MENTAL WELLNESS  AND GENERAL HOSPITAL
2020-04-10 11:06:09,2020-04-10 11:06:09,558,0,3,4,0,30,0,DOH000000000005597,50,0,2020-04-10,3,10,10,325,2,0,0,0,28,28,FR. GERRY FILIPPETTO MEMORIAL FOUNDATION HOSPITAL
2020-04-03 9:10:52,2020-04-03 9:10:52,600,0,3,4,0,30,0,DOH000000000005597,50,0,2020-04-03,3,10,10,81,2,0,0,0,30,30,FR. GERRY FILIPPETTO MEMORIAL FOUNDATION HOSPITAL
2020-04-10 15:54:29,2020-04-10 15:54:29,5,0,5,1,0,5,0,DOH000000000003408,0,0,2020-04-10,2,15,2,443,2,0,25,9,1,2,MOISES R. ESPINOSA SR. MEMORIAL MUNICIPAL HOSPITAL
2020-04-12 11:57:50,2020-04-12 11:57:50,1028,0,0,2,0,0,2,DOH000000000038110,5,3,2020-04-12,2,127,0,618,2,1,129,0,8,125,BATANGAS HEALTHCARE SPECIALISTS MEDICAL CENTER (new)
2020-04-03 4:29:10,2020-04-03 4:29:10,0,0,0,2,0,0,0,DOH000000000038110,1,0,2020-04-03,2,92,1,191,2,1,61,1,11,236,BATANGAS HEALTHCARE SPECIALISTS MEDICAL CENTER (new)
2020-04-10 16:33:14,2020-04-10 16:33:14,2900,0,30,1,0,10,0,DOH000000000000481,22,0,2020-04-10,1,1100,1,501,2,0,70,0,170,120,DON JOSE S. MONFORT MEDICAL CENTER EXTENSION HOSPITAL
2020-04-03 3:55:04,2020-04-03 3:55:04,300,0,2,0,0,0,0,DOH000000000002804,2,0,2020-04-03,0,2,0,170,2,1,200,0,0,65,MEDICAL MISSION GROUP HOSPITAL AND HEALTH SERVICES COOPERATI
2020-04-10 15:30:38,2020-04-10 15:30:38,150,0,2,0,0,0,0,DOH000000000002804,1,0,2020-04-10,0,2,0,414,2,0,200,0,0,45,MEDICAL MISSION GROUP HOSPITAL AND HEALTH SERVICES COOPERATI
2020-04-10 10:17:48,2020-04-10 10:17:48,10,0,1,0,0,0,0,DOH000000000002164,5,0,2020-04-10,3,2,6,314,3,1,10,0,1,1,GAMBALAN HOSPITAL
2020-04-10 16:03:38,2020-04-10 16:03:38,3000,0,84,1,1,200,1,DOH000000000005687,2065,0,2020-04-10,3,20,2,464,3,1,0,0,2000,727,SEAMEN?S HOSPITAL
2020-04-03 9:40:02,2020-04-03 9:40:02,3000,0,75,1,1,50,1,DOH000000000005687,1037,0,2020-04-03,1,40,3,85,3,1,0,0,470,776,SEAMEN?S HOSPITAL
2020-04-10 15:41:27,2020-04-10 15:41:27,6,0,3,1,0,2,0,DOH000000000003317,0,0,2020-04-10,2,2,4,422,3,0,3,0,0,2,DANAO-SALE HOSPITAL
2020-04-03 20:09:05,2020-04-03 20:09:05,6,0,3,1,0,2,0,DOH000000000003317,0,0,2020-04-03,2,1,4,223,3,0,0,0,0,2,DANAO-SALE HOSPITAL
2020-04-03 16:49:26,2020-04-03 16:49:26,20,0,2,0,0,20,0,DOH000000000000445,1,0,2020-04-03,2,2,4,205,3,0,20,0,2,2,CHAVEZ MEDICAL CLINIC
2020-04-11 8:14:53,2020-04-11 8:14:53,20,0,2,0,0,20,0,DOH000000000000445,1,0,2020-04-11,2,7,4,576,3,0,20,0,2,2,CHAVEZ MEDICAL CLINIC
2020-04-10 15:47:07,2020-04-10 15:47:07,1,0,0,2,0,0,0,DOH000000000000548,0,0,2020-04-10,3,0,3,428,3,0,12,0,0,1,FAMILY MEDICAL CLINIC
2020-04-03 3:32:49,2020-04-03 3:32:49,1,0,0,2,0,0,0,DOH000000000000548,0,0,2020-04-03,3,0,3,151,3,0,12,0,0,1,FAMILY MEDICAL CLINIC
2020-04-11 20:07:20,2020-04-11 20:07:20,0,0,0,1,0,0,0,DOH000000000000454,0,0,2020-04-11,2,5,8,611,3,0,10,0,0,1,CLINICA JESUS NAZARENO
2020-04-03 2:50:09,2020-04-03 2:50:09,20,0,20,4,0,20,0,DOH000000000003916,3,2,2020-04-03,1,20,8,126,3,0,10,0,5,8,CUYO DISTRICT HOSPITAL
2020-04-10 15:25:49,2020-04-10 15:25:49,0,0,0,3,0,0,0,DOH000000000001980,0,0,2020-04-10,3,0,12,405,3,0,0,0,0,0,ALICIA DISTRICT HOSPITAL
2020-04-03 2:57:43,2020-04-03 2:57:43,697,0,15,4,1,10,0,DOH000000000004148,0,0,2020-04-03,6,52,12,129,3,0,40,0,23,57,LEONCIO GENERAL HOSPITAL
2020-04-01 5:17:12,2020-04-01 5:17:12,700,0,15,0,1,10,0,DOH000000000004148,0,0,2020-04-01,6,55,12,54,3,0,40,0,24,58,LEONCIO GENERAL HOSPITAL
2020-04-10 16:09:41,2020-04-10 16:09:41,690,0,15,4,1,10,0,DOH000000000004148,0,0,2020-04-10,6,50,12,477,3,0,40,0,22,56,LEONCIO GENERAL HOSPITAL
2020-04-10 9:01:04,2020-04-10 9:01:04,0,0,0,2,0,0,0,DOH000000000002767,0,0,2020-04-10,2,0,3,297,3,0,5,0,1,1,RILLERA MEDICAL HOSPITAL
2020-04-10 15:26:54,2020-04-10 15:26:54,300,0,20,3,0,30,0,DOH000000000004095,1,0,2020-04-10,3,20,3,407,3,0,30,0,10,10,HOSPITAL OF THE HOLY CROSS
2020-04-02 4:35:18,2020-04-02 4:35:18,30,0,20,3,0,30,0,DOH000000000004095,2,0,2020-04-02,3,30,9,71,3,0,20,0,8,12,HOSPITAL OF THE HOLY CROSS
2020-04-10 15:56:04,2020-04-10 15:56:04,25,0,5,2,0,5,0,DOH000000000002549,15,0,2020-04-10,3,25,7,448,3,0,50,0,2,17,QUEZON COMMUNITY INFIRMARY
2020-04-03 3:58:06,2020-04-03 3:58:06,0,0,0,1,0,0,0,DOH000000000000754,0,0,2020-04-03,1,0,3,171,3,0,22,0,0,0,S.S LUMAPAS MEDICAL CLINIC
2020-04-04 9:20:08,2020-04-04 9:20:08,0,0,2,2,0,0,0,DOH000000000004449,0,0,2020-04-04,5,10,5,228,3,0,0,0,0,2,KITCHARAO DISTRICT HOSPITAL
2020-04-03 19:04:37,2020-04-03 19:04:37,30,0,30,2,0,30,0,DOH000000000001562,30,0,2020-04-03,3,30,3,222,3,0,30,0,10,15,MALIPAYON DISTRICT HOSPITAL
2020-04-10 20:12:41,2020-04-10 20:12:41,250,0,0,1,0,0,0,DOH000000000004054,2,0,2020-04-10,1,7,3,563,3,0,0,0,0,50,RAPU-RAPU DISTRICT HOSPITAL
2020-04-10 15:21:13,2020-04-10 15:21:13,893,0,25,0,0,28,0,DOH000000000004794,17,0,2020-04-10,1,127,0,400,3,0,52,0,106,164,"RIVERA MEDICAL CENTER, INC."
2020-04-03 4:33:27,2020-04-03 4:33:27,618,0,35,0,0,145,0,DOH000000000004794,19,0,2020-04-03,1,112,0,193,3,0,82,0,112,180,"RIVERA MEDICAL CENTER, INC."
2020-04-03 3:41:53,2020-04-03 3:41:53,20,0,2,5,0,1,0,DOH000000000006576,0,0,2020-04-03,12,10,13,161,3,0,2,0,1,4,SALUG VALLEY MEDICAL CENTER
2020-04-07 12:16:30,2020-04-07 12:16:30,0,0,14,1,0,50,0,DOH000000000005938,1,0,2020-04-07,4,50,3,269,3,0,6,0,0,3,TORRIJOS MUNICIPAL HOSPITAL
2020-04-10 14:44:19,2020-04-10 14:44:19,20,0,0,1,0,0,0,DOH000000000001506,1,0,2020-04-10,1,9,2,379,3,0,40,0,2,3,CABADBARAN DISTRICT HOSPITAL
2020-04-11 12:05:12,2020-04-11 12:05:12,337,0,80,5,0,175,0,DOH000000000004969,2,0,2020-04-11,4,217,17,594,3,0,18,0,16,7,CAMP NAVARRO GENERAL HOSPITAL
2020-04-11 13:31:30,2020-04-11 13:31:30,0,0,9,0,0,0,0,DOH000000000000298,0,0,2020-04-11,1,9,0,598,3,0,10,0,0,10,DR. MIGUEL V. ALEGRE HOSPITAL
2020-04-11 11:18:39,2020-04-11 11:18:39,300,0,10,1,1,300,0,DOH000000000003566,5,0,2020-04-11,4,50,2,591,3,0,10,0,23,84,"SOLLER GENERAL HOSPITAL, INC."
2020-04-10 12:19:46,2020-04-10 12:19:46,21,0,51,1,0,32,0,DOH000000000000542,3,0,2020-04-10,1,23,2,341,3,0,62,0,42,41,EDWIN ANDREWS AIRBASE HOSPITAL
2020-04-11 15:06:17,2020-04-11 15:06:17,2,0,2,1,0,2,0,DOH000000000003547,0,0,2020-04-11,5,2,6,603,3,0,2,0,8,2,PRIETO DIAZ MUNICIPAL HOSPITAL
2020-04-10 10:55:06,2020-04-10 10:55:06,900,0,52,1,0,85,0,DOH000000000000232,5,0,2020-04-10,1,27,2,322,3,0,45,0,7,14,SAN SEBASTIAN DISTRICT HOSPITAL
2020-04-03 1:56:47,2020-04-03 1:56:47,9300,0,10,1,0,75,0,DOH000000000000232,6,0,2020-04-03,1,18,2,114,3,0,0,0,4,18,SAN SEBASTIAN DISTRICT HOSPITAL
2020-04-10 15:55:30,2020-04-10 15:55:30,173,0,69,2,0,101,0,DOH000000000038482,24,0,2020-04-10,0,58,3,445,3,0,55,0,6,3,DR. JOSE RIZAL DISTRICT HOSPITAL
2020-04-07 16:32:22,2020-04-07 16:32:22,148,0,44,2,0,101,0,DOH000000000038482,9,0,2020-04-07,0,43,3,274,3,0,30,0,1,2,DR. JOSE RIZAL DISTRICT HOSPITAL
2020-04-10 15:26:22,2020-04-10 15:26:22,0,0,0,1,0,6,0,DOH000000000037698,0,0,2020-04-10,1,10,1,406,3,0,10,0,0,20,SULTAN KUDARAT DISTRICT HOSPITAL
2020-04-10 14:33:18,2020-04-10 14:33:18,50,0,0,2,1,50,2,DOH000000000003808,0,2,2020-04-10,2,50,3,375,3,1,10,0,0,2,"BRENT HOSPITAL AND COLLEGES, INC."
2020-04-10 16:07:31,2020-04-10 16:07:31,1500,0,8,3,0,40,0,DOH000000000003625,1,1,2020-04-10,1,21,5,472,3,0,120,0,60,100,MISAMIS UNIVERSITY MEDICAL CENTER
2020-04-10 9:06:05,2020-04-10 9:06:05,0,0,0,1,0,0,0,DOH000000000003669,3,0,2020-04-10,2,0,3,299,3,0,10,0,1,2,"DE CASTRO HOSPITAL FOUNDATION, INC."
2020-04-10 15:07:42,2020-04-10 15:07:42,300,0,12,0,0,300,0,DOH000000000003623,2,0,2020-04-10,1,50,3,393,3,0,1,0,0,6,LANAO DEL NORTE PROVINCIAL HOSPITAL
2020-04-01 7:36:10,2020-04-01 7:36:10,30,0,15,3,0,15,0,DOH000000000002748,10,0,2020-04-01,3,15,4,47,3,1,15,0,30,20,DR. DAMIAN REYES PROVINCIAL HOSPITAL
2020-04-11 9:41:02,2020-04-11 9:41:02,30,0,3,2,0,30,0,DOH000000000006878,1,0,2020-04-11,4,10,9,585,3,0,30,0,1,1,ESPERANZA MEDICARE COMMUNITY HOSPITAL
2020-03-30 15:25:15,2020-03-30 15:25:15,0,0,5,1,1,35,0,DOH000000000038000,3,0,2020-03-30,3,48,4,36,3,0,64,0,50,3,"METRO HEALTH SPECIALISTS HOSPITAL, INC."
2020-03-28 8:29:26,2020-03-28 8:29:26,100,0,5,2,1,50,0,DOH000000000017445,6,0,2020-03-28,1,10,4,14,3,1,30,1,10,20,"HOLY NAME UNIVERSITY MEDICAL CENTER, INC."
2020-04-07 17:10:29,2020-04-07 17:10:29,100,0,20,2,1,100,0,DOH000000000017445,2,0,2020-04-07,1,50,4,275,3,1,50,1,1,30,"HOLY NAME UNIVERSITY MEDICAL CENTER, INC."
2020-04-04 12:04:34,2020-04-04 12:04:34,5,0,3,3,1,0,0,DOH000000000034464,0,0,2020-04-04,3,5,3,234,3,0,10,0,1,1,"ZONE MEDICAL AND INTERVENTION HOSPITAL, INC."
2020-04-10 8:49:32,2020-04-10 8:49:32,12,0,4,0,0,3,0,DOH000000000034464,0,0,2020-04-10,3,6,0,293,3,0,5,0,1,2,"ZONE MEDICAL AND INTERVENTION HOSPITAL, INC."
2020-04-01 4:35:59,2020-04-01 4:35:59,700,0,15,4,1,10,0,DOH000000000004329,0,0,2020-04-01,6,55,12,53,3,0,40,0,24,58,CAMP GENERAL ARTEMIO RICARTE STATION HOSPITAL
2020-04-10 8:10:37,2020-04-10 8:10:37,50,1,30,2,1,0,1,DOH000000000038008,9,4,2020-04-10,1,50,4,286,4,1,50,1,10,10,SALUBRIS INC.
2020-04-11 8:21:27,2020-04-11 8:21:27,0,0,0,6,1,0,0,DOH000000000004818,0,0,2020-04-11,2,0,6,577,4,0,0,0,0,0,ESTHER HOSPITAL
2020-04-03 2:37:11,2020-04-03 2:37:11,0,0,0,0,1,0,0,DOH000000000004818,0,0,2020-04-03,2,0,6,124,4,0,0,0,0,0,ESTHER HOSPITAL
2020-04-10 13:28:27,2020-04-10 13:28:27,3,0,0,3,0,3,0,DOH000000000005233,0,0,2020-04-10,2,0,8,358,4,0,17,0,1,1,LIZASO HOSPITAL
2020-04-11 11:17:07,2020-04-11 11:17:07,100,0,14,2,0,100,0,DOH000000000032773,0,0,2020-04-11,4,25,6,590,4,0,10,0,4,21,MEDINA HOSPITAL
2020-04-10 16:00:41,2020-04-10 16:00:41,0,0,0,0,0,0,0,DOH000000000000319,6,0,2020-04-10,1,9,13,460,4,0,12,0,3,3,RICO'S HOSPITAL
2020-04-10 15:54:04,2020-04-10 15:54:04,281,0,150,3,0,200,0,DOH000000000000277,87,3,2020-04-10,4,50,4,442,4,1,50,0,320,300,Bicol Sanitarium
2020-04-03 4:27:57,2020-04-03 4:27:57,350,0,200,3,0,200,0,DOH000000000000277,1750,3,2020-04-03,4,50,4,189,4,1,50,0,320,300,Bicol Sanitarium
2020-04-10 16:34:14,2020-04-10 16:34:14,200,0,10,6,0,10,0,DOH000000000002831,0,0,2020-04-10,3,10,8,504,4,0,50,0,3,60,HERAMIL HOSPITAL
2020-04-10 22:08:43,2020-04-10 22:08:43,20,0,3,0,0,4,0,DOH000000000030126,0,0,2020-04-10,3,10,9,569,4,0,20,0,1,10,SAGNAY INFIRMARY
2020-04-05 10:52:38,2020-04-05 10:52:38,100,0,10,6,0,100,0,DOH000000000024449,5,0,2020-04-05,4,10,8,247,4,0,50,0,10,10,ISIAH MEDICAL CENTER
2020-04-10 17:07:26,2020-04-10 17:07:26,0,0,0,0,0,0,0,DOH000000000003985,1,0,2020-04-10,3,0,4,532,4,0,0,0,1,0,PAZZU MEDICAL CLINIC
2020-04-10 11:05:23,2020-04-10 11:05:23,50,0,20,1,0,0,0,DOH000000000000355,0,0,2020-04-10,3,10,8,324,4,0,15,0,3,3,SULOP MEDICAL CLINIC
2020-04-10 17:38:34,2020-04-10 17:38:34,710,1,45,2,2,710,1,DOH000000000004358,2,7,2020-04-10,3,710,12,542,4,1,45,1,62,951,"SUMC FOUNDATION, INC."
2020-04-04 10:13:42,2020-04-04 10:13:42,893,1,0,2,2,893,1,DOH000000000004358,2,7,2020-04-04,3,893,12,230,4,1,70,1,40,1089,"SUMC FOUNDATION, INC."
2020-04-10 8:58:43,2020-04-10 8:58:43,50,0,8,4,0,2,0,DOH000000000005970,1,0,2020-04-10,2,5,4,296,4,0,10,0,4,23,GRACE MISSION HOSPITAL
2020-04-03 10:50:48,2020-04-03 10:50:48,50,0,8,3,0,2,0,DOH000000000005970,1,0,2020-04-03,2,0,4,92,4,0,10,0,5,30,GRACE MISSION HOSPITAL
2020-04-03 17:43:39,2020-04-03 17:43:39,200,1,20,4,5,200,3,DOH000000000002882,1,4,2020-04-03,8,30,4,216,4,2,20,0,10,10,JECSONS MEDICAL CENTER
2020-04-11 14:46:06,2020-04-11 14:46:06,200,1,20,4,4,200,2,DOH000000000002882,1,4,2020-04-11,8,40,4,602,4,2,20,0,100,10,JECSONS MEDICAL CENTER
2020-04-11 14:23:23,2020-04-11 14:23:23,20,0,5,4,0,10,0,DOH000000000024002,1,0,2020-04-11,3,5,8,601,4,0,20,0,0,10,TIGAON PRIMARY HOSPITAL
2020-04-03 11:35:43,2020-04-03 11:35:43,0,0,16,1,1,0,0,DOH000000000003409,0,0,2020-04-03,1,16,3,94,4,0,0,0,0,0,ABORLAN MEDICAL HOSPITAL
2020-04-10 16:01:48,2020-04-10 16:01:48,3,0,16,1,1,8,0,DOH000000000003409,0,0,2020-04-10,2,16,3,462,4,0,5,0,0,1,ABORLAN MEDICAL HOSPITAL
2020-04-03 2:05:11,2020-04-03 2:05:11,3900,1,144,1,1,698,3,DOH000000000001918,1074,7,2020-04-03,6,1476,5,120,4,1,629,3,3535,123,CARAGA REGIONAL HOSPITAL
2020-04-11 16:55:21,2020-04-11 16:55:21,0,0,0,0,0,0,0,DOH000000000000240,2,0,2020-04-11,1,5,4,607,4,0,20,0,1,1,ZAPANTA GENERAL HOSPITAL
2020-03-28 10:43:42,2020-03-28 10:43:42,10,0,10,2,0,10,0,DOH000000000003027,2,0,2020-03-28,4,35,4,18,4,0,10,0,8,12,ALCALA MUNICIPAL HOSPITAL
2020-04-03 17:27:18,2020-04-03 17:27:18,30,0,5,2,0,5,0,DOH000000000003027,0,0,2020-04-03,4,10,4,214,4,0,30,0,5,5,ALCALA MUNICIPAL HOSPITAL
2020-04-10 17:04:08,2020-04-10 17:04:08,5,0,5,1,0,5,0,DOH000000000004575,0,0,2020-04-10,2,5,4,530,4,0,15,0,3,1,GIGMOTO DISTRICT HOSPITAL
2020-04-03 3:29:58,2020-04-03 3:29:58,0,0,2,7,0,50,1,DOH000000000038007,1,4,2020-04-03,7,2,9,148,4,0,0,0,3,190,GRUPO MEDICO DE DIOS INC.
2020-04-07 16:29:56,2020-04-07 16:29:56,50,0,0,5,0,50,0,DOH000000000005735,1,0,2020-04-07,4,10,9,273,4,0,12,0,30,0,KASIBU MUNICIPAL HOSPITAL
2020-03-31 10:06:04,2020-03-31 10:06:04,50,0,0,5,0,0,0,DOH000000000005735,1,0,2020-03-31,4,0,9,40,4,0,10,0,38,0,KASIBU MUNICIPAL HOSPITAL
2020-04-02 4:55:43,2020-04-02 4:55:43,40,0,7,2,0,10,0,DOH000000000002657,1,0,2020-04-02,0,10,5,73,4,0,17,0,30,30,NAUJAN MUNICIPAL HOSPITAL
2020-04-10 14:46:01,2020-04-10 14:46:01,0,0,0,1,0,0,0,DOH000000000002983,0,0,2020-04-10,2,3,4,382,4,0,24,0,4,2,CASIGURAN DISTRICT HOSPITAL
2020-04-03 3:33:50,2020-04-03 3:33:50,0,0,0,1,0,0,0,DOH000000000002983,0,0,2020-04-03,2,0,4,152,4,0,0,0,0,0,CASIGURAN DISTRICT HOSPITAL
2020-04-10 15:50:29,2020-04-10 15:50:29,5,0,5,4,0,5,0,DOH000000000003831,1,0,2020-04-10,2,5,5,436,4,0,5,0,5,40,CATAINGAN DISTRICT HOSPITAL
2020-04-10 15:16:38,2020-04-10 15:16:38,50,0,6,2,0,25,0,DOH000000000004449,4,0,2020-04-10,6,20,6,399,4,0,100,0,8,2,KITCHARAO DISTRICT HOSPITAL
2020-04-03 3:08:29,2020-04-03 3:08:29,1200,0,8,1,0,5,0,DOH000000000007510,15,0,2020-04-03,2,13,5,133,4,1,43,0,94,70,Mindanao Central Sanitarium
2020-04-10 13:27:04,2020-04-10 13:27:04,1200,0,11,1,0,5,0,DOH000000000007510,15,0,2020-04-10,2,13,5,357,4,0,42,0,100,70,Mindanao Central Sanitarium
2020-04-03 2:00:24,2020-04-03 2:00:24,200,0,50,14,1,0,0,DOH000000000005197,20,0,2020-04-03,10,50,49,117,4,0,150,0,12,55,ROMBLON PROVINCIAL HOSPITAL
2020-04-10 8:13:03,2020-04-10 8:13:03,2000,0,60,14,1,80,0,DOH000000000005197,50,0,2020-04-10,10,46,49,288,4,0,72,0,200,75,ROMBLON PROVINCIAL HOSPITAL
2020-04-05 9:41:38,2020-04-05 9:41:38,100,0,50,2,1,100,0,DOH000000000026270,2,4,2020-04-05,1,20,4,246,4,1,50,0,20,50,"ANTIQUE MEDICAL CENTER, INC."
2020-03-29 11:41:09,2020-03-29 11:41:09,100,0,30,4,1,100,0,DOH000000000026270,1,4,2020-03-29,1,30,8,24,4,1,25,7,100,100,"ANTIQUE MEDICAL CENTER, INC."
2020-04-10 8:57:03,2020-04-10 8:57:03,25,0,25,6,0,25,0,DOH000000000004384,1,4,2020-04-10,3,65,8,295,4,0,25,0,10,10,OUR LADY OF LOURDES HOSPITAL
2020-04-03 18:08:21,2020-04-03 18:08:21,48,0,1,2,0,0,0,DOH000000000003787,5,0,2020-04-03,2,5,4,218,4,0,49,0,40,30,SAN MIGUEL COMMUNITY HOSPITAL
2020-04-10 16:15:15,2020-04-10 16:15:15,24,0,1,2,0,0,0,DOH000000000003787,2,0,2020-04-10,2,44,4,483,4,0,49,0,23,14,SAN MIGUEL COMMUNITY HOSPITAL
2020-04-03 3:51:59,2020-04-03 3:51:59,1400,0,30,2,0,38,0,DOH000000000005359,0,0,2020-04-03,6,45,4,166,4,0,150,0,50,197,HOWARD HUBBARD MEMORIAL HOSPITAL
2020-04-03 16:43:38,2020-04-03 16:43:38,50,0,3,2,0,0,0,DOH000000000001666,0,0,2020-04-03,3,4,5,201,4,0,24,0,0,1,INAPOY COMMUNITY PRIMARY HOSPITAL
2020-03-27 11:22:26,2020-03-27 11:22:26,50,0,3,2,0,0,0,DOH000000000001666,0,0,2020-03-27,1,4,5,6,4,0,24,0,0,1,INAPOY COMMUNITY PRIMARY HOSPITAL
2020-04-10 21:22:17,2020-04-10 21:22:17,0,0,2,3,0,0,0,DOH000000000003100,0,0,2020-04-10,4,3,4,566,4,0,3,0,3,0,MATNOG MEDICARE COMMUNITY HOSPITAL
2020-04-10 15:55:02,2020-04-10 15:55:02,50,0,0,2,0,10,0,DOH000000000004790,0,0,2020-04-10,4,0,8,444,4,0,20,0,0,2,NORTHERN CAGAYAN DISTRICT HOSPITAL
2020-04-03 3:34:13,2020-04-03 3:34:13,50,0,0,2,0,10,0,DOH000000000004790,0,0,2020-04-03,4,0,8,153,4,0,0,0,0,3,NORTHERN CAGAYAN DISTRICT HOSPITAL
2020-04-10 19:28:41,2020-04-10 19:28:41,15,0,1,8,2,0,0,DOH000000000003014,0,0,2020-04-10,3,5,12,557,4,1,15,0,0,3,"OSPITAL NG KABATAAN NG DIPOLOG, INC"
2020-03-28 8:36:37,2020-03-28 8:36:37,200,0,0,4,0,50,0,DOH000000000032432,0,0,2020-03-28,2,10,11,16,4,0,0,0,0,2,"BRIGINO GENERAL HOSPITAL, INC. (New)"
2020-04-02 8:53:46,2020-04-02 8:53:46,20,0,8,3,0,10,0,DOH000000000002748,5,0,2020-04-02,4,3,5,55,4,0,10,0,10,4,DR. DAMIAN REYES PROVINCIAL HOSPITAL
2020-03-27 13:19:56,2020-03-27 13:19:56,54,0,54,6,0,54,0,DOH000000000001819,5,0,2020-03-27,0,54,12,8,4,0,0,0,8,19,NORTHERN PALAWAN PROVINCIAL HOSPITAL
2020-04-10 12:39:47,2020-04-10 12:39:47,376,0,89,0,0,48,0,DOH000000000001819,119,0,2020-04-10,0,63,12,343,4,0,0,0,0,214,NORTHERN PALAWAN PROVINCIAL HOSPITAL
2020-03-29 8:59:57,2020-03-29 8:59:57,7,0,10,1,1,7,0,DOH000000000003771,4,0,2020-03-29,2,10,2,21,4,0,0,0,13,12,SOUTHERN PALAWAN PROVINCIAL HOSPITAL
2020-04-04 11:53:00,2020-04-04 11:53:00,100,1,10,5,1,50,0,DOH000000000001679,0,0,2020-04-04,10,50,12,233,4,1,15,1,20,20,SAGRADO MEDICAL AND CHILDREN'S CLINIC
2020-04-12 11:09:22,2020-04-12 11:09:22,50,1,2,2,1,50,0,DOH000000000001679,0,0,2020-04-12,2,20,12,617,4,1,15,0,10,10,SAGRADO MEDICAL AND CHILDREN'S CLINIC
2020-04-11 13:04:08,2020-04-11 13:04:08,14,0,0,4,0,0,0,DOH000000000005058,1,0,2020-04-11,4,14,4,597,4,0,4,0,1,2,SALVADOR R. ENCINAS DISTRICT HOSPITAL
2020-04-03 16:36:56,2020-04-03 16:36:56,4,0,5,5,2,6,0,DOH000000000000767,1,0,2020-04-03,6,8,11,196,4,0,8,0,2,5,ST. JOSEPH SOUTHERN BUKIDNON HOSPITAL
2020-04-10 14:54:28,2020-04-10 14:54:28,9,0,10,5,2,10,0,DOH000000000000767,1,0,2020-04-10,6,13,11,387,4,0,8,0,5,5,ST. JOSEPH SOUTHERN BUKIDNON HOSPITAL
2020-04-08 12:12:15,2020-04-08 12:12:15,30,0,10,1,0,0,0,DOH000000000000658,0,0,2020-04-08,4,10,14,279,4,0,10,0,500,50,BUKIDNON PROVINCIAL HOSPITAL - TALAKAG
2020-04-10 16:42:25,2020-04-10 16:42:25,27,0,44,3,0,29,0,DOH000000000003413,0,0,2020-04-10,4,37,5,516,4,0,0,0,9,12,KUTA CESAR L. SANG-AN STATION HOSPITAL
2020-04-10 18:56:24,2020-04-10 18:56:24,0,0,0,1,0,0,0,DOH000000000002025,0,0,2020-04-10,4,0,4,552,4,0,13,0,1,1,MAGALLANES MEDICARE COMMUNITY HOSPITAL
2020-04-03 3:36:52,2020-04-03 3:36:52,282,0,89,12,1,212,1,DOH000000000002117,20,6,2020-04-03,6,55,24,156,4,0,55,1,10,262,OCCIDENTAL MINDORO PROVINCIAL HOSPITAL
2020-04-04 10:19:38,2020-04-04 10:19:38,6,0,0,2,0,3,0,DOH000000000005566,0,0,2020-04-04,1,3,4,231,4,0,30,0,0,3,"PLTC, INC. LUIS A. TIAM MEDICAL CENTER"
2020-04-10 12:15:16,2020-04-10 12:15:16,10,0,15,5,0,25,0,DOH000000000000495,1,0,2020-04-10,5,3,5,340,4,1,10,0,3,3,DR. HENRY M. DE VILLA MEMORIAL HOSPITAL
2020-04-10 14:54:17,2020-04-10 14:54:17,100,0,3,1,1,100,0,DOH000000000038000,2,4,2020-04-10,3,50,4,386,4,0,50,0,10,45,"METRO HEALTH SPECIALISTS HOSPITAL, INC."
2020-04-10 9:24:37,2020-04-10 9:24:37,15,0,15,2,0,0,0,DOH000000000032268,0,0,2020-04-10,3,0,4,303,4,0,15,0,0,5,SAINT CAMILLUS MATERNITY AND POLYCLINIC
2020-04-10 16:13:26,2020-04-10 16:13:26,5,0,1,5,1,2,0,DOH000000000007054,0,0,2020-04-10,4,1,6,481,4,0,5,0,1,1,"METRO PAGADIAN SPECIALIST HOSPITAL, INC."
2020-04-03 4:01:37,2020-04-03 4:01:37,1,0,1,5,0,1,0,DOH000000000032090,0,0,2020-04-03,6,1,11,175,4,0,0,0,0,0,LORENZO TAN MULTI-PURPOSE COOPERATIVE HOSPITAL
2020-04-10 16:53:09,2020-04-10 16:53:09,1,0,1,1,0,0,0,DOH000000000032090,0,0,2020-04-10,1,2,2,526,4,0,2,0,1,2,LORENZO TAN MULTI-PURPOSE COOPERATIVE HOSPITAL
2020-04-04 17:50:24,2020-04-04 17:50:24,0,0,1,2,0,0,0,DOH000000000032090,0,0,2020-04-04,1,2,2,243,4,0,5,0,0,2,LORENZO TAN MULTI-PURPOSE COOPERATIVE HOSPITAL
2020-04-04 13:47:36,2020-04-04 13:47:36,0,0,0,2,1,0,0,DOH000000000037388,0,0,2020-04-04,2,2,10,237,4,1,40,0,40,10,"UNITED DOCTORS HOSPITAL OF COTABATO CITY, INC."
2020-04-07 9:20:09,2020-04-07 9:20:09,5000,0,8,3,2,0,1,DOH000000000005333,0,0,2020-04-07,5,7,4,266,4,1,20,0,25,200,MEDICAL CENTER OF DIGOS COOPERATIVE HOSPITAL (MCDC)
2020-04-10 16:14:56,2020-04-10 16:14:56,20,0,2,2,0,0,0,DOH000000000000309,0,0,2020-04-10,1,2,7,482,4,0,20,0,40,6,JOSE PANGANIBAN PRIMARY HOSPITAL SERVICE COOPERATIVE
2020-04-10 10:42:19,2020-04-10 10:42:19,70,0,11,7,1,100,0,DOH000000000005377,0,0,2020-04-10,5,25,0,319,4,0,85,0,0,24,MEDICAL MISSION GROUP HOSPITAL & HEALTH SERVICES COOPERATIVE
2020-04-10 15:50:04,2020-04-10 15:50:04,50,0,13,3,0,10,1,DOH000000000001788,10,0,2020-04-10,7,5,18,435,5,0,0,1,30,10,Conner District Hospital
2020-04-03 2:00:25,2020-04-03 2:00:25,50,0,15,3,0,20,1,DOH000000000001788,20,0,2020-04-03,7,7,18,118,5,0,0,1,40,1000,Conner District Hospital
2020-04-10 14:45:24,2020-04-10 14:45:24,170,0,20,3,0,0,2,DOH000000000006493,0,0,2020-04-10,3,20,15,381,5,0,25,0,7,10,Eversley Childs Sanitarium
2020-04-10 13:29:59,2020-04-10 13:29:59,100,0,50,1,0,100,0,DOH000000000000267,5,0,2020-04-10,2,100,5,360,5,0,50,0,1,30,Masbate Provincial Hospital
2020-04-10 15:35:30,2020-04-10 15:35:30,10,0,8,3,0,8,0,DOH000000000037004,2,0,2020-04-10,2,8,5,415,5,0,10,0,1,9,MALANGAS EMERGENCY INFIRMARY
2020-04-03 4:32:57,2020-04-03 4:32:57,10,0,10,3,0,10,0,DOH000000000037004,1,0,2020-04-03,2,10,5,192,5,0,10,0,2,10,MALANGAS EMERGENCY INFIRMARY
2020-04-03 20:38:08,2020-04-03 20:38:08,100,1,200,3,3,100,2,DOH000000000000268,10,8,2020-04-03,8,200,21,225,5,2,200,2,3,20,DAVAO REGIONAL MEDICAL CENTER
2020-04-10 15:03:46,2020-04-10 15:03:46,200,0,15,4,1,10,0,DOH000000000002634,0,0,2020-04-10,1,30,12,392,5,1,85,0,0,10,MMGHHSP COOPERATI VE HOSPITAL
2020-04-01 11:47:19,2020-04-01 11:47:19,1261,0,14,1,1,191,1,DOH000000000000646,1041,0,2020-04-01,3,40,4,50,5,0,0,0,610,2340,Margosatubig Regional Hospital
2020-04-10 16:41:04,2020-04-10 16:41:04,1223,0,1,1,1,0,0,DOH000000000000646,56,0,2020-04-10,3,138,4,510,5,0,0,0,482,2235,Margosatubig Regional Hospital
2020-03-30 10:05:09,2020-03-30 10:05:09,9600,0,120,1,0,100,0,DOH000000000000232,14,0,2020-03-30,1,69,4,28,5,0,10,0,7,30,SAN SEBASTIAN DISTRICT HOSPITAL
2020-04-10 16:48:20,2020-04-10 16:48:20,50,0,10,2,1,20,0,DOH000000000038480,200,0,2020-04-10,3,200,10,519,5,1,15,0,2,5,"SURIGAO DOCTORS' HOSPITAL, INC."
2020-04-03 16:38:06,2020-04-03 16:38:06,200,0,16,7,0,5,0,DOH000000000007505,1,0,2020-04-03,3,12,6,197,5,0,30,0,5,15,CLINICA OZARAGA DOCTORS HOSPITAL
2020-04-11 11:42:27,2020-04-11 11:42:27,200,0,15,7,0,5,0,DOH000000000007505,1,0,2020-04-11,3,12,6,592,5,0,30,0,5,15,CLINICA OZARAGA DOCTORS HOSPITAL
2020-04-07 19:19:49,2020-04-07 19:19:49,50,0,0,5,1,0,0,DOH000000000000589,0,0,2020-04-07,3,0,9,276,5,0,15,0,12,20,"KABACAN MEDICAL SPECIALIST, INC."
2020-04-10 16:20:15,2020-04-10 16:20:15,50,0,24,4,0,7,0,DOH000000000006720,50,0,2020-04-10,3,20,11,489,5,0,37,0,0,8,A.M. YUMENA GENERAL HOSPITAL INC.
2020-04-10 13:15:01,2020-04-10 13:15:01,17,0,17,3,0,5,0,DOH000000000007014,0,0,2020-04-10,2,17,10,351,5,0,30,0,2,4,"STA. MARIA VILLAGE HOSPITAL, INC."
2020-04-03 3:07:03,2020-04-03 3:07:03,17,0,17,3,0,5,0,DOH000000000007014,0,0,2020-04-03,2,17,10,132,5,0,30,0,2,5,"STA. MARIA VILLAGE HOSPITAL, INC."
2020-04-10 17:09:35,2020-04-10 17:09:35,15,0,140,4,1,200,0,DOH000000000005420,2,2,2020-04-10,5,40,8,535,5,0,115,0,9,9,SULTAN KUDARAT PROVINCIAL HOSPITAL
2020-04-10 15:47:45,2020-04-10 15:47:45,20,0,30,6,0,0,0,DOH000000000002748,5,0,2020-04-10,5,56,8,430,5,0,20,0,0,10,DR. DAMIAN REYES PROVINCIAL HOSPITAL
2020-04-10 13:49:24,2020-04-10 13:49:24,4583,0,424,0,2,1657,1,DOH000000000034411,340,2,2020-04-10,4,1095,10,362,5,1,68,0,15646,616,PAMPANGA PREMIER MEDICAL CENTER INC.
2020-04-10 9:09:05,2020-04-10 9:09:05,50,0,60,3,0,10,0,DOH000000000000246,2,0,2020-04-10,5,10,7,300,5,0,55,0,5,6,SAN JOSE MEDICARE COMMUNITY HOSPITAL
2020-04-10 17:58:05,2020-04-10 17:58:05,900,1,77,2,0,140,0,DOH000000000005353,29,5,2020-04-10,1,130,5,544,5,0,121,1,466,77,Don Emilio del Valle Memorial Hospital
2020-04-03 3:58:32,2020-04-03 3:58:32,0,0,2,3,1,40,0,DOH000000000034296,0,0,2020-04-03,1,40,11,172,5,0,2,1,4,1,"ST. PAUL SURIGAO UNIVERSITY HOSPITAL, INC."
2020-04-03 17:06:50,2020-04-03 17:06:50,10,0,28,4,0,150,0,DOH000000000004329,0,0,2020-04-03,5,40,6,208,5,0,36,0,10,6,CAMP GENERAL ARTEMIO RICARTE STATION HOSPITAL
2020-04-08 14:00:11,2020-04-08 14:00:11,5,0,10,1,0,5,0,DOH000000000000450,4,0,2020-04-08,7,5,9,281,5,0,5,0,3,18,MISAMIS ORIENTAL PROVINCIAL HOSPITAL - CLAVERIA
2020-04-10 14:42:59,2020-04-10 14:42:59,20,0,0,5,0,5,0,DOH000000000005060,0,0,2020-04-10,4,5,15,377,5,0,20,0,2,2,IMMACULATE CONCEPCION POLYCLINIC AND HOSPITAL INC
2020-03-30 9:09:16,2020-03-30 9:09:16,9,0,9,9,1,9,0,DOH000000000033978,83,2,2020-03-30,4,9,10,27,5,0,100,0,27,9,"MINDANAO DOCTORS HOSPITAL AND CANCER CENTER, INC."
2020-04-11 8:03:59,2020-04-11 8:03:59,100,3,10,4,1,38,0,DOH000000000036844,1,3,2020-04-11,3,38,8,575,5,1,20,0,0,20,"ST. BENEDICT HOSPITAL OF DAVAO DEL SUR, INC (new)"
2020-03-30 7:16:07,2020-03-30 7:16:07,100,3,6,4,1,39,0,DOH000000000036844,1,3,2020-03-30,3,39,8,26,5,1,10,0,1,10,"ST. BENEDICT HOSPITAL OF DAVAO DEL SUR, INC (new)"
2020-04-03 4:16:11,2020-04-03 4:16:11,500,0,2,4,1,0,3,,0,0,2020-04-03,11,13,6,181,6,0,40,0,20,20,
2020-04-10 17:38:53,2020-04-10 17:38:53,1000,0,2,4,1,0,0,,0,0,2020-04-10,11,13,6,543,6,0,60,0,16,16,
2020-04-10 9:41:26,2020-04-10 9:41:26,400,0,2,3,4,7,0,DOH000000000031927,1,0,2020-04-10,4,110,5,307,6,1,50,0,5,84,NICC DOCTORS HOSPITAL
2020-04-03 1:27:12,2020-04-03 1:27:12,399,0,2,3,4,47,0,DOH000000000031927,0,0,2020-04-03,4,142,5,106,6,1,32,0,0,89,NICC DOCTORS HOSPITAL
2020-04-10 15:49:25,2020-04-10 15:49:25,8,0,8,0,0,0,0,DOH000000000033979,0,0,2020-04-10,3,8,6,433,6,0,10,0,0,1,PNP HOSPITAL REGION 13
2020-04-10 14:11:50,2020-04-10 14:11:50,200,0,25,20,3,16,0,DOH000000000005199,1,2,2020-04-10,6,31,10,369,6,1,75,0,9,90,"ST. JOHN HOSPITAL, INC."
2020-04-02 5:18:41,2020-04-02 5:18:41,17000,0,95,7,1,274,0,DOH000000000002165,260,8,2020-04-02,5,400,14,75,6,1,20,0,500,500,AMAI PAKPAK MEDICAL CENTER
2020-04-03 17:17:06,2020-04-03 17:17:06,17000,0,95,7,1,274,0,DOH000000000002165,260,8,2020-04-03,5,400,14,212,6,1,20,0,500,500,AMAI PAKPAK MEDICAL CENTER
2020-04-10 14:49:37,2020-04-10 14:49:37,16000,0,150,5,1,200,0,DOH000000000002165,220,8,2020-04-10,5,300,14,384,6,1,200,0,400,350,AMAI PAKPAK MEDICAL CENTER
2020-04-10 16:22:21,2020-04-10 16:22:21,32,0,32,1,0,32,0,DOH000000000016768,30,0,2020-04-10,2,35,6,492,6,0,27,0,480,31,SAN JOSE DISTRICT HOSPITAL
2020-03-27 16:45:19,2020-03-27 16:45:19,300,0,1,6,2,0,4,DOH000000000006875,1,0,2020-03-27,2,10,6,12,6,0,10,0,0,10,"DIVINE MERCY HOSPITAL, INC."
2020-04-03 17:11:40,2020-04-03 17:11:40,1096,2,92,13,2,174,3,DOH000000000034465,8,12,2020-04-03,10,585,7,209,6,2,96,1,30,40,SANTIAGO MEDICAL CITY (NEW)
2020-04-02 3:22:16,2020-04-02 3:22:16,80,0,4,1,0,2,0,DOH000000000000222,1,0,2020-04-02,3,2,6,61,6,0,10,0,1,20,BULALACAO COMMUNITY HOSPITAL
2020-04-03 3:40:29,2020-04-03 3:40:29,50,0,30,1,0,50,0,DOH000000000003490,0,0,2020-04-03,2,29,6,160,6,0,30,0,5,2,SAN ANDRES MUNICIPAL HOSPITAL
2020-04-10 13:29:39,2020-04-10 13:29:39,25,0,30,1,0,25,0,DOH000000000003490,0,0,2020-04-10,2,25,6,359,6,0,20,0,3,1,SAN ANDRES MUNICIPAL HOSPITAL
2020-04-10 11:40:16,2020-04-10 11:40:16,150,2,15,2,1,20,2,DOH000000000003412,400,3,2020-04-10,7,190,6,330,6,2,40,1,100,400,"SE?OR STO. NI?O HOSPITAL, INC."
2020-04-11 13:57:52,2020-04-11 13:57:52,26000,2,20,3,2,900,3,DOH000000000005034,50,0,2020-04-11,6,3000,6,599,6,4,840,2,1540,140,WESTERN VISAYAS MEDICAL CENTER
2020-04-10 12:01:34,2020-04-10 12:01:34,0,0,5,5,1,0,0,DOH000000000007028,0,0,2020-04-10,5,11,15,334,6,1,10,0,0,1,JESUS THE GOOD SHEPHERD HOSPITAL
2020-04-06 20:10:52,2020-04-06 20:10:52,20,0,19,5,1,0,0,DOH000000000007028,0,0,2020-04-06,3,19,16,263,6,0,10,0,0,2,JESUS THE GOOD SHEPHERD HOSPITAL
2020-04-10 11:54:22,2020-04-10 11:54:22,3000,1,10,1,2,100,2,DOH000000000000807,4,6,2020-04-10,0,650,8,332,6,1,70,1,50,60,ZAMBOANGA DEL NORTE MEDICAL CENTER
2020-04-05 18:08:44,2020-04-05 18:08:44,300,1,50,1,2,300,2,DOH000000000000807,9,8,2020-04-05,0,300,8,251,6,1,300,1,30,40,ZAMBOANGA DEL NORTE MEDICAL CENTER
2020-04-10 16:34:08,2020-04-10 16:34:08,0,0,30,0,0,0,0,DOH000000000002014,0,0,2020-04-10,1,5,6,503,6,0,20,0,0,5,TINAMBAC MEDICARE COMMUNITY HOSPITAL
2020-04-11 10:33:37,2020-04-11 10:33:37,400,0,85,7,0,0,1,DOH000000000004415,0,4,2020-04-11,3,40,4,589,6,1,100,0,15,13,"GONZALES MARANAN MEDICAL CENTER, INC."
2020-04-03 2:08:06,2020-04-03 2:08:06,400,0,6,7,0,0,1,DOH000000000004415,0,4,2020-04-03,3,20,4,121,6,1,75,0,10,13,"GONZALES MARANAN MEDICAL CENTER, INC."
2020-04-03 3:25:26,2020-04-03 3:25:26,400,0,0,3,7,10,3,DOH000000000005071,0,0,2020-04-03,5,0,3,140,6,2,0,0,6,0,"ST. PAUL HOSPITAL OF TUGUEGARAO, INC."
2020-04-10 15:30:37,2020-04-10 15:30:37,400,2,50,2,2,0,2,DOH000000000001989,2,4,2020-04-10,4,400,0,413,6,2,50,0,487,100,"SAN PEDRO HOSPITAL OF DAVAO CITY, INC."
2020-04-03 10:22:18,2020-04-03 10:22:18,300,1,2,0,0,0,0,DOH000000000003385,1,1,2020-04-03,4,0,8,90,6,0,10,1,2,1,"BUTUAN PUERICULTURE CENTER NO. 394, INC."
2020-04-10 15:10:19,2020-04-10 15:10:19,10,0,10,6,0,0,0,DOH000000000005641,0,0,2020-04-10,4,10,6,396,6,0,30,0,10,5,DAVAO ORIENTAL PROV'L HOSP- GOV. GENEROSO
2020-04-03 3:38:25,2020-04-03 3:38:25,0,0,10,1,0,30,1,DOH000000000000226,5,0,2020-04-03,1,40,4,159,6,0,30,0,20,50,ORIENTAL MINDORO CENTRAL DISTRICT HOSPITAL
2020-04-10 13:02:01,2020-04-10 13:02:01,0,0,10,1,0,16,1,DOH000000000000226,40,0,2020-04-10,1,60,4,349,6,0,135,0,20,30,ORIENTAL MINDORO CENTRAL DISTRICT HOSPITAL
2020-04-10 23:56:45,2020-04-10 23:56:45,200,0,0,2,0,0,0,DOH000000000003810,0,0,2020-04-10,5,0,12,571,6,0,0,0,8,6,BUKIDNON PROVINCIAL HOSPITAL - SAN FERNANDO
2020-04-03 12:30:23,2020-04-03 12:30:23,100,0,0,2,0,0,0,DOH000000000003810,0,0,2020-04-03,5,0,12,102,6,0,0,0,5,10,BUKIDNON PROVINCIAL HOSPITAL - SAN FERNANDO
2020-04-10 12:10:37,2020-04-10 12:10:37,200,0,8,10,0,50,0,DOH000000000000253,0,0,2020-04-10,8,85,18,338,6,0,45,0,60,68,COMPOSTELA VALLEY PROVINCIAL HOSPITAL - PANTUKAN
2020-04-10 15:29:12,2020-04-10 15:29:12,0,0,61,11,0,1019,0,DOH000000000000497,35,0,2020-04-10,6,80,4,412,6,0,129,0,887,690,Dr. Jose Rizal Memorial Hospital  (DOH retained)
2020-04-03 3:26:10,2020-04-03 3:26:10,41,0,14,11,0,1038,0,DOH000000000000497,2,0,2020-04-03,7,100,4,144,6,0,80,0,856,750,Dr. Jose Rizal Memorial Hospital  (DOH retained)
2020-03-30 10:04:55,2020-03-30 10:04:55,0,0,34,0,0,1000,0,DOH000000000000497,0,0,2020-03-30,4,120,5,29,6,0,0,0,808,811,Dr. Jose Rizal Memorial Hospital  (DOH retained)
2020-03-31 10:49:00,2020-03-31 10:49:00,100,0,14,22,2,100,1,DOH000000000000615,6,0,2020-03-31,2,57,8,41,6,2,9,0,4,30,LAS PI?AS GENERAL HOSPITAL & SATELLITE TRAUMA CENTER
2020-04-03 3:48:31,2020-04-03 3:48:31,39,0,76,22,2,0,1,DOH000000000000615,426,0,2020-04-03,2,2320,8,164,6,2,413,0,1332,6400,LAS PI?AS GENERAL HOSPITAL & SATELLITE TRAUMA CENTER
2020-04-05 13:08:30,2020-04-05 13:08:30,100,3,5,8,1,50,7,DOH000000000000392,0,5,2020-04-05,5,10,7,249,6,1,20,0,0,500,"NUEVA ECIJA GOOD SAMARITAN HEALTH SYSTEM, INC. (EXT.)"
2020-04-10 15:09:40,2020-04-10 15:09:40,50,3,5,8,1,50,7,DOH000000000000392,0,5,2020-04-10,5,7,7,395,6,1,20,0,0,10,"NUEVA ECIJA GOOD SAMARITAN HEALTH SYSTEM, INC. (EXT.)"
2020-04-03 4:11:22,2020-04-03 4:11:22,30,0,0,4,0,0,0,DOH000000000002421,0,0,2020-04-03,5,30,18,180,7,0,60,0,2,2,BISLIG DISTRICT HOSPITAL
2020-04-10 16:50:25,2020-04-10 16:50:25,50,0,0,4,0,0,0,DOH000000000002421,0,0,2020-04-10,2,20,18,524,7,0,40,0,2,1,BISLIG DISTRICT HOSPITAL
2020-04-10 10:41:12,2020-04-10 10:41:12,0,0,0,6,0,0,0,DOH000000000005024,0,0,2020-04-10,5,0,8,318,7,0,25,0,0,0,MALITA DISTRICT HOSPITAL
2020-04-10 16:34:48,2020-04-10 16:34:48,200,0,134,9,0,20,1,DOH000000000007489,18,4,2020-04-10,5,8,3,506,7,2,423,1,32,20,EASTERN BICOL MEDICAL CENTER
2020-04-03 12:25:13,2020-04-03 12:25:13,100,1,100,8,4,100,2,DOH000000000025676,1,7,2020-04-03,1,0,17,100,7,2,75,2,50,25,"GRACE GENERAL HOSPITAL, INC."
2020-04-10 12:39:54,2020-04-10 12:39:54,250,1,75,8,4,100,2,DOH000000000025676,5,5,2020-04-10,1,5,15,344,7,2,75,2,50,100,"GRACE GENERAL HOSPITAL, INC."
2020-04-05 16:16:08,2020-04-05 16:16:08,70000,1,25,10,2,1000,8,DOH000000000000459,70,6,2020-04-05,26,150,28,250,7,1,4000,0,850,4000,COTABATO REGIONAL AND MEDICAL CENTER
2020-04-12 15:31:23,2020-04-12 15:31:23,78700,1,0,10,2,0,8,DOH000000000000459,142,6,2020-04-12,26,25,28,621,7,1,0,0,1383,4310,COTABATO REGIONAL AND MEDICAL CENTER
2020-03-28 12:36:48,2020-03-28 12:36:48,79200,1,25,10,2,1179,8,DOH000000000000459,123,6,2020-03-28,26,455,28,20,7,1,4450,0,947,4390,COTABATO REGIONAL AND MEDICAL CENTER
2020-04-08 15:52:57,2020-04-08 15:52:57,200,0,40,11,0,30,3,DOH000000000031935,1,3,2020-04-08,1,80,12,282,7,0,50,0,4,4,"SAN FRANCISCO DOCTORS HOSPITAL, INC."
2020-04-10 18:36:05,2020-04-10 18:36:05,60,0,12,8,2,30,1,DOH000000000032016,2,6,2020-04-10,2,20,22,551,7,0,12,0,20,20,"VALENCIA POLYMEDIC GENERAL HOSPITAL, INC."
2020-04-08 13:39:09,2020-04-08 13:39:09,100,0,10,6,0,50,0,DOH000000000005166,0,0,2020-04-08,7,3,12,280,7,0,10,0,3,4,COMPOSTELA VALLEY PROVINCIAL HOSPITAL -MARAGUSAN
2020-04-10 13:03:49,2020-04-10 13:03:49,100,0,10,6,0,50,0,DOH000000000005166,0,0,2020-04-10,7,3,12,350,7,0,10,0,3,10,COMPOSTELA VALLEY PROVINCIAL HOSPITAL -MARAGUSAN
2020-04-10 15:45:03,2020-04-10 15:45:03,15,0,14,6,1,0,3,DOH000000000004592,1,0,2020-04-10,3,15,4,425,7,1,20,0,2,10,ZAMBOANGA PUERICULTURE CENTER MATERNITY LYING-IN HOSPITAL
2020-04-12 11:02:01,2020-04-12 11:02:01,100,0,2,5,0,100,0,DOH000000000004507,1,0,2020-04-12,7,17,8,616,8,0,50,0,79,1,NAGA CITY HOSPITAL
2020-04-03 1:45:17,2020-04-03 1:45:17,400,0,0,5,0,0,0,DOH000000000004201,0,0,2020-04-03,10,25,17,110,8,0,100,0,1,22,MANDAUE CITY HOSPITAL
2020-03-27 8:47:03,2020-03-27 8:47:03,30,0,0,5,0,0,0,DOH000000000004201,0,0,2020-03-27,10,20,17,4,8,0,30,0,2,20,MANDAUE CITY HOSPITAL
2020-04-10 16:00:34,2020-04-10 16:00:34,50,0,8,14,0,25,0,DOH000000000002595,3,0,2020-04-10,2,50,12,459,8,0,30,0,5,3,"PANABO POLYMEDIC HOSPITAL, INC."
2020-04-10 15:27:59,2020-04-10 15:27:59,52,0,0,12,0,1080,0,DOH000000000000266,0,0,2020-04-10,8,0,6,409,8,0,50,0,0,15,CAMARINES NORTE PROVINCIAL HOSPITAL
2020-04-03 1:42:10,2020-04-03 1:42:10,62,0,0,6,0,1180,0,DOH000000000000266,7,0,2020-04-03,8,0,10,109,8,0,73,0,18,15,CAMARINES NORTE PROVINCIAL HOSPITAL
2020-04-10 15:59:12,2020-04-10 15:56:06,30,0,0,4,2,5,0,DOH000000000037944,0,0,2020-04-10,10,0,9,449,8,0,10,0,0,0,F.P. URBIZTONDO MEDICAL HOSPITAL INC.
2020-04-03 3:54:54,2020-04-03 3:54:54,30,0,0,4,2,5,0,DOH000000000037944,0,0,2020-04-03,10,0,9,169,8,0,10,0,0,0,F.P. URBIZTONDO MEDICAL HOSPITAL INC.
2020-04-03 1:50:43,2020-04-03 1:50:43,2800,0,0,2,1,0,2,DOH000000000000279,5,5,2020-04-03,3,200,10,112,8,2,50,0,8,100,Culion Sanitarium and General Hospital
2020-03-31 3:51:53,2020-03-31 3:51:53,3300,0,0,2,1,0,2,DOH000000000000279,10,5,2020-03-31,3,400,10,44,8,2,100,0,14,100,Culion Sanitarium and General Hospital
2020-04-10 16:43:57,2020-04-10 16:43:57,19,0,6,2,0,19,0,DOH000000000007121,6,3,2020-04-10,4,19,8,517,8,0,19,0,13,44,ANGEL SALAZAR MEMORIAL GENERAL HOSPITAL
2020-04-06 10:46:03,2020-04-06 10:46:03,11,0,10,2,0,7,0,DOH000000000007121,7,3,2020-04-06,3,9,8,255,8,0,50,0,0,1,ANGEL SALAZAR MEMORIAL GENERAL HOSPITAL
2020-04-03 17:39:23,2020-04-03 17:39:23,988,3,396,8,3,0,4,DOH000000000000271,17,12,2020-04-03,28,431,8,215,8,5,267,0,54,124,JOSE B. LINGAD MEMORIAL REGIONAL HOSPITAL
2020-04-10 15:51:13,2020-04-10 15:51:13,6059,3,570,8,3,316,4,DOH000000000000271,27,12,2020-04-10,28,2364,8,439,8,5,131,0,478,4926,JOSE B. LINGAD MEMORIAL REGIONAL HOSPITAL
2020-04-10 8:04:49,2020-04-10 8:04:49,100,0,4,6,0,20,0,DOH000000000000318,0,0,2020-04-10,1,3,8,283,8,0,18,0,0,4,DR. VICTOR S. VILLAROMAN MEMORIAL HOSPITAL
2020-04-02 4:02:30,2020-04-02 4:02:30,20,1,0,3,0,0,0,DOH000000000005285,0,0,2020-04-02,6,0,8,67,8,0,4,0,0,2,ORIENTAL MINDORO SOUTHERN DISTRICT HOSPITAL
2020-04-10 15:51:37,2020-04-10 15:51:37,0,0,0,5,0,0,0,DOH000000000002141,900,0,2020-04-10,7,0,4,441,8,0,0,0,15,88,DR. LORENZO T. ZIGA MEMORIAL DISTRICT HOSPITAL
2020-04-06 10:01:54,2020-04-06 10:01:54,900,0,30,8,3,48,7,DOH000000000000684,1,5,2020-04-06,8,14,26,253,8,2,5,0,245,47,"NOTRE DAME HOSPITAL AND SCHOOL OF MIDWIFERY, INC."
2020-03-27 15:00:23,2020-03-27 15:00:23,1000,0,30,13,3,50,7,DOH000000000000684,1,5,2020-03-27,8,14,29,10,8,2,5,0,250,50,"NOTRE DAME HOSPITAL AND SCHOOL OF MIDWIFERY, INC."
2020-04-10 16:42:23,2020-04-10 16:42:23,800,0,30,13,3,43,7,DOH000000000000684,1,5,2020-04-10,8,14,29,515,8,2,5,0,240,14,"NOTRE DAME HOSPITAL AND SCHOOL OF MIDWIFERY, INC."
2020-04-10 22:24:43,2020-04-10 22:24:43,17600,0,196,5,2,220,1,DOH000000000000615,0,0,2020-04-10,12,2189,6,570,8,2,862,0,1368,478900,LAS PI?AS GENERAL HOSPITAL & SATELLITE TRAUMA CENTER
2020-04-10 15:08:17,2020-04-10 15:08:17,300,0,5,14,0,200,0,DOH000000000000652,1,0,2020-04-10,5,41,24,394,8,1,30,0,30,50,MASBATE MEDICAL MISSION GROUP HOSPITAL SERVICE COOPERATIVE
2020-04-03 12:02:28,2020-04-03 12:02:28,140,5,140,13,2,140,1,DOH000000000005272,3,5,2020-04-03,2,140,17,96,8,5,140,0,3,3,MEDICAL MISSION GROUP HOSPITAL MULTIPURPOSE COOPERATIVE OF O
2020-04-03 9:12:45,2020-04-03 9:12:45,5000,2,10,7,0,0,0,DOH000000000005201,21,6,2020-04-03,0,42,20,82,9,0,0,1,50,112,Batanes General Hospital
2020-04-10 14:27:40,2020-04-10 14:27:40,4955,2,10,7,0,0,0,DOH000000000005201,21,6,2020-04-10,0,42,20,374,9,0,0,1,40,108,Batanes General Hospital
2020-04-03 12:40:04,2020-04-03 12:40:04,80,0,4,7,0,25,0,DOH000000000005079,3,0,2020-04-03,6,1,18,103,9,0,122,0,5,7,HINATUAN DISTRICT HOSPITAL
2020-04-10 12:45:54,2020-04-10 12:45:54,30,0,4,7,0,25,0,DOH000000000005079,2,0,2020-04-10,6,13,18,346,9,0,39,0,2,4,HINATUAN DISTRICT HOSPITAL
2020-03-29 15:25:43,2020-03-29 15:25:43,103,0,0,3,1,87,3,DOH000000000034463,4,3,2020-03-29,10,0,9,25,9,1,56,0,5,3,QUALIMED HEALTH NETWORK SJDM
2020-04-10 16:04:10,2020-04-10 16:04:10,70,0,20,9,1,70,0,DOH000000000002151,5,0,2020-04-10,7,30,25,466,9,0,70,0,5,8,"BETHEL BAPTIST HOSPITAL, INC."
2020-04-10 21:57:18,2020-04-10 21:57:18,100,0,10,10,0,0,0,DOH000000000037488,0,0,2020-04-10,5,0,30,568,9,0,50,0,2,5,DAET DOCTORS HOSPITAL INCORPORATED
2020-04-10 9:46:51,2020-04-10 9:46:51,500,0,15,15,2,0,0,DOH000000000004631,100,8,2020-04-10,3,35,16,308,9,1,150,0,300,200,BLESSED FAMILY DOCTORS GENERAL HOSPITAL
2020-04-03 1:59:48,2020-04-03 1:59:48,7500,0,245,3,2,200,7,DOH000000000030152,12,2,2020-04-03,4,247,3,116,9,0,58,0,27,392,"ISABELA UNITED DOCTORS MEDICAL CENTER, INC."
2020-04-10 12:05:56,2020-04-10 12:05:56,6500,0,245,3,2,0,7,DOH000000000030152,15,2,2020-04-10,4,375,3,336,9,0,105,0,21,640,"ISABELA UNITED DOCTORS MEDICAL CENTER, INC."
2020-04-04 15:50:51,2020-04-04 15:50:51,968,1,25,2,0,215,1,DOH000000000005052,0,4,2020-04-04,5,42,23,238,9,1,13,0,50,17,"Dr. Fernando B. Duran, Sr. Memorial Hospital"
2020-04-10 10:16:15,2020-04-10 10:16:15,1080,1,9,2,0,85,1,DOH000000000005052,0,4,2020-04-10,5,84,23,313,9,1,130,0,192,13,"Dr. Fernando B. Duran, Sr. Memorial Hospital"
2020-04-07 8:39:22,2020-04-07 8:39:22,0,0,5,4,0,0,0,DOH000000000032104,0,0,2020-04-07,6,0,12,264,9,0,3,0,2,2,OWWA MISAMIS ORIENTAL PROVINCIAL HOSPITAL- ALUBIJID
2020-04-03 3:54:22,2020-04-03 3:54:22,350,0,6,5,0,126,0,DOH000000000002119,1,0,2020-04-03,9,2,10,168,10,0,0,0,0,21,ROXAS MEDICARE HOSPITAL
2020-04-10 12:45:43,2020-04-10 12:45:43,40,0,5,5,0,130,0,DOH000000000002119,2,0,2020-04-10,2,46,10,345,10,0,45,0,2,24,ROXAS MEDICARE HOSPITAL
2020-04-08 11:32:36,2020-04-08 11:32:36,30,0,0,5,0,0,0,DOH000000000005925,2,0,2020-04-08,4,25,18,278,10,0,0,0,0,30,CATIGBIAN DISTRICT HOSPITAL
2020-04-01 9:23:11,2020-04-01 9:23:11,147,1,695,7,1,0,0,DOH000000000003095,2,10,2020-04-01,5,388,10,49,10,1,0,0,87,36,SIQUIJOR PROVINCIAL HOSPITAL
2020-04-03 10:41:26,2020-04-03 10:41:26,300,2,200,2,1,200,2,DOH000000000002162,40,2,2020-04-03,9,500,14,91,10,0,300,0,20,30,CAGAYAN VALLEY MEDICAL CENTER
2020-04-04 20:08:49,2020-04-04 20:08:49,1710,0,96,13,2,200,2,DOH000000000005453,0,9,2020-04-04,8,36,10,244,10,1,33,0,20,240,ISABELA DOCTORS GENERAL HOSPITAL
2020-04-10 17:07:29,2020-04-10 17:07:29,1384,0,84,13,2,250,2,DOH000000000005453,84,9,2020-04-10,8,120,10,533,10,1,517,0,16,240,ISABELA DOCTORS GENERAL HOSPITAL
2020-04-10 15:56:09,2020-04-10 15:56:09,21,0,29,8,0,0,0,DOH000000000000426,11,0,2020-04-10,29,254,42,450,10,1,96,0,65,15,Basilan General Hospital
2020-04-06 11:31:17,2020-04-06 11:31:17,5000,0,30,2,2,1350,0,DOH000000000002212,50,0,2020-04-06,5,100,9,257,10,0,65,0,160,660,Dr. PJGMRMC Talavera Extension Hospital
2020-04-10 15:12:08,2020-04-10 15:12:08,100,0,2,8,0,200,0,DOH000000000002821,0,3,2020-04-10,8,0,13,397,10,0,4,1,0,80,ANDRES SORIANO MEMORIAL HOSPITAL COOPERATIVE
2020-04-03 2:09:25,2020-04-03 2:09:25,200,0,2,8,0,200,0,DOH000000000002821,0,3,2020-04-03,8,0,13,122,10,0,4,1,2,91,ANDRES SORIANO MEMORIAL HOSPITAL COOPERATIVE
2020-04-10 19:12:39,2020-04-10 19:12:39,15500,2,48,1,2,400,1,DOH000000000006039,35,0,2020-04-10,8,100,4,554,10,0,83,1,1600,75,"MAYOR HILARION A. RAMIRO, SR., MEDICAL CENTER"
2020-04-10 15:45:00,2020-04-10 15:45:00,500,0,100,5,0,150,0,DOH000000000002732,50,0,2020-04-10,9,200,11,424,10,0,250,0,80,200,MISAMIS ORIENTAL PROVINCIAL HOSPITAL - INITAO
2020-04-06 15:49:48,2020-04-06 15:49:48,2400,1,220,19,11,523,2,DOH000000000000627,310,8,2020-04-06,14,0,94,260,10,4,109,7,467,754,LUCENA UNITED DOCTORS INCORPORATED (formerly: LUCENA UNITED
2020-04-10 17:18:15,2020-04-10 17:18:15,0,0,3,7,3,3,0,DOH000000000000387,1,0,2020-04-10,5,0,16,538,11,0,3,0,0,3,SUNGA HOSPITAL
2020-04-07 10:53:34,2020-04-07 10:53:34,5,0,8,0,0,5,0,DOH000000000006493,20,0,2020-04-07,7,4,42,267,11,0,10,0,100,0,Eversley Childs Sanitarium
2020-04-10 16:41:11,2020-04-10 16:41:11,100,0,25,9,0,150,0,DOH000000000004362,6,0,2020-04-10,5,150,10,511,11,0,50,0,21,18,LIBMANAN DISTRICT HOSPITAL
2020-04-10 11:21:50,2020-04-10 11:21:50,91,0,3,5,0,90,0,DOH000000000003211,28,0,2020-04-10,0,78,21,328,11,0,68,0,71,33,DVO. ORIENTAL PROV'L HOSP.- LUPON
2020-04-08 8:51:59,2020-04-08 8:51:59,5,0,8,6,0,5,0,DOH000000000002848,20,0,2020-04-08,7,4,41,277,11,0,10,0,100,0,DAVAO DEL NORTE HOSPITAL ( CARMEN ZONE)
2020-04-03 2:48:23,2020-04-03 2:48:23,900,1,40,19,3,50,0,DOH000000000003769,4,9,2020-04-03,9,11,40,125,11,1,108,0,150,335,"BUTUAN DOCTORS? HOSPITAL AND COLLEGE, INCORPORATED"
2020-04-11 12:08:01,2020-04-11 12:08:01,850,1,35,19,3,45,0,DOH000000000003769,3,9,2020-04-11,9,10,40,596,11,1,105,0,135,300,"BUTUAN DOCTORS? HOSPITAL AND COLLEGE, INCORPORATED"
2020-04-10 10:45:38,2020-04-10 10:45:38,2756,2,153,28,2,221,7,DOH000000000006596,96,20,2020-04-10,19,534,20,321,12,2,471,3,411,76,TONDO MEDICAL CENTER
2020-04-03 18:31:26,2020-04-03 18:31:26,1336,1,34,5,2,881,7,DOH000000000006596,60,10,2020-04-03,17,698,22,219,12,2,81,3,196,95,TONDO MEDICAL CENTER
2020-04-10 9:41:18,2020-04-10 9:41:18,100,0,0,8,1,100,6,DOH000000000000393,2,4,2020-04-10,2,30,2,306,12,1,30,8,30,10,RAMOS GENERAL HOSPITAL
2020-04-10 16:06:32,2020-04-10 16:06:32,25,0,16,5,0,3,0,DOH000000000003065,3,0,2020-04-10,5,20,8,470,12,0,25,0,124,71,NARRA MUNICIPAL HOSPITAL
2020-04-10 19:23:23,2020-04-10 19:23:23,32,0,3,9,0,11,0,DOH000000000000743,6,0,2020-04-10,15,20,32,556,12,0,781,0,17,9,SCHISTOSOMIASIS HOSPITAL
2020-04-06 12:40:42,2020-04-06 12:40:42,102,3,16,12,1,20,0,DOH000000000003246,1,0,2020-04-06,3,20,32,258,12,1,102,0,10,10,R DE C GALVEZ MEDICAL CENTER
2020-04-10 14:14:27,2020-04-10 14:14:27,200,3,26,13,1,100,0,DOH000000000003246,0,0,2020-04-10,3,0,36,371,12,1,34,0,6,4,R DE C GALVEZ MEDICAL CENTER
2020-04-10 15:48:22,2020-04-10 15:47:24,1000,3,10,12,3,1000,0,DOH000000000002479,3,8,2020-04-10,4,100,30,429,12,1,20,0,10,30,"DIGOS DOCTORS? HOSPITAL, INC."
2020-04-04 17:04:20,2020-04-04 17:04:20,100,1,87,1,2,69,0,DOH000000000005762,34,0,2020-04-04,1,37,10,242,12,2,58,0,5,6,"CAGAYAN DE ORO MEDICAL CENTER, INC."
2020-04-12 15:10:06,2020-04-12 15:10:06,100,1,50,1,2,100,0,DOH000000000005762,30,0,2020-04-12,1,100,10,620,12,2,50,0,10,10,"CAGAYAN DE ORO MEDICAL CENTER, INC."
2020-04-03 4:05:08,2020-04-03 4:05:08,100,0,65,12,2,100,5,DOH000000000005093,2,10,2020-04-03,10,65,37,178,12,1,100,2,9,140,"V.L. MAKABALI MEMORIAL HOSPITAL, INC."
2020-04-10 13:19:43,2020-04-10 13:19:43,145,6,55,7,3,84,0,DOH000000000004971,3560,15,2020-04-10,2,306,4,354,12,1,30,0,7100,68400,"GENERAL SANTOS DOCTORS? HOSPITAL, INC."
2020-04-03 3:31:29,2020-04-03 3:31:29,11,6,94,7,3,11,0,DOH000000000004971,830,15,2020-04-03,2,428,4,149,12,1,0,0,6902,95830,"GENERAL SANTOS DOCTORS? HOSPITAL, INC."
2020-03-28 7:56:41,2020-03-28 7:56:41,2300,0,13,2,2,20,0,DOH000000000002212,47,0,2020-03-28,3,60,5,13,12,0,5,0,70,420,Dr. PJGMRMC Talavera Extension Hospital
2020-04-10 17:08:26,2020-04-10 17:08:26,100,0,45,0,1,100,0,DOH000000000000386,60,0,2020-04-10,5,25,0,534,12,0,30,0,6,80,"STA. MARIA JOSEFA HOSPITAL FOUNDATION, INC"
2020-04-10 14:47:32,2020-04-10 14:47:32,300,2,50,2,2,50,5,DOH000000000006497,16,12,2020-04-10,5,450,25,383,13,1,100,1,50,145,"DE VERA MEDICAL CENTER, INC."
2020-04-02 3:46:46,2020-04-02 3:46:46,400,2,85,2,2,100,5,DOH000000000006497,2,12,2020-04-02,5,6,25,64,13,1,25,1,37,130,"DE VERA MEDICAL CENTER, INC."
2020-04-10 15:58:04,2020-04-10 15:58:04,300,2,30,27,2,0,2,DOH000000000002749,40,8,2020-04-10,35,100,92,452,13,2,1100,2,50,100,ORIENTAL MINDORO PROVINCIAL HOSPITAL
2020-04-02 3:52:12,2020-04-02 3:52:12,200,3,100,28,2,50,2,DOH000000000002749,10,8,2020-04-02,20,300,92,65,13,3,200,2,30,200,ORIENTAL MINDORO PROVINCIAL HOSPITAL
2020-04-10 16:13:24,2020-04-10 16:13:24,400,0,37,10,0,300,0,DOH000000000003906,21,0,2020-04-10,16,65,10,480,13,0,54,0,4,7,BUKIDNON PROVINCIAL HOSPITAL - KIBAWE
2020-04-10 20:46:03,2020-04-10 20:46:03,6513,0,51,4,0,60,2,DOH000000000005984,52,0,2020-04-10,5,214,9,564,13,0,52,2,1954,129,"DAVAO MEDICAL SCHOOL FOUNDATION, INC."
2020-04-07 12:39:35,2020-04-07 12:39:35,800,0,0,2,0,0,0,DOH000000000002910,10,0,2020-04-07,4,62,28,270,13,0,50,0,10,2,ZAMBOANGA SIBUGAY PROVINCIAL HOSPITAL
2020-04-11 18:46:58,2020-04-11 18:46:58,100,2,30,6,3,100,10,DOH000000000003314,10,0,2020-04-11,5,100,15,608,13,2,100,2,30,400,MOTHER TERESA OF CALCUTTA MEDICAL CENTER
2020-04-04 15:54:42,2020-04-04 15:54:42,5000,2,100,6,3,0,10,DOH000000000003314,20,0,2020-04-04,5,60,15,239,13,2,100,2,50,500,MOTHER TERESA OF CALCUTTA MEDICAL CENTER
2020-04-03 9:33:13,2020-04-03 9:33:13,75,0,0,12,0,0,0,DOH000000000005469,18,0,2020-04-03,15,51,51,84,14,0,71,0,95,31,SULU SANITARIUM
2020-03-30 11:45:35,2020-03-30 11:45:35,2500,0,6,0,0,180,0,DOH000000000008577,3,0,2020-03-30,4,46,0,32,14,0,0,0,15,796,COTABATO SANITARIUM
2020-04-03 1:58:51,2020-04-03 1:58:51,2000,0,212,2,1,2000,7,DOH000000000003191,250,13,2020-04-03,6,200,26,115,14,3,2000,0,10000,300,DE LOS SANTOS MEDICAL CENTER
2020-04-10 20:19:23,2020-04-10 18:04:44,2000,0,212,2,1,2000,7,DOH000000000003191,250,13,2020-04-10,6,200,26,545,14,3,2000,0,200,300,DE LOS SANTOS MEDICAL CENTER
2020-04-01 4:09:18,2020-04-01 4:09:18,1000,0,300,2,1,1000,7,DOH000000000003191,250,13,2020-04-01,6,350,26,52,14,3,0,0,10000,300,DE LOS SANTOS MEDICAL CENTER
2020-04-10 16:49:23,2020-04-10 16:49:23,150,0,2,6,0,10,0,DOH000000000002132,0,0,2020-04-10,5,12,25,521,14,0,200,0,8,30,MANGATAREM DISTRICT HOSPITAL
2020-04-03 4:34:03,2020-04-03 4:34:03,100,0,20,5,0,100,0,DOH000000000003667,1,0,2020-04-03,15,20,12,194,14,1,20,0,2,250,NUEVA VIZCAYA PROVINCIAL HOSPITAL
2020-04-10 13:21:24,2020-04-10 13:21:24,580,5,100,16,4,250,8,DOH000000000005288,17,13,2020-04-10,4,150,9,356,14,4,103,1,55,100,"BROKENSHIRE INTEGRATED HEALTH MINISTRIES, INC."
2020-04-04 9:54:38,2020-04-04 9:53:05,400,0,99,5,3,202,0,DOH000000000000278,720,2,2020-04-04,5,360,15,229,15,1,100,0,4740,3725,BICOL MEDICAL CENTER
2020-03-28 8:34:22,2020-03-28 8:34:22,500,0,109,5,3,300,0,DOH000000000000278,800,1,2020-03-28,5,95,15,15,15,1,10,0,4840,3840,BICOL MEDICAL CENTER
2020-04-10 9:38:14,2020-04-10 9:38:14,300,0,96,5,3,250,0,DOH000000000000278,650,2,2020-04-10,5,240,15,305,15,1,80,0,4620,3600,BICOL MEDICAL CENTER
2020-04-03 10:00:11,2020-04-03 10:00:11,0,0,0,7,0,0,0,DOH000000000001506,0,0,2020-04-03,5,3,18,88,15,0,50,0,1,5,CABADBARAN DISTRICT HOSPITAL
2020-04-10 14:08:30,2020-04-10 14:08:30,700,10,51,22,5,60,1,DOH000000000001873,8,19,2020-04-10,5,101,5,368,15,1,25,1,52,85,"UNIVERSIDAD DE STA. ISABEL DE NAGA, INC."
2020-04-04 13:34:04,2020-04-04 13:34:04,7390,13,484,20,2,1343,10,DOH000000000005288,41,13,2020-04-04,8,405,93,236,15,3,473,1,455,3305,"BROKENSHIRE INTEGRATED HEALTH MINISTRIES, INC."
2020-04-03 9:06:42,2020-04-03 9:06:42,150,0,12,15,3,0,7,DOH000000000032086,0,0,2020-04-03,7,0,12,80,16,2,0,0,98,14,SKYLINE HOSPITAL AND MEDICAL CENTER
2020-04-10 10:01:47,2020-04-10 10:01:47,175,0,6,15,3,0,7,DOH000000000032086,1,0,2020-04-10,7,50,12,311,16,2,0,0,81,24,SKYLINE HOSPITAL AND MEDICAL CENTER
2020-04-12 19:23:42,2020-04-12 19:23:42,500,3,50,1,3,0,1,DOH000000000005567,70,5,2020-04-12,53,22,9,623,17,3,30,1,90,15,"ILOILO DOCTORS? HOSPITAL, INCORPORATED"
2020-03-27 16:24:22,2020-03-27 16:24:22,1000,3,30,1,3,50,1,DOH000000000005567,50,17,2020-03-27,52,20,9,11,17,3,20,1,30,10,"ILOILO DOCTORS? HOSPITAL, INCORPORATED"
2020-04-03 11:38:02,2020-04-03 11:38:02,100,3,50,1,3,0,1,DOH000000000005567,80,5,2020-04-03,53,90,9,95,17,3,50,1,100,12,"ILOILO DOCTORS? HOSPITAL, INCORPORATED"
2020-04-11 11:44:56,2020-04-11 11:44:56,50,0,15,4,1,40,4,DOH000000000005002,1,12,2020-04-11,7,7,0,593,17,1,50,0,3,30,ILOCOS SUR PROVINCIAL HOSPITAL GABRIELA SILANG
2020-04-10 15:58:56,2020-04-10 15:58:56,286,0,32,15,0,34,0,DOH000000000002143,2,13,2020-04-10,24,34,60,454,18,0,21,0,12,12,BUTUAN MEDICAL CENTER
2020-04-03 16:43:11,2020-04-03 16:43:11,9800,0,10,2,0,100,7,DOH000000000003141,4,9,2020-04-03,11,150,58,200,18,1,1,1,53,171,WEST METRO MEDICAL CENTER
2020-04-10 17:06:46,2020-04-10 17:06:46,9067,24,774,19,2,1149,6,DOH000000000003313,45,3,2020-04-10,49,446,55,531,18,1,1813,5,305,176,SOUTHERN ISABELA GENERAL HOSPITAL
2020-04-03 4:18:48,2020-04-03 4:18:48,6262,24,823,19,2,739,6,DOH000000000003313,38,3,2020-04-03,49,57,55,185,18,1,1442,5,342,181,SOUTHERN ISABELA GENERAL HOSPITAL
2020-04-10 16:11:56,2020-04-10 16:11:56,200,0,10,22,2,61,0,DOH000000000007016,70,12,2020-04-10,15,50,26,479,18,3,120,0,80,20,"MARIA REYNA-XAVIER UNIVERSITY HOSPITAL, INC."
2020-04-11 9:51:29,2020-04-11 9:51:29,1500,0,10,2,0,30,0,DOH000000000000625,70,0,2020-04-11,18,360,5,587,19,0,204,0,20,18,LORENZO D. ZAYCO DISTRICT HOSPITAL
2020-04-03 16:39:55,2020-04-03 16:39:55,200,1,20,13,0,200,0,DOH000000000002694,2,0,2020-04-03,28,0,46,198,20,0,50,0,4,10,JOSE C. PAYUMO JR. MEMORIAL HOSPITAL
2020-04-10 8:14:01,2020-04-10 8:14:01,206,1,0,23,4,15335,5,DOH000000000003715,7,14,2020-04-10,16,280,24,289,21,4,45,3,100,150,THE MEDICAL CITY - ILOILO
2020-04-06 11:23:49,2020-04-06 11:23:49,0,1,0,23,4,7692,5,DOH000000000003715,1,14,2020-04-06,16,0,24,256,21,4,7,8,2,30,THE MEDICAL CITY - ILOILO
2020-04-10 15:46:46,2020-04-10 15:46:46,6,4,11,2,0,77,3,DOH000000000004707,20,0,2020-04-10,30,441,5,427,21,1,115,0,1729,20,ADELA SERRA TY MEMORIAL MEDICAL CENTER
2020-04-03 4:17:28,2020-04-03 4:17:28,6,4,11,2,0,77,3,DOH000000000004707,410,0,2020-04-03,30,551,5,183,21,1,115,0,1729,20,ADELA SERRA TY MEMORIAL MEDICAL CENTER
2020-04-07 15:43:59,2020-04-07 15:43:59,7000,0,20,21,4,0,10,DOH000000000005449,8,21,2020-04-07,9,30,84,271,23,2,9,10,50,10000,"URDANETA SACRED HEART HOSPITAL, INC."
2020-04-10 16:54:07,2020-04-10 16:54:07,176,0,30,8,2,0,10,DOH000000000002703,160,11,2020-04-10,20,120,18,528,24,2,50,3,42,92,REGION II TRAUMA AND MEDICAL CENTER      (VETERANS REGIONAL
2020-04-03 3:03:54,2020-04-03 3:03:54,2000,0,324,8,2,400,10,DOH000000000002703,11,11,2020-04-03,20,624,18,130,24,2,261,3,16,210,REGION II TRAUMA AND MEDICAL CENTER      (VETERANS REGIONAL
2020-03-27 14:04:21,2020-03-27 14:04:21,0,22,402,19,2,0,6,DOH000000000003313,40,3,2020-03-27,49,300,48,9,25,1,0,5,160,40,SOUTHERN ISABELA GENERAL HOSPITAL
2020-04-10 12:39:20,2020-04-10 12:39:20,0,0,54,41,3,302,12,DOH000000000002593,114,62,2020-04-10,48,356,162,342,25,1,20,1,7,10,MARIANO MARCOS MEMORIAL HOSPITAL AND MEDICAL CENTER
2020-04-03 4:24:59,2020-04-03 4:24:59,116,0,250,41,3,65,12,DOH000000000002593,268,62,2020-04-03,48,42,162,188,25,1,20,1,961,12,MARIANO MARCOS MEMORIAL HOSPITAL AND MEDICAL CENTER
2020-04-10 16:25:06,2020-04-10 16:25:06,323784,0,845,14,1,827,4,DOH000000000004299,207,5,2020-04-10,1,1573,68,496,26,1,1268,4,145,3093,CORAZON LOCSIN MONTELIBANO MEMORIAL REGIONAL HOSPITAL
2020-04-11 15:11:03,2020-04-11 15:11:03,100,0,118,10,2,150,2,DOH000000000004460,80,0,2020-04-11,7,190,31,604,30,1,2835,2,650,700,BULACAN MEDICAL CENTER
2020-04-06 18:01:33,2020-04-06 18:01:33,1219,0,157,18,5,1580,9,DOH000000000006037,17,10,2020-04-06,16,76,0,262,30,1,814,0,87,7,"MARY JOHNSTON HOSPITAL, INC."
2020-04-10 13:20:33,2020-04-10 13:20:33,2500,1,20,3,1,0,0,DOH000000000004529,37,3,2020-04-10,0,57,22,355,30,1,22,0,353,14000,"ADVENTIST HOSPITAL-PALAWAN, INC."
2020-04-03 3:26:08,2020-04-03 3:26:08,8000,1,20,3,1,0,0,DOH000000000004529,5,3,2020-04-03,0,57,22,143,30,1,23,0,6,130,"ADVENTIST HOSPITAL-PALAWAN, INC."
2020-04-03 18:59:24,2020-04-03 18:59:24,15,1,2,15,1,25,7,DOH000000000000272,2,4,2020-04-03,29,3,12,221,37,1,72,2,10,84,JAMES L. GORDON MEMORIAL HOSPITAL
2020-04-12 22:37:46,2020-04-12 22:37:46,900,2,264,19,2,566,7,DOH000000000002777,45,12,2020-04-12,48,950,50,624,43,1,27,1,56,31,ILOCOS TRAINING AND REGIONAL MEDICAL CENTER
2020-04-11 10:29:41,2020-04-11 10:29:41,10000,5,1346,60,3,33000,30,DOH000000000005937,4074,30,2020-04-11,100,2054,60,588,50,3,1337,5,13127,4795,VICENTE SOTTO MEMORIAL MEDICAL CENTER
2020-04-03 16:56:41,2020-04-03 16:56:41,1100,13,0,50,4,0,14,DOH000000000000273,30,54,2020-04-03,141,200,346,206,62,3,0,6,0,950,REGION I MEDICAL CENTER
2020-03-27 12:17:40,2020-03-27 12:17:40,1800,13,41,50,4,0,14,DOH000000000000273,64,54,2020-03-27,141,470,346,7,62,3,0,14,100,2243,REGION I MEDICAL CENTER
2020-04-10 13:42:03,2020-04-10 13:42:03,0,13,0,50,4,0,14,DOH000000000000273,7,54,2020-04-10,141,0,346,361,62,3,0,14,0,320,REGION I MEDICAL CENTER
2020-04-11 19:03:02,2020-04-11 19:03:02,87882,4,13042,140,3,12211,17,DOH000000000000637,230,76,2020-04-11,32,3092,108,610,124,7,1525,0,5916,10667,MAKATI MEDICAL CENTER
2020-04-03 3:21:52,2020-04-03 3:21:52,95988,5,14210,141,5,20589,14,DOH000000000000637,80,76,2020-04-03,47,2594,108,137,124,9,2176,0,6264,11855,MAKATI MEDICAL CENTER
2020-03-30 14:08:45,2020-03-30 12:26:40,66428,6,803,133,3,22089,8,DOH000000000000637,157,76,2020-03-30,29,4825,108,34,124,8,22,0,6687,12604,MAKATI MEDICAL CENTER
